data;horario;n_da_ocorrencia;tipo_de_ocorrencia;km;trecho;sentido;tipo_de_acidente;automovel;bicicleta;caminhao;moto;onibus;outros;tracao_animal;transporte_de_cargas_especiais;trator_maquinas;utilitarios;ilesos;levemente_feridos;moderadamente_feridos;gravemente_feridos;mortos
23/12/2014;09:24:00;142;sem vítima;575;BR-163/MS;Norte;Colisão Traseira - veículos;1;;;;;;;;;;2;;;;
23/12/2014;12:09:00;199;sem vítima;575;BR-163/MS;Sul;Colisão Lateral - mesmo sentido;2;;;;;;;;;;5;;;;
23/12/2014;10:11:00;163;sem vítima;831;BR-163/MS;Norte;Tombamento de Moto;;;;1;;;;;;;2;;;;
24/12/2014;05:11:00;54;sem vítima;50;BR-163/MS;Sul;Saída de Pista;1;;;;;;;;;;4;;;;
24/12/2014;20:59:00;324;com vítima;64;BR-163/MS;Sul;Colisão Frontal - veículos;1;;;1;;;;;;;1;;1;;
24/12/2014;20:18:00;315;com vítima;483;BR-163/MS;Sul;Atropelamento - Pedestre;;1;;;;;;;;;;1;;;
24/12/2014;05:12:00;55;sem vítima;562;BR-163/MS;Norte;Capotamento;1;;;;;;;;;;1;;;;
24/12/2014;18:16:00;286;com vítima;794;BR-163/MS;Norte;Colisão com Obstáculos;1;;;;;;;;;;1;;1;;
25/12/2014;17:23:00;291;com vítima;36,9;BR-163/MS;Norte;Capotamento;1;;;;;;;;;;;;1;;
25/12/2014;15:28:00;246;com vítima;150;BR-163/MS;Sul;Saída de Pista;1;;;;;;;;;;;3;;;
25/12/2014;00:54:00;3;com vítima;288,8;BR-163/MS;Sul;Colisão com Obstáculos;1;;;;;;;;;;;;1;;
25/12/2014;18:02:00;300;com vítima;431;BR-163/MS;Norte;Saída de Pista;1;;;;;;;;;;1;1;1;;
26/12/2014;15:25:00;220;com vítima;12;BR-163/MS;Norte;Atropelamento - Pedestre;1;;;;;;;;;;1;1;;;
26/12/2014;11:24:00;139;com vítima;14;BR-163/MS;Sul;Colisão Traseira - veículos;2;;;;;;;;;;1;1;;;
26/12/2014;16:46:00;248;sem vítima;283;BR-163/MS;Sul;Colisão Traseira - veículos;2;;;;;;;;;;2;;;;
26/12/2014;07:49:00;80;com vítima;408;BR-163/MS;Sul;Colisão Frontal - veículos;1;;;;;;;;;;;2;1;;2
26/12/2014;05:26:00;49;sem vítima;738;BR-163/MS;Norte;Atropelamento - Animal;1;;1;;;;;;;;1;;;;
27/12/2014;10:03:00;130;com vítima;74;BR-163/MS;Sul;Colisão Traseira - veículos;1;;;1;;;;;;;1;1;;;
27/12/2014;21:41:00;319;com vítima;240;BR-163/MS;Sul;Capotamento;1;;1;;;;;;;;1;1;2;;
27/12/2014;20:30:00;311;com vítima;254;BR-163/MS;Sul;Colisão Traseira - veículos;1;;;1;;;;;;;1;1;;;
27/12/2014;13:55:00;208;com vítima;268;BR-163/MS;Norte;Tombamento de Moto;;;;1;;;;;;;;1;;;
27/12/2014;11:54:00;174;com vítima;304;BR-163/MS;Norte;Tombamento de Moto;;;;1;;;;;;;;;2;;
27/12/2014;13:44:00;202;com vítima;426,5;BR-163/MS;Norte;Capotamento;1;;;;;;;;;;;1;2;;
27/12/2014;08:30:00;96;sem vítima;481;BR-163/MS;Norte;Colisão com Obstáculos;;;;1;;;;;;;1;;;;
27/12/2014;08:01:00;88;sem vítima;577;BR-163/MS;Norte;Colisão Traseira - veículos;3;;;;;;;;;;6;;;;
27/12/2014;11:41:00;167;sem vítima;588;BR-163/MS;Sul;Colisão Traseira - veículos;3;;;;;;;;;;3;;;;
27/12/2014;07:57:00;86;sem vítima;682,5;BR-163/MS;Norte;Colisão Traseira - veículos;2;;;;;;;;;;2;;;;
28/12/2014;20:42:00;295;com vítima;6;BR-163/MS;Sul;Tombamento de Moto;;;;1;;;;;;;1;1;;;
28/12/2014;08:19:00;94;sem vítima;92;BR-163/MS;Sul;Outros;1;;1;;;;;;;;6;;;;
28/12/2014;06:19:00;59;com vítima;308;BR-163/MS;Norte;Tombamento de Moto;;;;1;;;;;;;;1;;;
28/12/2014;23:31:00;332;com vítima;447;BR-163/MS;Sul;Atropelamento - Animal;1;;;;;;;;;;;1;;;
28/12/2014;03:06:00;37;sem vítima;464;BR-163/MS;Sul;Colisão com Obstáculos;1;;;;;;;;;;1;;;;
28/12/2014;00:17:00;4;sem vítima;499;BR-163/MS;Sul;Saída de Pista;;;;;;;;;;;1;;;;
28/12/2014;07:53:00;90;sem vítima;668,5;BR-163/MS;Sul;Colisão Traseira - veículos;2;;1;;;;;;;;3;;;;
29/12/2014;15:54:00;272;com vítima;54;BR-163/MS;Sul;Capotamento;1;;;;;;;;;;1;;3;;
29/12/2014;18:05:00;310;sem vítima;243;BR-163/MS;Norte;Colisão Traseira - veículos;2;;;;;;;;;;2;;;;
29/12/2014;07:17:00;79;sem vítima;537;BR-163/MS;Sul;Capotamento;1;;;;;;;;;;5;;;;
30/12/2014;07:42:00;135;com vítima;0,2;BR-163/MS;Norte;Colisão Lateral - sentido contrário;1;;1;;;;;;;1;2;1;;;
30/12/2014;23:21:00;417;sem vítima;350,5;BR-163/MS;Norte;Atropelamento - Animal;1;;;;;;;;;;3;;;;
30/12/2014;08:46:00;164;sem vítima;375;BR-163/MS;Norte;Colisão Lateral - mesmo sentido;1;;1;;;;;;;;2;;;;
30/12/2014;12:46:00;245;com vítima;579;BR-163/MS;Norte;Colisão Traseira - veículos;1;;;;;;;;;1;2;5;;;
31/12/2014;20:32:00;276;com vítima;280;BR-163/MS;Norte;Colisão Lateral - mesmo sentido;2;;;;;;;;;;3;1;;;
31/12/2014;00:34:00;11;sem vítima;402;BR-163/MS;Norte;Capotamento;1;;;;;;;;;;1;;;;
31/12/2014;19:50:00;267;sem vítima;450;BR-163/MS;Sul;Atropelamento - Animal;1;;;;;;;;;;1;;;;
31/12/2014;17:51:00;244;com vítima;480;BR-163/MS;Norte;Tombamento de Moto;;;;1;;;;;;;;2;;;
31/12/2014;17:30:00;240;sem vítima;549;BR-163/MS;Sul;Colisão Traseira - veículos;2;;;;;;;;;;2;;;;
01/01/2015;10:09:00;72;com vítima;9;BR-163/MS;Sul;Colisão c/ obstáculos;1;;;;;;;;;;;1;;;
01/01/2015;18:35:00;155;com vítima;105;BR-163/MS;Sul;Tombamento de moto;;;;1;;;;;;;;1;;;
01/01/2015;00:16:00;2;com vítima;280;BR-163/MS;Sul;Atropelamento - Pedestre;;;;1;;;;;;;1;2;;;
01/01/2015;01:01:00;6;com vítima;434;BR-163/MS;Sul;Colisão c/ obstáculos;1;;;;;;;;;;1;;1;;
01/01/2015;05:54:00;34;com vítima;499;BR-163/MS;Norte;Saídas de pista;1;;;;;;;;;;;1;;;
01/01/2015;17:29:00;147;com vítima;680;BR-163/MS;Sul;Colisão lateral no sentido contrário;1;;;1;;;;;;;1;1;;;
01/01/2015;21:20:00;190;sem vítima;786,8;BR-163/MS;Sul;Saídas de pista;;;1;;;;;;;;1;;;;
02/01/2015;04:57:00;33;sem vítima;7;BR-163/MS;Sul;Saída de Pista;1;;;;;;;;;;3;;;;
02/01/2015;15:10:00;212;com vítima;196;BR-163/MS;Norte;Capotamento;1;;;;;;;;;;;3;1;1;
02/01/2015;21:32:00;293;sem vítima;243;BR-163/MS;Sul;Saída de Pista;1;;;;;;;;;;3;;;;
02/01/2015;17:01:00;238;sem vítima;300;BR-163/MS;Norte;Saídas de pista;1;;;;;;;;;;1;;;;
02/01/2015;06:50:00;47;com vítima;573;BR-163/MS;Norte;Saídas de pista;1;;;;;;;;;;;5;;;
02/01/2015;14:33:00;205;com vítima;660;BR-163/MS;Norte;Colisão lateral no mesmo sentido;2;;;;;;;;;;2;2;;;
02/01/2015;15:19:00;213;sem vítima;703,6;BR-163/MS;Sul;Saídas de pista;;;;;;;;;;1;4;;;;
03/01/2015;13:21:00;206;sem vítima;93,5;BR-163/MS;Sul;Colisão com veículos (traseira);2;;1;;;;;;;;3;;;;
03/01/2015;11:31:00;180;sem vítima;248;BR-163/MS;Sul;Engavetamento;2;;;;;;;;;1;7;;;;
03/01/2015;03:30:00;42;sem vítima;362;BR-163/MS;Norte;Atropelamento - Animal;1;;;;;;;;;;3;;;;
03/01/2015;07:44:00;108;com vítima;471;BR-163/MS;Sul;Colisão c/ obstáculos;1;;1;;;;;;;;7;1;;;
03/01/2015;22:37:00;329;com vítima;482,5;BR-163/MS;Norte;Atropelamento - Pedestre;;;;1;;;;;;;2;;1;;
03/01/2015;08:56:00;133;sem vítima;507;BR-163/MS;Sul;Saídas de pista;1;;;;;;;;;;4;;;;
03/01/2015;18:32:00;295;com vítima;645;BR-163/MS;Sul;Tombamento;;;;1;;;;;;;;;2;;
03/01/2015;17:09:00;276;com vítima;821;BR-163/MS;Norte;Outros;;;;1;;;;;;;;;2;;
04/01/2015;11:31:00;128;sem vítima;77;BR-163/MS;Sul;Colisão Lateral - mesmo sentido;1;;1;;;;;;;;2;;;;
04/01/2015;18:30:00;245;com vítima;412;BR-163/MS;Norte;Colisão com veículos (traseira);1;;;2;;;;;;;2;1;1;;
04/01/2015;03:59:00;45;com vítima;478,2;BR-163/MS;Norte;Tombamento de moto;;;;1;;;;;;;;1;;;
04/01/2015;08:55:00;101;com vítima;511;BR-163/MS;Norte;Colisão Frontal - veículos;;;1;;;;;;;1;;1;;;1
04/01/2015;10:48:00;121;sem vítima;564,5;BR-163/MS;Sul;Colisão com veículos (traseira);1;;;;;;;;;1;2;;;;
05/01/2015;11:10:00;119;sem vítima;5;BR-163/MS;Sul;Colisão com veículos (traseira);1;;;;;;;;;3;4;;;;
05/01/2015;03:20:00;36;sem vítima;77;BR-163/MS;Sul;Saídas de pista;1;;;;;;;;;;1;;;;
05/01/2015;13:54:00;143;com vítima;124,5;BR-163/MS;Norte;Colisão lateral no sentido contrário;1;;;1;;;;;;;1;1;;;
05/01/2015;17:46:00;188;com vítima;130;BR-163/MS;Sul;Colisão com veículos (traseira);;;2;;;;;;;;;2;;;
05/01/2015;13:35:00;140;sem vítima;207;BR-163/MS;Sul;Colisão Traseira - veículos;2;;;;;;;;;;2;;;;
05/01/2015;17:13:00;179;sem vítima;248;BR-163/MS;Norte;Colisão com veículos (traseira);2;;;;;;;;;;2;;;;
05/01/2015;11:06:00;117;com vítima;420,2;BR-163/MS;Norte;Engavetamento;3;;;;;;;;;;3;1;;;
06/01/2015;22:33:00;422;com vítima;7;BR-163/MS;Sul;Saídas de pista;1;;;;;;;;;;1;1;;;
07/01/2015;04:31:00;52;com vítima;134;BR-163/MS;Sul;Saídas de pista;1;;;;;;;;;;;;3;;
07/01/2015;16:07:00;283;sem vítima;207;BR-163/MS;Norte;Colisão lateral no mesmo sentido;1;;1;;;;;;;;2;;;;
07/01/2015;15:11:00;273;com vítima;244;BR-163/MS;Norte;Colisão c/ obstáculos;2;;1;;;;;;;;1;4;;;
07/01/2015;08:43:00;137;sem vítima;264,5;BR-163/MS;Norte;;1;;;;;;;;;;1;;;;
07/01/2015;13:00:00;253;com vítima;363;BR-163/MS;Sul;Colisão lateral no mesmo sentido;2;;;;;;;;;;;2;2;;
07/01/2015;13:05:00;255;sem vítima;363;BR-163/MS;Sul;;1;;;;;;;;;;2;;;;
08/01/2015;11:56:00;214;com vítima;258;BR-163/MS;Norte;Colisão lateral no mesmo sentido;1;;;1;;;;;;;1;1;;;
08/01/2015;15:33:00;279;com vítima;258;BR-163/MS;Norte;Colisão lateral no mesmo sentido;2;;;;;;;;;;2;2;;;
08/01/2015;03:45:00;31;sem vítima;279;BR-163/MS;Sul;Capotamento;1;;;;;;;;;;3;;;;
08/01/2015;02:13:00;14;sem vítima;290,6;BR-163/MS;Sul;Saídas de pista;1;;;;;;;;;;4;;;;
08/01/2015;17:01:00;304;sem vítima;474;BR-163/MS;Sul;Colisão com veículos (traseira);;;1;;;;;;;;1;;;;
08/01/2015;09:42:00;167;sem vítima;556,4;BR-163/MS;Norte;Colisão c/ obstáculos;;;1;;;;;;;;1;;;;
08/01/2015;15:54:00;286;sem vítima;645;BR-163/MS;Norte;Colisão com veículos (frontal);1;;;;;;;;;;2;;;;
09/01/2015;06:00:00;54;sem vítima;13,5;BR-163/MS;Norte;Atropelamento - Animal;;;1;;;;;;;;1;;;;
09/01/2015;15:45:00;277;com vítima;198;BR-163/MS;Sul;Colisão com veículos (traseira);;;;2;;;;;;;;1;1;;
09/01/2015;09:53:00;158;sem vítima;293;BR-163/MS;Norte;Colisão Traseira - veículos;2;;;;;;;;;;2;;;;
09/01/2015;07:26:00;97;com vítima;294,5;BR-163/MS;Norte;Capotamento;1;;;;;;;;;;;3;;;
09/01/2015;04:02:00;37;com vítima;311,1;BR-163/MS;Norte;Atropelamento - Animal;1;;;;;;;;;;;2;1;;
09/01/2015;10:43:00;166;sem vítima;363;BR-163/MS;Sul;Engavetamento;1;;;;;;;;;2;4;;;;
09/01/2015;10:07:00;159;sem vítima;365;BR-163/MS;Sul;Colisão com veículos (traseira);1;;1;;;;;;;;6;;;;
10/01/2015;08:39:00;136;com vítima;6;BR-163/MS;Sul;Colisão com veículos (traseira);3;;;;;;;;;;6;;1;;
10/01/2015;10:13:00;180;com vítima;43;BR-163/MS;Norte;Colisão com veículos (frontal);;;1;1;;;;;;;1;;;1;
10/01/2015;06:36:00;70;sem vítima;268;BR-163/MS;Norte;Capotamento;1;;;;;;;;;;1;;;;
11/01/2015;07:42:00;129;com vítima;206,8;BR-163/MS;Norte;Colisão c/ obstáculos;;;;1;;;;;;;;1;;;
11/01/2015;16:06:00;309;sem vítima;433;BR-163/MS;Sul;Colisão c/ obstáculos;;;2;;;;;;;;2;;;;
11/01/2015;08:27:00;142;com vítima;456;BR-163/MS;Norte;Colisão lateral no mesmo sentido;1;;1;;;;;;;;2;2;;;
11/01/2015;22:37:00;455;sem vítima;600;BR-163/MS;Norte;Atropelamento - Animal;;;;;;;;;;1;1;;;;
12/01/2015;00:25:00;7;com vítima;95,8;BR-163/MS;Norte;Tombamento;;;;1;;;;;;;;1;;;
12/01/2015;05:06:00;74;com vítima;301;BR-163/MS;Norte;Colisão com veículos (frontal);2;;;;;;;;;;1;2;2;;
12/01/2015;06:45:00;89;sem vítima;476;BR-163/MS;Sul;Colisão lateral no mesmo sentido;1;;1;;;;;;;;2;;;;
12/01/2015;08:55:00;149;sem vítima;477;BR-163/MS;Norte;Colisão com veículos (traseira);1;;1;;;;;;;;2;;;;
12/01/2015;08:06:00;131;com vítima;483;BR-163/MS;Sul;Tombamento de Moto;;;;1;;;;;;;;1;;;
12/01/2015;07:30:00;107;sem vítima;485;BR-163/MS;Norte;Colisão com veículos (traseira);1;;;;;;;;;1;2;;;;
12/01/2015;10:15:00;179;com vítima;560;BR-163/MS;Norte;Tombamento;1;;1;;;;;;;;1;1;;;
13/01/2015;17:28:00;323;sem vítima;46;BR-163/MS;Sul;Colisão com veículos (traseira);;;2;;;;;;;;2;;;;
13/01/2015;17:36:00;324;sem vítima;108,5;BR-163/MS;Norte;Colisão com veículos (traseira);1;;1;;;;;;;;2;;;;
13/01/2015;08:10:00;110;sem vítima;172,5;BR-163/MS;Norte;Colisão com veículos (traseira);1;;1;;;;;;;;3;;;;
13/01/2015;15:23:00;280;sem vítima;527;BR-163/MS;Sul;Colisão Traseira - veículos;2;;;;;;;;;;2;;;;
13/01/2015;15:13:00;271;com vítima;540;BR-163/MS;Sul;Colisão com veículos (traseira);2;;;;;;;;;;4;2;;;
13/01/2015;05:41:00;61;sem vítima;671;BR-163/MS;Sul;Saídas de pista;1;;;;;;;;;;1;;;;
13/01/2015;05:34:00;59;com vítima;710,8;BR-163/MS;Norte;Capotamento;1;;;;;;;;;;1;2;;;
13/01/2015;13:12:00;223;sem vítima;828;BR-163/MS;Norte;Colisão lateral no mesmo sentido;1;;1;;;;;;;;2;;;;
14/01/2015;10:57:00;159;com vítima;123;BR-163/MS;Norte;Colisão com veículos (traseira);;;1;;;;;;;1;1;2;;;
14/01/2015;09:40:00;121;com vítima;162;BR-163/MS;Norte;Tombamento;;;1;;;;;;;;;1;;;
14/01/2015;05:47:00;45;com vítima;174;BR-163/MS;Sul;Tombamento de moto;;;;1;;;;;;;;1;1;;
14/01/2015;13:25:00;186;com vítima;228;BR-163/MS;Sul;Colisão com veículos (traseira);;;1;;1;;;;;;1;21;;;
14/01/2015;09:42:00;123;sem vítima;254;BR-163/MS;Norte;Saídas de pista;;;1;;;;;;;;1;;;;
14/01/2015;16:41:00;234;sem vítima;381;BR-163/MS;Sul;Saídas de pista;;;1;;;;;;;1;2;;;;
14/01/2015;13:25:00;185;sem vítima;561;BR-163/MS;Norte;;;;;;;;;;;;1;;;;
14/01/2015;13:31:00;189;com vítima;561;BR-163/MS;Norte;Engavetamento;1;;1;;;;;;;2;3;1;;;
15/01/2015;10:00:00;145;com vítima;32,3;BR-163/MS;Norte;Colisão lateral no sentido contrário;;;3;;;;;;;;2;;;;1
15/01/2015;14:30:00;215;com vítima;238;BR-163/MS;Norte;Saídas de pista;1;;;;;;;;;;;2;1;;
15/01/2015;11:19:00;167;sem vítima;247;BR-163/MS;Norte;Colisão com veículos (traseira);;;;;;;;;;2;2;;;;
15/01/2015;16:21:00;259;com vítima;475;BR-163/MS;Sul;Colisão lateral no sentido contrário;1;;;1;;;;;;;2;;1;;
15/01/2015;07:31:00;76;com vítima;488,5;BR-163/MS;Sul;Saídas de pista;1;;;;;;;;;;;;1;;
15/01/2015;11:30:00;171;sem vítima;503;BR-163/MS;Sul;Saídas de pista;1;;;;;;;;;;1;;;;
15/01/2015;16:03:00;252;sem vítima;532;BR-163/MS;Sul;Colisão com veículos (traseira);;;2;;;;;;;;2;;;;
16/01/2015;14:51:00;233;sem vítima;233;BR-163/MS;Norte;Engavetamento;3;;;;;;;;;;4;;;;
16/01/2015;10:17:00;171;com vítima;238;BR-163/MS;Sul;Engavetamento;1;;3;;;1;;;;;9;1;1;;
16/01/2015;21:37:00;352;sem vítima;247;BR-163/MS;Sul;Colisão c/ obstáculos;;;;1;;;;;;;1;;;;
16/01/2015;00:33:00;5;com vítima;383;BR-163/MS;Sul;Colisão Frontal - veículos;1;;1;;;;;;;;1;;;1;4
16/01/2015;17:30:00;277;sem vítima;473,5;BR-163/MS;Sul;Tombamento;;;;1;;;;;;;1;;;;
16/01/2015;16:56:00;268;sem vítima;638;BR-163/MS;Norte;Colisão lateral no mesmo sentido;;;2;;;;;;;;2;;;;
16/01/2015;16:30:00;264;com vítima;665,9;BR-163/MS;Sul;Tombamento;;;1;;;;;;;;;3;;;
17/01/2015;15:39:00;266;sem vítima;16;BR-163/MS;Norte;Colisão Traseira - veículos;2;;;;;;;;;;5;;;;
17/01/2015;05:23:00;58;com vítima;254;BR-163/MS;Sul;Tombamento de moto;;;;;;1;;;;;;1;;;
17/01/2015;10:58:00;151;sem vítima;280;BR-163/MS;Norte;Colisão Traseira - veículos;1;;;;1;;;;;;4;;;;
17/01/2015;02:57:00;32;sem vítima;387;BR-163/MS;Norte;Saídas de pista;1;;;;;;;;;;1;;;;
17/01/2015;20:09:00;349;sem vítima;662;BR-163/MS;Norte;Colisão com veículos (traseira);;;1;;;;;;;1;2;;;;
17/01/2015;19:31:00;336;sem vítima;825,8;BR-163/MS;Sul;Capotamento;1;;;;;;;;;;1;;;;
18/01/2015;14:18:00;252;sem vítima;151,3;BR-163/MS;Sul;Saídas de pista;1;;;;;;;;;;1;;;;
18/01/2015;17:14:00;311;sem vítima;181;BR-163/MS;Norte;Saída de Pista;1;;;;;;;;;;1;;;;
18/01/2015;18:14:00;323;sem vítima;285,5;BR-163/MS;Norte;Saídas de pista;2;;;;;;;;;;2;;;;
18/01/2015;17:04:00;308;com vítima;456;BR-163/MS;Norte;Colisão lateral no sentido contrário;1;;;1;;;;;;;1;;1;;
18/01/2015;13:01:00;231;sem vítima;475;BR-163/MS;Norte;Colisão Traseira - veículos;2;;1;;;;;;;;3;;;;
18/01/2015;21:25:00;375;com vítima;482;BR-163/MS;Norte;Colisão com veículos (frontal);1;;1;;;;;;;;1;1;;2;
18/01/2015;16:01:00;290;com vítima;485;BR-163/MS;Sul;Colisão lateral no mesmo sentido;1;;;1;;;;;;;1;;2;;
18/01/2015;04:26:00;50;com vítima;689,9;BR-163/MS;Sul;Capotamento;1;;;;;;;;;;;2;;;1
18/01/2015;17:17:00;313;com vítima;695;BR-163/MS;Norte;Capotamento;1;;1;;;;;;;;1;4;;;
19/01/2015;13:05:00;226;com vítima;35,4;BR-163/MS;Norte;Colisão com veículos (traseira);1;;;;;;;;;1;;2;;;
19/01/2015;16:48:00;315;sem vítima;52;BR-163/MS;Sul;Saídas de pista;1;;;;;;;;;;2;;;;
19/01/2015;17:03:00;323;com vítima;124;BR-163/MS;Norte;Colisão lateral no mesmo sentido;;;1;1;;;;;;;1;;;;1
19/01/2015;02:45:00;27;sem vítima;258;BR-163/MS;Norte;Saídas de pista;1;;;;;;;;;;1;;;;
19/01/2015;15:11:00;276;sem vítima;485;BR-163/MS;Sul;Colisão com veículos (traseira);2;;;;;;;;;1;7;;;;
19/01/2015;21:32:00;388;sem vítima;616;BR-163/MS;Norte;Colisão lateral no sentido contrário;1;;;;;;;;;;1;;;;
20/01/2015;11:06:00;223;sem vítima;2;BR-163/MS;Norte;Colisão Traseira - veículos;2;;;;;;;;;;2;;;;
20/01/2015;13:20:00;276;com vítima;289,3;BR-163/MS;Norte;Capotamento;1;;;;;;;;;;;1;;;
20/01/2015;10:24:00;204;sem vítima;366,5;BR-163/MS;Sul;Colisão com veículos (traseira);2;;;;;;;;;;5;;;;
20/01/2015;19:59:00;383;com vítima;422;BR-163/MS;Norte;Colisão c/ obstáculos;1;;1;;;;;;;;4;2;;;
20/01/2015;09:17:00;178;com vítima;477;BR-163/MS;Sul;Colisão lateral no sentido contrário;2;;;;;;;;;;2;1;1;;
20/01/2015;10:07:00;199;sem vítima;491;BR-163/MS;Sul;Colisão com veículos (traseira);;;;;;;;;;2;2;;;;
20/01/2015;05:09:00;72;sem vítima;505;BR-163/MS;Sul;Tombamento de moto;;;;1;;;;;;;1;;;;
20/01/2015;17:41:00;352;sem vítima;661;BR-163/MS;Sul;Saídas de pista;;;1;;;;;;;;1;;;;
21/01/2015;17:59:00;376;com vítima;183,9;BR-163/MS;Sul;Colisão lateral no sentido contrário;;;;1;;;;;;1;2;;;2;
21/01/2015;15:46:00;320;sem vítima;221;BR-163/MS;Sul;Colisão lateral no mesmo sentido;;;1;;;;;;;1;2;;;;
21/01/2015;13:06:00;251;sem vítima;364;BR-163/MS;Norte;Engavetamento;2;;1;;;;;;;;3;;;;
21/01/2015;14:28:00;283;sem vítima;483;BR-163/MS;Sul;Colisão lateral no mesmo sentido;1;;;1;;;;;;;2;;;;
21/01/2015;20:58:00;428;sem vítima;721,5;BR-163/MS;Norte;Atropelamento - Animal;1;;;;;;;;;;1;;;;
21/01/2015;13:22:00;258;sem vítima;842,3;BR-163/MS;Sul;Colisão Lateral - mesmo sentido;1;;1;;;;;;;;4;;;;
22/01/2015;14:21:00;283;sem vítima;38,3;BR-163/MS;Norte;Colisão com veículos (traseira);1;;;;;;;;;1;4;;;;
22/01/2015;04:27:00;41;sem vítima;65,8;BR-163/MS;Norte;Atropelamento - Animal;1;;;;;;;;;;15;;;;
22/01/2015;17:01:00;357;sem vítima;397;BR-163/MS;Sul;Saídas de pista;1;;;;;;;;;;2;;;;
22/01/2015;07:02:00;70;com vítima;399;BR-163/MS;Norte;Colisão lateral no mesmo sentido;1;;1;;;;;;;1;2;1;;;
22/01/2015;11:45:00;208;sem vítima;413,6;BR-163/MS;Sul;Colisão com veículos (traseira);2;;;;;;;;;;2;;;;
23/01/2015;12:14:00;244;sem vítima;1,8;BR-163/MS;Norte;Colisão com veículos (traseira);2;;;;;;;;;;2;;;;
23/01/2015;09:07:00;174;sem vítima;257;BR-163/MS;Norte;Colisão lateral no mesmo sentido;1;;;;;;;;;;1;;;;
23/01/2015;15:24:00;307;sem vítima;311;BR-163/MS;Norte;Saídas de pista;1;;;;;;;;;;1;;;;
23/01/2015;08:22:00;147;sem vítima;364;BR-163/MS;Sul;Colisão lateral no mesmo sentido;1;;1;;;;;;;;6;;;;
23/01/2015;20:03:00;385;sem vítima;444;BR-163/MS;Sul;;1;;;;;;;;;;1;;;;
23/01/2015;12:30:00;248;sem vítima;449;BR-163/MS;Sul;Colisão com veículos (traseira);;;2;;;;;;;;2;;;;
23/01/2015;07:43:00;127;com vítima;490;BR-163/MS;Sul;Tombamento;;;1;;;;;;;;;1;;;
23/01/2015;00:56:00;7;sem vítima;586;BR-163/MS;Norte;Atropelamento - Animal;1;;;;;;;;;;1;;;;
23/01/2015;18:48:00;372;sem vítima;675;BR-163/MS;Norte;Tombamento;;;1;;;;;;;;1;;;;
23/01/2015;23:37:00;435;sem vítima;783;BR-163/MS;Sul;Atropelamento - Animal;1;;;;;;;;;;1;;;;
23/01/2015;04:23:00;65;sem vítima;841;BR-163/MS;Norte;Atropelamento - Animal;;;1;;;;;;;;1;;;;
24/01/2015;23:28:00;412;sem vítima;18;BR-163/MS;Sul;Colisão lateral no mesmo sentido;1;;;1;;;;;;;2;;;;
24/01/2015;01:39:00;20;com vítima;95;BR-163/MS;Sul;Capotamento;1;;;;;;;;;;;1;;;
24/01/2015;01:13:00;12;sem vítima;269;BR-163/MS;Norte;Colisão com veículos (traseira);2;;;;;;;;;;2;;;;
24/01/2015;18:43:00;356;com vítima;314;BR-163/MS;Sul;Tombamento de moto;;;;1;;;;;;;;1;;;
24/01/2015;18:47:00;358;sem vítima;489;BR-163/MS;Sul;Colisão lateral no mesmo sentido;1;;;;;;;;;;5;;;;
25/01/2015;13:55:00;212;sem vítima;140,5;BR-163/MS;Norte;Capotamento;;;1;;;;;;;;2;;;;
25/01/2015;14:38:00;227;sem vítima;365;BR-163/MS;Norte;Colisão com veículos (traseira);1;;1;;;;;;;;2;;;;
25/01/2015;20:16:00;317;sem vítima;365;BR-163/MS;Norte;Colisão com veículos (frontal);;;1;;;;;;;;1;;;;
25/01/2015;08:55:00;98;com vítima;687;BR-163/MS;Norte;Capotamento;;;;;;;;;;1;;1;;;
25/01/2015;18:44:00;295;com vítima;840,2;BR-163/MS;Norte;Colisão com veículos (traseira);1;;1;;;;;;;1;4;1;1;;
26/01/2015;18:43:00;324;com vítima;261;BR-163/MS;Sul;Saídas de pista;1;;;;;;;;;;;1;;;
26/01/2015;22:50:00;377;sem vítima;285;BR-163/MS;Sul;Saída de Pista;1;;1;;;;;;;;2;;;;