data;horario;n_da_ocorrencia;tipo_de_ocorrencia;km;trecho;sentido;tipo_de_acidente;automovel;bicicleta;caminhao;moto;onibus;outros;tracao_animal;transporte_de_cargas_especiais;trator_maquinas;utilitarios;ilesos;levemente_feridos;moderadamente_feridos;gravemente_feridos;mortos
17/07/2015;03:42:00;43;sem vítima;351,2;BR-163/MS;Norte;Saídas de pista;0;0;1;0;0;0;0;0;0;0;1;0;0;0;0
17/07/2015;12:46:00;228;sem vítima;364;BR-163/MS;Norte;Colisão c/ obstáculos;1;0;0;0;0;0;0;0;0;1;2;0;0;0;0
17/07/2015;06:52:00;69;sem vítima;474;BR-163/MS;Norte;Colisão c/ obstáculos;1;0;0;0;0;0;0;0;0;1;4;0;0;0;0
18/07/2015;10:38:00;156;sem vítima;24;BR-163/MS;Sul;Colisão c/ obstáculos;0;0;2;0;0;0;0;0;0;1;3;0;0;0;0
18/07/2015;10:09:00;147;com vítima;35;BR-163/MS;Norte;Engavetamento;3;0;0;0;0;0;0;0;0;0;5;4;0;0;0
18/07/2015;15:43:00;279;com vítima;164;BR-163/MS;Sul;Capotamento;1;0;0;0;0;0;0;0;0;0;0;1;0;0;0
18/07/2015;06:17:00;53;sem vítima;185;BR-163/MS;Sul;Saídas de pista;1;0;0;0;0;0;0;0;0;0;4;0;0;0;0
18/07/2015;15:23:00;265;com vítima;477;BR-163/MS;Norte;Tombamento;0;0;0;1;0;0;0;0;0;0;0;1;1;0;0
18/07/2015;20:25:00;344;com vítima;485;BR-163/MS;Norte;Colisão c/ obstáculos;1;0;0;1;0;0;0;0;0;0;1;1;0;0;0
18/07/2015;18:04:00;322;com vítima;512;BR-163/MS;Norte;Engavetamento;3;0;0;0;1;0;0;0;0;0;7;0;1;0;0
18/07/2015;18:29:00;327;com vítima;630;BR-163/MS;Norte;Colisão com veículos (frontal);1;0;0;0;0;1;0;0;0;0;1;0;3;0;0
19/07/2015;15:42:00;247;sem vítima;24;BR-163/MS;Sul;Colisão c/ obstáculos;0;0;2;0;0;0;0;0;1;0;2;0;0;0;0
19/07/2015;18:53:00;298;com vítima;175;BR-163/MS;Norte;Tombamento;0;0;0;1;0;0;0;0;0;0;1;1;0;0;0
19/07/2015;14:51:00;230;com vítima;258;BR-163/MS;Norte;Colisão lateral no mesmo sentido;1;0;0;1;0;0;0;0;0;0;1;1;0;0;0
19/07/2015;16:11:00;253;sem vítima;281;BR-163/MS;Norte;Colisão c/ obstáculos;1;0;1;0;0;0;0;0;0;0;2;0;0;0;0
19/07/2015;17:51:00;280;com vítima;313,7;BR-163/MS;Norte;Colisão c/ obstáculos;0;1;0;1;0;0;0;0;0;0;0;2;0;0;0
19/07/2015;20:44:00;321;sem vítima;497;BR-163/MS;Norte;Colisão lateral no mesmo sentido;0;0;3;0;0;1;0;0;0;0;9;0;0;0;0
19/07/2015;18:27:00;292;com vítima;800;BR-163/MS;Norte;Colisão com veículos (frontal);0;0;1;1;0;0;0;0;0;0;0;1;0;0;1
20/07/2015;21:10:00;333;sem vítima;224,93;BR-163/MS;Sul;Tombamento;0;0;1;0;0;0;0;0;0;0;1;0;0;0;0
20/07/2015;07:33:00;77;sem vítima;225;BR-163/MS;Sul;Colisão c/ obstáculos;0;0;0;0;0;0;0;0;0;2;2;0;0;0;0
20/07/2015;05:58:00;46;sem vítima;386;BR-163/MS;Norte;Colisão lateral no mesmo sentido;2;0;0;0;0;0;0;0;0;0;6;0;0;0;0
20/07/2015;03:09:00;34;com vítima;405;BR-163/MS;Norte;Atropelamento - Animal;1;0;0;0;0;0;0;0;0;0;2;2;0;0;0
20/07/2015;17:53:00;289;sem vítima;690;BR-163/MS;Norte;Atropelamento - Animal;0;0;1;0;0;0;0;0;0;0;1;0;0;0;0
21/07/2015;21:22:00;388;sem vítima;277;BR-163/MS;Sul;Atropelamento - Animal;1;0;0;0;0;0;0;0;0;0;1;0;0;0;0
21/07/2015;19:24:00;363;sem vítima;337;BR-163/MS;Norte;Atropelamento - Animal;0;0;0;0;1;0;0;0;0;0;1;0;0;0;0
21/07/2015;18:15:00;339;sem vítima;476;BR-163/MS;Norte;Colisão c/ obstáculos;0;0;2;0;0;0;0;0;0;0;3;0;0;0;0
21/07/2015;15:17:00;288;com vítima;490;BR-163/MS;Sul;Tombamento;0;0;1;1;0;0;0;0;0;0;1;0;1;0;0
21/07/2015;06:33:00;47;sem vítima;593;BR-163/MS;Norte;Capotamento;1;0;0;0;0;0;0;0;0;0;3;0;0;0;0
21/07/2015;20:53:00;380;sem vítima;820;BR-163/MS;Norte;Colisão lateral no mesmo sentido;1;0;1;0;0;0;0;0;0;0;2;0;0;0;0
22/07/2015;21:12:00;371;com vítima;20;BR-163/MS;Sul;Tombamento;0;0;1;0;0;0;0;0;0;0;1;1;0;0;0
22/07/2015;07:36:00;75;com vítima;136,4;BR-163/MS;Sul;Saídas de pista;1;0;0;0;0;0;0;0;0;0;0;0;0;2;0
22/07/2015;18:03:00;333;com vítima;209;BR-163/MS;Norte;Colisão c/ obstáculos;0;0;1;1;0;0;0;0;0;0;1;0;0;1;0
22/07/2015;18:56:00;342;sem vítima;225;BR-163/MS;Norte;Colisão c/ obstáculos;1;0;0;0;0;0;0;0;0;0;1;0;0;0;0
22/07/2015;20:53:00;365;sem vítima;317;BR-163/MS;Sul;Saídas de pista;1;0;0;0;0;0;0;0;0;0;2;0;0;0;0
22/07/2015;17:52:00;330;com vítima;444;BR-163/MS;Norte;Capotamento;1;0;1;0;0;0;0;0;0;0;2;3;1;0;0
22/07/2015;14:29:00;234;com vítima;465;BR-163/MS;Norte;Tombamento;0;0;0;1;0;0;0;0;0;0;0;1;0;0;0
22/07/2015;07:07:00;63;sem vítima;485,486;BR-163/MS;Norte;Colisão c/ obstáculos;1;0;0;0;0;0;0;0;0;1;4;0;0;0;0
23/07/2015;22:34:00;368;com vítima;113,9;BR-163/MS;Sul;Tombamento;0;0;0;1;0;0;0;0;0;0;0;1;0;0;0
23/07/2015;05:39:00;66;sem vítima;307;BR-163/MS;Sul;Saídas de pista;0;0;0;0;0;0;0;0;0;1;1;0;0;0;0
23/07/2015;23:27:00;377;sem vítima;346,1;BR-163/MS;Norte;Saídas de pista;1;0;0;0;0;0;0;0;0;0;4;0;0;0;0
23/07/2015;11:10:00;178;com vítima;478,2;BR-163/MS;Norte;Colisão c/ obstáculos;1;0;0;0;0;0;0;0;0;1;1;0;1;0;0
23/07/2015;22:36:00;369;sem vítima;490;BR-163/MS;Sul;Atropelamento - Animal;0;0;1;0;0;0;0;0;0;0;1;0;0;0;0
23/07/2015;14:44:00;232;sem vítima;654;BR-163/MS;Sul;Colisão c/ obstáculos;0;0;1;0;0;0;0;0;0;0;1;0;0;0;0
23/07/2015;21:23:00;341;sem vítima;735;BR-163/MS;Norte;Atropelamento - Animal;0;0;0;0;1;0;0;0;0;0;1;0;0;0;0
24/07/2015;07:36:00;78;sem vítima;0,5;BR-163/MS;Sul;Colisão c/ obstáculos;2;0;0;0;0;0;0;0;0;0;2;0;0;0;0
24/07/2015;20:16:00;320;sem vítima;7;BR-163/MS;Sul;Colisão c/ obstáculos;1;0;0;0;0;1;0;0;0;0;2;0;0;0;0
24/07/2015;06:01:00;43;sem vítima;539;BR-163/MS;Norte;Colisão lateral no mesmo sentido;1;0;1;0;0;0;0;0;0;0;4;0;0;0;0
25/07/2015;16:05:00;348;com vítima;137,2;BR-163/MS;Norte;Capotamento;1;0;0;0;0;0;0;0;0;0;0;4;0;0;0
25/07/2015;16:28:00;360;com vítima;256;BR-163/MS;Norte;Colisão lateral no mesmo sentido;2;0;0;0;0;0;0;0;0;0;1;1;0;0;0
25/07/2015;08:32:00;120;sem vítima;432;BR-163/MS;Norte;Colisão c/ obstáculos;0;0;2;0;0;0;0;0;0;0;2;0;0;0;0
26/07/2015;04:55:00;42;sem vítima;208;BR-163/MS;Sul;Colisão c/ obstáculos;2;0;0;0;0;0;0;0;0;0;2;0;0;0;0
26/07/2015;16:35:00;345;sem vítima;258;BR-163/MS;Norte;Engavetamento;2;0;0;0;0;0;0;0;0;0;3;0;0;0;0
27/07/2015;23:13:00;478;sem vítima;246,15;BR-163/MS;Norte;Atropelamento - Animal;1;0;0;0;0;0;0;0;0;0;2;0;0;0;0
27/07/2015;06:42:00;108;com vítima;258;BR-163/MS;Norte;Colisão lateral no mesmo sentido;0;0;1;1;0;0;0;0;0;0;1;1;0;0;0
27/07/2015;17:53:00;408;com vítima;286;BR-163/MS;Norte;Atropelamento - Animal;0;0;0;1;0;0;0;0;0;0;0;0;1;0;0
27/07/2015;22:14:00;465;sem vítima;378;BR-163/MS;Norte;Atropelamento - Animal;1;0;0;0;0;0;0;0;0;0;2;0;0;0;0
27/07/2015;15:22:00;365;sem vítima;410;BR-163/MS;Norte;Tombamento;0;0;0;1;0;0;0;0;0;0;1;0;0;0;0
27/07/2015;07:37:00;134;com vítima;440;BR-163/MS;Sul;Saídas de pista;1;0;0;0;0;0;0;0;0;0;0;1;0;0;0
27/07/2015;18:11:00;411;com vítima;481,5;BR-163/MS;Norte;Colisão lateral no mesmo sentido;1;0;0;1;0;0;0;0;0;0;1;1;0;0;0
27/07/2015;05:43:00;92;sem vítima;508;BR-163/MS;Norte;Atropelamento - Animal;1;0;0;0;0;1;0;0;0;0;2;0;0;0;0
28/07/2015;07:39:00;78;com vítima;6;BR-163/MS;Norte;Engavetamento;1;0;1;1;0;0;0;0;0;0;4;1;0;0;0
28/07/2015;14:05:00;218;sem vítima;114;BR-163/MS;Norte;Colisão c/ obstáculos;0;0;2;0;0;0;0;0;0;0;2;0;0;0;0
28/07/2015;15:19:00;252;sem vítima;566;BR-163/MS;Norte;Colisão lateral no mesmo sentido;0;0;2;0;0;0;0;0;0;0;2;0;0;0;0
28/07/2015;19:43:00;322;sem vítima;751,6;BR-163/MS;Norte;Atropelamento - Animal;1;0;0;0;0;0;0;0;0;0;1;0;0;0;0
29/07/2015;12:48:00;287;sem vítima;254;BR-163/MS;Sul;Tombamento;0;0;1;0;0;0;0;0;0;0;1;0;0;0;0
29/07/2015;18:04:00;398;sem vítima;256;BR-163/MS;Sul;Colisão c/ obstáculos;1;0;1;0;0;0;0;0;0;0;5;0;0;0;0
29/07/2015;10:21:00;215;sem vítima;462;BR-163/MS;Norte;Colisão lateral no mesmo sentido;1;0;1;0;0;0;0;0;0;0;2;0;0;0;0
29/07/2015;09:19:00;171;sem vítima;477;BR-163/MS;Norte;Colisão lateral no mesmo sentido;2;0;0;0;0;0;0;0;0;0;2;0;0;0;0
29/07/2015;22:42:00;466;sem vítima;505;BR-163/MS;Norte;Colisão c/ obstáculos;0;0;2;0;0;0;0;0;0;0;2;0;0;0;0
29/07/2015;12:59:00;291;sem vítima;600;BR-163/MS;Norte;Colisão c/ obstáculos;1;0;0;0;0;0;0;0;0;1;2;0;0;0;0
30/07/2015;16:43:00;393;sem vítima;37,8;BR-163/MS;Norte;Engavetamento;1;0;2;0;0;0;0;0;0;0;4;0;0;0;0
30/07/2015;17:52:00;417;com vítima;599;BR-163/MS;Norte;Atropelamento - Pedestre;0;0;1;0;0;0;0;0;0;0;1;0;1;0;0
30/07/2015;12:55:00;276;com vítima;615;BR-163/MS;Norte;Colisão lateral no mesmo sentido;1;0;0;1;0;0;0;0;0;0;1;2;0;0;0
30/07/2015;06:23:00;91;sem vítima;619;BR-163/MS;Norte;Atropelamento - Animal;1;0;0;0;0;0;0;0;0;0;1;0;0;0;0
30/07/2015;07:20:00;121;com vítima;677;BR-163/MS;Sul;Colisão com veículos (frontal);0;0;1;0;0;0;0;0;0;1;1;1;0;0;1
30/07/2015;21:08:00;456;sem vítima;798;BR-163/MS;Norte;Atropelamento - Animal;0;0;1;0;0;0;0;0;0;0;1;0;0;0;0
31/07/2015;19:37:00;392;sem vítima;30,61;BR-163/MS;Norte;Colisão c/ obstáculos;0;0;0;0;0;0;0;0;0;1;1;0;0;0;0
31/07/2015;22:43:00;428;com vítima;485,8;BR-163/MS;Norte;Colisão lateral no mesmo sentido;2;0;1;0;0;0;0;0;0;0;1;0;2;0;0
31/07/2015;15:15:00;320;sem vítima;517,8;BR-163/MS;Norte;Tombamento;0;0;1;0;0;0;0;0;0;0;1;0;0;0;0
01/08/2015;21:29:00;282;sem vítima;225,4;BR-163/MS;Norte;Colisão c/ obstáculos;1;0;0;0;0;0;0;0;0;0;1;0;0;0;0
01/08/2015;02:46:00;23;com vítima;268;BR-163/MS;Norte;Colisão c/ obstáculos;1;0;0;0;0;0;0;0;0;0;0;0;1;0;0
01/08/2015;19:00:00;249;com vítima;287;BR-163/MS;Norte;Colisão com veículos (traseira);1;0;0;0;0;1;0;0;0;0;1;1;0;0;0
01/08/2015;22:52:00;293;sem vítima;302,24;BR-163/MS;Norte;Saídas de pista;0;0;1;0;0;0;0;0;0;0;1;0;0;0;0
01/08/2015;23:35:00;296;sem vítima;484,5;BR-163/MS;Norte;Capotamento;1;0;0;0;0;0;0;0;0;0;2;0;0;0;0
01/08/2015;08:59:00;93;com vítima;486;BR-163/MS;Norte;Colisão lateral no sentido contrário;1;0;0;1;0;0;0;0;0;0;1;0;1;0;0
01/08/2015;22:17:00;286;com vítima;622;BR-163/MS;Norte;Tombamento;0;0;1;0;0;0;0;0;0;0;0;1;0;0;0
03/08/2015;16:21:00;331;sem vítima;6;BR-163/MS;Norte;Colisão com veículos (traseira);1;0;1;0;0;0;0;0;0;0;2;0;0;0;0
03/08/2015;13:16:00;249;sem vítima;104;BR-163/MS;Norte;Saídas de pista;0;0;1;0;0;0;0;0;0;0;1;0;0;0;0
03/08/2015;15:46:00;317;com vítima;339;BR-163/MS;Sul;Tombamento de moto;0;0;0;1;0;0;0;0;0;0;0;0;2;0;0
03/08/2015;23:20:00;443;sem vítima;382;BR-163/MS;Norte;Atropelamento - Animal;0;0;0;0;0;0;0;0;0;1;1;0;0;0;0
03/08/2015;10:50:00;204;com vítima;412;BR-163/MS;Sul;Capotamento;1;0;0;0;0;0;0;0;0;0;0;3;0;0;0
03/08/2015;10:14:00;177;com vítima;469,3;BR-163/MS;Norte;Colisão lateral no mesmo sentido;0;0;1;0;0;1;0;0;0;1;2;1;0;0;0
04/08/2015;18:04:00;319;com vítima;516;BR-163/MS;Norte;Tombamento;0;0;1;0;0;0;0;0;0;0;0;0;1;0;0
04/08/2015;15:50:00;282;sem vítima;615;BR-163/MS;Norte;Colisão lateral no mesmo sentido;1;0;0;1;0;0;0;0;0;0;3;0;0;0;0
04/08/2015;13:27:00;219;sem vítima;729,5;BR-163/MS;Norte;Colisão com veículos (traseira);0;0;1;0;0;0;0;0;0;1;2;0;0;0;0
05/08/2015;18:54:00;363;sem vítima;209,5;BR-163/MS;Sul;Atropelamento - Animal;1;0;0;0;0;0;0;0;0;0;1;0;0;0;0
05/08/2015;05:26:00;34;sem vítima;436;BR-163/MS;Sul;Atropelamento - Animal;1;0;0;0;0;0;0;0;0;0;2;0;0;0;0
05/08/2015;09:25:00;159;sem vítima;666;BR-163/MS;Sul;Tombamento;0;0;1;0;0;2;0;0;0;0;3;0;0;0;0
06/08/2015;12:20:00;271;sem vítima;2,3;BR-163/MS;Norte;Colisão com veículos (traseira);2;0;0;0;0;0;0;0;0;0;3;0;0;0;0
06/08/2015;16:24:00;386;sem vítima;6;BR-163/MS;Sul;Colisão lateral no mesmo sentido;1;0;1;0;0;0;0;0;0;0;2;0;0;0;0
06/08/2015;05:10:00;36;sem vítima;396;BR-163/MS;Norte;Colisão c/ obstáculos;0;0;0;0;0;0;0;0;0;1;1;0;0;0;0
06/08/2015;00:57:00;9;sem vítima;695,4;BR-163/MS;Norte;Atropelamento - Animal;0;0;0;0;1;0;0;0;0;0;30;0;0;0;0
07/08/2015;21:10:00;430;sem vítima;102;BR-163/MS;Norte;Colisão lateral no mesmo sentido;1;0;1;0;0;0;0;0;0;0;6;0;0;0;0
07/08/2015;18:07:00;389;com vítima;207;BR-163/MS;Norte;Colisão lateral no sentido contrário;1;0;0;0;0;0;0;0;0;1;2;0;1;0;0
07/08/2015;08:29:00;142;sem vítima;271;BR-163/MS;Norte;Colisão com veículos (traseira);2;0;0;0;0;0;0;0;0;0;3;0;0;0;0
07/08/2015;13:45:00;292;sem vítima;317;BR-163/MS;Norte;Engavetamento;0;0;1;0;0;0;0;0;0;2;3;0;0;0;0
07/08/2015;14:51:00;320;com vítima;492;BR-163/MS;Norte;Colisão lateral no sentido contrário;2;0;0;0;0;0;0;0;0;0;2;1;0;0;0
08/08/2015;04:43:00;48;com vítima;40;BR-163/MS;Norte;Capotamento;1;0;0;0;0;0;0;0;0;0;0;1;0;0;0
08/08/2015;16:01:00;263;com vítima;207;BR-163/MS;Sul;Colisão c/ obstáculos;0;0;1;1;0;0;0;0;0;0;1;0;0;1;0
08/08/2015;20:13:00;329;sem vítima;390;BR-163/MS;Sul;Colisão com veículos (traseira);1;0;0;0;0;1;0;0;0;0;6;0;0;0;0
08/08/2015;19:17:00;317;sem vítima;792;BR-163/MS;Norte;Atropelamento - Animal;0;0;1;0;0;0;0;0;0;0;1;0;0;0;0
09/08/2015;09:10:00;121;sem vítima;225;BR-163/MS;Sul;Tombamento de moto;0;0;0;1;0;0;0;0;0;0;1;0;0;0;0
09/08/2015;23:02:00;338;com vítima;461,5;BR-163/MS;Norte;Capotamento;0;0;1;0;0;0;0;0;0;0;0;0;1;0;0
09/08/2015;01:26:00;20;com vítima;466;BR-163/MS;Norte;Capotamento;1;0;0;0;0;0;0;0;0;0;4;2;0;0;0
09/08/2015;19:23:00;281;sem vítima;495;BR-163/MS;Norte;Tombamento de moto;0;0;0;1;0;0;0;0;0;0;1;0;0;0;0
09/08/2015;20:05:00;290;com vítima;505;BR-163/MS;Norte;Colisão com veículos (traseira);0;0;0;1;0;1;0;0;0;0;1;1;1;0;0
09/08/2015;21:41:00;318;sem vítima;508,5;BR-163/MS;Sul;Atropelamento - Animal;1;0;0;0;0;0;0;0;0;0;1;0;0;0;0
09/08/2015;05:36:00;50;com vítima;543;BR-163/MS;Norte;Saídas de pista;1;0;0;0;0;0;0;0;0;0;0;1;0;0;0
09/08/2015;14:57:00;207;com vítima;645;BR-163/MS;Norte;Capotamento;0;0;1;0;0;0;0;0;0;0;0;0;0;2;1
09/08/2015;05:48:00;52;sem vítima;742;BR-163/MS;Norte;Atropelamento - Animal;0;0;1;0;0;0;0;0;0;0;1;0;0;0;0
10/08/2015;11:11:00;219;com vítima;225;BR-163/MS;Norte;Colisão com veículos (traseira);2;0;0;0;0;0;0;0;0;0;3;2;0;0;0
10/08/2015;14:45:00;289;sem vítima;492;BR-163/MS;Norte;Colisão com veículos (traseira);0;0;1;0;0;0;0;0;0;1;2;0;0;0;0
10/08/2015;12:36:00;246;sem vítima;839,4;BR-163/MS;Sul;Tombamento;0;0;1;0;0;1;0;0;0;0;2;0;0;0;0
11/08/2015;18:56:00;405;sem vítima;26;BR-163/MS;Sul;Colisão com veículos (traseira);0;0;2;0;0;0;0;0;0;0;2;0;0;0;0
11/08/2015;10:36:00;196;com vítima;32;BR-163/MS;Sul;Engavetamento;6;0;3;0;0;2;0;0;0;0;6;10;5;2;4
11/08/2015;16:53:00;370;sem vítima;119;BR-163/MS;Sul;Tombamento;0;0;1;0;0;0;0;0;0;0;1;0;0;0;0
11/08/2015;02:35:00;27;sem vítima;331;BR-163/MS;Sul;Atropelamento - Animal;1;0;0;0;0;0;0;0;0;0;1;0;0;0;0
11/08/2015;14:23:00;294;sem vítima;515;BR-163/MS;Sul;Engavetamento;2;0;1;0;0;0;0;0;0;1;5;0;0;0;0
11/08/2015;05:43:00;60;sem vítima;581;BR-163/MS;Sul;Tombamento;0;0;1;0;0;1;0;0;0;0;2;0;0;0;0
12/08/2015;07:50:00;122;com vítima;223;BR-163/MS;Sul;Colisão com veículos (traseira);1;0;0;0;0;0;0;0;0;1;3;1;1;0;0
12/08/2015;17:08:00;334;sem vítima;246;BR-163/MS;Sul;Colisão com veículos (traseira);0;0;2;0;0;0;0;0;0;0;2;0;0;0;0
12/08/2015;19:33:00;364;com vítima;485,5;BR-163/MS;Sul;Engavetamento;0;0;2;0;0;0;0;0;0;1;18;1;0;0;0
12/08/2015;14:28:00;275;sem vítima;546;BR-163/MS;Norte;Tombamento;0;0;1;0;0;0;0;0;0;0;2;0;0;0;0
12/08/2015;14:23:00;271;com vítima;680;BR-163/MS;Norte;Colisão lateral no sentido contrário;1;0;0;1;0;0;0;0;0;0;5;0;0;1;0
13/08/2015;01:55:00;21;sem vítima;276,5;BR-163/MS;Sul;Atropelamento - Animal;1;0;0;0;0;0;0;0;0;0;1;0;0;0;0
13/08/2015;08:11:00;103;com vítima;466;BR-163/MS;Norte;Tombamento;0;0;1;0;0;0;0;0;0;0;0;1;0;0;0
13/08/2015;07:02:00;80;com vítima;552;BR-163/MS;Norte;Colisão lateral no mesmo sentido;1;0;0;0;0;0;0;0;0;1;4;1;0;0;0
13/08/2015;19:37:00;333;sem vítima;561;BR-163/MS;Sul;Colisão lateral no mesmo sentido;0;0;2;0;0;0;0;0;0;0;2;0;0;0;0
13/08/2015;07:20:00;88;com vítima;729,6;BR-163/MS;Norte;Colisão com veículos (traseira);0;0;0;2;0;0;0;0;0;0;0;1;1;0;0
14/08/2015;08:08:00;157;com vítima;236;BR-163/MS;Norte;Engavetamento;2;0;0;0;0;0;0;0;0;0;5;1;0;0;0
14/08/2015;06:29:00;83;sem vítima;406;BR-163/MS;Norte;Atropelamento - Animal;1;0;0;0;0;0;0;0;0;0;1;0;0;0;0
14/08/2015;19:38:00;470;sem vítima;477;BR-163/MS;Norte;Colisão lateral no mesmo sentido;1;0;1;0;0;0;0;0;0;0;2;0;0;0;0
14/08/2015;08:46:00;187;com vítima;837,4;BR-163/MS;Norte;Tombamento de moto;0;0;0;1;0;0;0;0;0;0;0;0;0;1;0
15/08/2015;07:11:00;90;com vítima;490;BR-163/MS;Norte;Colisão lateral no mesmo sentido;1;0;0;1;0;0;0;0;0;0;2;1;0;0;0
15/08/2015;18:16:00;412;sem vítima;632,2;BR-163/MS;Norte;Colisão com veículos (traseira);1;0;1;0;0;0;0;0;0;0;4;0;0;0;0
15/08/2015;16:27:00;369;sem vítima;699,4;BR-163/MS;Norte;Colisão lateral no mesmo sentido;1;0;1;0;0;0;0;0;0;0;4;0;0;0;0
16/08/2015;04:14:00;55;com vítima;127;BR-163/MS;Norte;Colisão c/ obstáculos;1;0;0;0;0;0;0;0;0;0;3;1;0;0;0
16/08/2015;00:17:00;10;com vítima;262;BR-163/MS;Sul;Atropelamento - Pedestre;0;0;0;1;0;0;0;0;0;0;1;0;1;0;0
16/08/2015;19:39:00;335;sem vítima;262;BR-163/MS;Sul;Colisão com veículos (traseira);0;0;0;0;0;1;0;0;0;1;2;0;0;0;0
16/08/2015;22:17:00;372;sem vítima;309,1;BR-163/MS;Norte;Atropelamento - Animal;1;0;0;0;0;0;0;0;0;0;1;0;0;0;0
16/08/2015;18:04:00;310;sem vítima;339;BR-163/MS;Norte;Colisão lateral no mesmo sentido;2;0;0;0;0;0;0;0;0;0;2;0;0;0;0
16/08/2015;08:17:00;109;com vítima;486;BR-163/MS;Norte;Tombamento de moto;0;0;0;1;0;0;0;0;0;0;0;2;0;0;0
16/08/2015;06:51:00;73;com vítima;564;BR-163/MS;Sul;Saídas de pista;0;0;1;0;0;0;0;0;0;1;1;1;0;0;0
17/08/2015;03:24:00;22;sem vítima;518;BR-163/MS;Norte;Saídas de pista;1;0;0;0;0;0;0;0;0;0;1;0;0;0;0
17/08/2015;07:54:00;92;sem vítima;753;BR-163/MS;Norte;Colisão lateral no mesmo sentido;1;0;1;0;0;0;0;0;0;0;2;0;0;0;0
18/08/2015;14:12:00;300;com vítima;32;BR-163/MS;Norte;Colisão c/ obstáculos;1;0;0;0;0;0;0;0;0;0;0;1;0;0;0
18/08/2015;07:28:00;84;com vítima;254;BR-163/MS;Sul;Colisão lateral no sentido contrário;0;0;0;1;0;0;0;0;0;1;1;1;0;0;0
18/08/2015;23:34:00;498;sem vítima;297;BR-163/MS;Norte;Atropelamento - Animal;0;0;0;0;0;0;0;0;0;1;1;0;0;0;0
18/08/2015;18:10:00;412;sem vítima;478;BR-163/MS;Norte;Engavetamento;1;0;1;0;0;0;0;0;0;1;4;0;0;0;0
18/08/2015;14:28:00;306;sem vítima;546;BR-163/MS;Norte;Tombamento;0;0;1;0;0;0;0;0;0;0;1;0;0;0;0
19/08/2015;22:49:00;449;sem vítima;20;BR-163/MS;Norte;Saídas de pista;0;0;1;0;0;0;0;0;0;0;1;0;0;0;0
19/08/2015;18:59:00;382;sem vítima;604,5;BR-163/MS;Norte;Colisão lateral no mesmo sentido;1;0;1;0;0;0;0;0;0;0;2;0;0;0;0
19/08/2015;23:00:00;454;com vítima;609,8;BR-163/MS;Norte;Capotamento;1;0;0;0;0;0;0;0;0;0;0;2;0;0;0
19/08/2015;06:41:00;69;com vítima;801;BR-163/MS;Sul;Colisão com veículos (traseira);1;0;1;0;0;0;0;0;0;0;0;2;0;0;0
20/08/2015;17:49:00;307;sem vítima;230,5;BR-163/MS;Norte;Colisão c/ obstáculos;2;0;0;0;0;0;0;0;0;0;2;0;0;0;0
20/08/2015;05:00:00;46;sem vítima;483;BR-163/MS;Norte;Saídas de pista;1;0;0;0;0;0;0;0;0;0;2;0;0;0;0
20/08/2015;07:37:00;94;com vítima;632,3;BR-163/MS;Norte;Colisão lateral no sentido contrário;0;0;2;0;0;0;0;0;0;0;1;1;0;0;0
21/08/2015;14:25:00;237;sem vítima;36;BR-163/MS;Norte;Engavetamento;2;0;0;0;0;0;0;0;0;1;4;0;0;0;0
21/08/2015;23:41:00;389;com vítima;54,9;BR-163/MS;Sul;Capotamento;0;0;1;0;0;0;0;0;0;0;0;0;0;1;0
22/08/2015;09:59:00;187;sem vítima;207;BR-163/MS;Norte;Tombamento;0;0;1;0;0;0;0;0;0;0;1;0;0;0;0
22/08/2015;07:21:00;81;sem vítima;256;BR-163/MS;Norte;Colisão com veículos (traseira);0;0;2;0;0;0;0;0;0;0;2;0;0;0;0
22/08/2015;05:21:00;43;sem vítima;276;BR-163/MS;Sul;Saídas de pista;1;0;0;0;0;0;0;0;0;0;2;0;0;0;0
22/08/2015;16:31:00;358;sem vítima;319;BR-163/MS;Norte;Capotamento;0;0;0;0;0;0;0;0;0;1;2;0;0;0;0
22/08/2015;08:54:00;141;com vítima;378,378;BR-163/MS;Norte;Tombamento de moto;0;0;0;1;0;0;0;0;0;0;0;1;0;0;0
22/08/2015;06:54:00;66;com vítima;490;BR-163/MS;Norte;Colisão lateral no mesmo sentido;1;0;0;1;0;0;0;0;0;0;1;2;0;0;0
22/08/2015;14:38:00;299;sem vítima;555,5;BR-163/MS;Norte;Colisão com veículos (traseira);1;0;1;0;0;0;0;0;0;0;4;0;0;0;0
22/08/2015;01:10:00;7;sem vítima;580;BR-163/MS;Norte;Saídas de pista;0;0;1;0;0;0;0;0;0;0;1;0;0;0;0
22/08/2015;10:48:00;209;com vítima;698,3;BR-163/MS;Sul;Tombamento de moto;0;0;0;1;0;0;0;0;0;0;0;2;0;0;0
22/08/2015;04:39:00;36;sem vítima;784;BR-163/MS;Sul;Atropelamento - Animal;0;0;1;0;0;0;0;0;0;0;1;0;0;0;0
22/08/2015;22:14:00;431;sem vítima;820;BR-163/MS;Norte;Colisão c/ obstáculos;1;0;0;0;0;0;0;0;0;0;2;0;0;0;0
23/08/2015;15:43:00;235;sem vítima;224;BR-163/MS;Norte;Colisão lateral no mesmo sentido;0;0;1;0;0;0;0;0;0;1;2;0;0;0;0
23/08/2015;19:17:00;300;com vítima;237;BR-163/MS;Norte;Tombamento de moto;1;0;0;1;0;0;0;0;0;0;0;0;1;0;0
23/08/2015;23:12:00;361;com vítima;260;BR-163/MS;Norte;Tombamento de moto;0;0;0;1;0;0;0;0;0;0;0;0;2;0;0
23/08/2015;20:51:00;326;sem vítima;309,5;BR-163/MS;Norte;Atropelamento - Animal;1;0;0;0;0;0;0;0;0;0;1;0;0;0;0