data;horario;n_da_ocorrencia;tipo_de_ocorrencia;km;trecho;sentido;tipo_de_acidente;automovel;bicicleta;caminhao;moto;onibus;outros;tracao_animal;transporte_de_cargas_especiais;trator_maquinas;utilitarios;ilesos;levemente_feridos;moderadamente_feridos;gravemente_feridos;mortos
23/08/2015;16:26:00;244;sem vítima;490;BR-163/MS;Norte;Colisão lateral no mesmo sentido;0;0;1;1;0;0;0;0;0;0;2;0;0;0;0
24/08/2015;18:19:00;358;sem vítima;222;BR-163/MS;Sul;Colisão c/ obstáculos;0;0;0;0;0;1;0;0;0;2;3;0;0;0;0
24/08/2015;21:17:00;404;com vítima;319;BR-163/MS;Norte;Colisão lateral no mesmo sentido;0;0;1;0;0;0;0;0;0;1;1;0;1;0;0
24/08/2015;07:58:00;157;com vítima;343;BR-163/MS;Norte;Atropelamento - Pedestre;1;0;0;0;0;0;0;0;0;0;1;1;0;0;0
24/08/2015;18:23:00;360;com vítima;483,6;BR-163/MS;Norte;Colisão lateral no mesmo sentido;0;0;0;2;0;0;0;0;0;0;0;2;0;0;0
24/08/2015;13:56:00;282;com vítima;566;BR-163/MS;Sul;Tombamento;0;0;2;0;0;0;0;0;0;0;1;1;0;0;0
25/08/2015;21:31:00;420;com vítima;76,3;BR-163/MS;Sul;Atropelamento - Pedestre;0;0;1;0;0;0;0;0;0;0;1;0;0;0;1
25/08/2015;14:29:00;297;sem vítima;119;BR-163/MS;Sul;Colisão com veículos (traseira);0;0;1;0;1;0;0;0;0;0;2;0;0;0;0
25/08/2015;14:05:00;287;com vítima;244;BR-163/MS;Sul;Tombamento de moto;0;0;0;1;0;0;0;0;0;0;1;1;0;0;0
25/08/2015;18:09:00;374;sem vítima;258;BR-163/MS;Norte;Colisão lateral no sentido contrário;1;1;0;0;0;0;0;0;0;0;1;0;0;0;0
25/08/2015;11:46:00;240;sem vítima;277,275;BR-163/MS;Sul;Colisão com veículos (traseira);1;0;0;0;0;0;0;0;0;1;3;0;0;0;0
25/08/2015;22:07:00;426;com vítima;492;BR-163/MS;Sul;Atropelamento - Pedestre;1;0;0;0;0;0;0;0;0;0;1;0;0;0;1
26/08/2015;23:37:00;451;sem vítima;344;BR-163/MS;Sul;Atropelamento - Animal;1;0;0;0;0;0;0;0;0;0;1;0;0;0;0
26/08/2015;20:34:00;410;sem vítima;482;BR-163/MS;Sul;Colisão com veículos (frontal);2;0;0;0;0;0;0;0;0;0;6;0;0;0;0
26/08/2015;02:13:00;21;com vítima;489;BR-163/MS;Norte;Colisão com veículos (traseira);2;0;0;0;0;0;0;0;0;0;1;1;1;0;0
26/08/2015;14:00:00;279;com vítima;556;BR-163/MS;Norte;Saídas de pista;1;0;0;0;0;0;0;0;0;0;3;1;0;0;0
26/08/2015;10:31:00;214;com vítima;771;BR-163/MS;Norte;Tombamento;0;0;1;0;0;0;0;0;0;0;0;1;0;0;0
27/08/2015;21:16:00;417;sem vítima;26,9;BR-163/MS;Norte;Capotamento;0;0;1;0;0;0;0;0;0;0;1;0;0;0;0
27/08/2015;20:12:00;405;com vítima;190;BR-163/MS;Norte;Tombamento de moto;0;0;0;1;0;0;0;0;0;0;0;1;0;0;0
27/08/2015;01:33:00;17;com vítima;346;BR-163/MS;Norte;Colisão lateral no sentido contrário;1;0;1;0;0;1;0;0;0;0;1;2;0;0;1
27/08/2015;18:44:00;386;sem vítima;490;BR-163/MS;Norte;Colisão lateral no mesmo sentido;1;0;1;0;0;0;0;0;0;0;2;0;0;0;0
27/08/2015;20:22:00;406;sem vítima;540;BR-163/MS;Norte;Colisão c/ obstáculos;1;0;0;0;0;0;0;0;0;1;2;0;0;0;0
27/08/2015;06:27:00;54;sem vítima;637,5;BR-163/MS;Sul;Colisão com veículos (traseira);0;0;0;0;0;0;0;0;0;2;8;0;0;0;0
27/08/2015;19:07:00;391;com vítima;660,2;BR-163/MS;Norte;Colisão lateral no mesmo sentido;0;0;2;0;0;0;0;0;0;0;1;1;0;0;0
27/08/2015;06:04:00;49;com vítima;744;BR-163/MS;Sul;Colisão c/ obstáculos;1;0;0;0;0;0;0;0;0;0;0;1;0;0;0
28/08/2015;17:40:00;270;com vítima;135;BR-163/MS;Norte;Capotamento;1;0;1;0;0;0;0;0;0;0;3;0;1;0;0
28/08/2015;11:01:00;158;sem vítima;251;BR-163/MS;Sul;Colisão lateral no sentido contrário;0;0;1;0;0;0;0;0;0;1;2;0;0;0;0
28/08/2015;14:02:00;211;com vítima;290;BR-163/MS;Sul;Capotamento;1;0;0;0;0;0;0;0;0;0;0;2;0;0;0
28/08/2015;21:48:00;347;com vítima;512;BR-163/MS;Sul;Colisão com veículos (traseira);0;0;2;0;0;0;0;0;0;0;2;0;0;1;0
28/08/2015;18:18:00;282;com vítima;516;BR-163/MS;Sul;Colisão com veículos (traseira);1;0;1;0;0;0;0;0;0;0;3;0;1;0;0
28/08/2015;20:58:00;328;com vítima;630;BR-163/MS;Norte;Tombamento de moto;0;0;0;1;0;0;0;0;0;0;0;0;0;1;0
28/08/2015;03:05:00;23;com vítima;633;BR-163/MS;Norte;Tombamento;0;0;1;0;0;0;0;0;0;0;0;1;0;0;0
29/08/2015;05:49:00;63;com vítima;36;BR-163/MS;Norte;Colisão com veículos (traseira);0;1;0;0;0;1;0;0;0;0;1;0;0;1;0
29/08/2015;19:49:00;322;com vítima;258;BR-163/MS;Sul;Tombamento de moto;0;0;0;1;0;0;0;0;0;0;0;1;0;0;0
29/08/2015;13:37:00;207;com vítima;260;BR-163/MS;Sul;Colisão com veículos (traseira);1;0;0;1;0;0;0;0;0;0;2;0;0;1;0
29/08/2015;19:52:00;324;com vítima;364,8;BR-163/MS;Sul;Capotamento;1;0;0;0;0;0;0;0;0;0;0;1;0;0;0
30/08/2015;05:41:00;46;com vítima;176;BR-163/MS;Sul;Capotamento;1;0;0;0;0;0;0;0;0;0;0;2;0;0;0
30/08/2015;06:24:00;49;com vítima;255,6;BR-163/MS;Norte;Capotamento;1;0;0;0;0;0;0;0;0;0;0;1;0;0;0
30/08/2015;10:41:00;182;com vítima;490;BR-163/MS;Norte;Tombamento;0;0;1;0;0;1;0;0;0;0;1;1;0;0;0
30/08/2015;11:09:00;191;sem vítima;789;BR-163/MS;Norte;Colisão com veículos (traseira);0;0;2;0;0;0;0;0;0;0;2;0;0;0;0
31/08/2015;13:40:00;283;com vítima;169;BR-163/MS;Sul;Tombamento de moto;0;0;0;1;0;0;0;0;0;0;0;0;1;0;0
31/08/2015;18:29:00;397;sem vítima;558;BR-163/MS;Norte;Atropelamento - Animal;1;0;0;0;0;0;0;0;0;0;2;0;0;0;0
31/08/2015;17:10:00;372;sem vítima;661;BR-163/MS;Sul;Capotamento;1;0;0;0;0;0;0;0;0;0;2;0;0;0;0
31/08/2015;17:48:00;386;sem vítima;785;BR-163/MS;Norte;Colisão com veículos (traseira);0;0;2;0;0;0;0;0;0;0;2;0;0;0;0
01/09/2015;13:23:00;296;com vítima;206;BR-163/MS;Sul;Tombamento;0;0;1;0;0;0;0;0;0;0;1;0;1;0;0
01/09/2015;10:55:00;257;sem vítima;386;BR-163/MS;Norte;Colisão com veículos (traseira);0;0;0;0;0;0;0;0;0;2;4;0;0;0;0
01/09/2015;15:17:00;340;com vítima;500;BR-163/MS;Norte;Capotamento;1;0;0;0;0;0;0;0;0;0;0;1;0;0;0
02/09/2015;02:38:00;35;com vítima;19,8;BR-163/MS;Sul;Tombamento;0;0;1;0;0;0;0;0;0;0;0;1;0;0;0
02/09/2015;20:32:00;338;com vítima;23,2;BR-163/MS;Sul;Colisão lateral no sentido contrário;0;0;0;1;0;1;0;0;0;0;1;1;0;0;0
02/09/2015;10:49:00;189;com vítima;163;BR-163/MS;Sul;Colisão lateral no mesmo sentido;0;0;2;0;0;0;0;0;0;1;2;2;0;0;0
02/09/2015;08:01:00;103;sem vítima;238;BR-163/MS;Norte;Colisão com veículos (traseira);1;0;0;0;1;0;0;0;0;0;3;0;0;0;0
02/09/2015;13:28:00;231;com vítima;390;BR-163/MS;Norte;Engavetamento;1;0;2;0;0;0;0;0;0;1;5;1;0;0;0
02/09/2015;14:07:00;244;com vítima;556;BR-163/MS;Norte;Colisão com veículos (traseira);2;0;0;0;0;0;0;0;0;0;2;1;0;0;0
02/09/2015;18:10:00;302;com vítima;818;BR-163/MS;Sul;Colisão c/ obstáculos;0;0;0;1;0;0;0;0;0;0;0;0;0;1;0
03/09/2015;22:27:00;425;com vítima;12;BR-163/MS;Norte;Atropelamento - Pedestre;0;1;0;0;1;0;0;0;0;0;1;0;0;1;0
03/09/2015;04:54:00;54;com vítima;122;BR-163/MS;Norte;Capotamento;1;0;0;0;0;0;0;0;0;0;0;1;0;0;0
03/09/2015;11:57:00;231;sem vítima;265;BR-163/MS;Sul;Colisão lateral no sentido contrário;2;0;0;0;0;0;0;0;0;0;2;0;0;0;0
03/09/2015;19:06:00;373;com vítima;689,6;BR-163/MS;Norte;Atropelamento - Animal;0;0;0;1;0;0;0;0;0;0;0;0;1;0;0
04/09/2015;18:54:00;426;sem vítima;67;BR-163/MS;Norte;Colisão c/ obstáculos;1;0;0;0;0;0;0;0;0;0;1;0;0;0;0
04/09/2015;02:13:00;38;com vítima;76;BR-163/MS;Norte;Tombamento de moto;0;0;0;1;0;0;0;0;0;0;0;1;0;0;0
04/09/2015;23:51:00;519;com vítima;270;BR-163/MS;Sul;Colisão lateral no mesmo sentido;1;0;1;0;0;0;0;0;0;0;0;2;0;0;0
04/09/2015;23:09:00;501;sem vítima;302;BR-163/MS;Sul;Atropelamento - Animal;1;0;0;0;0;0;0;0;0;0;1;0;0;0;0
04/09/2015;22:01:00;477;sem vítima;571;BR-163/MS;Sul;Atropelamento - Animal;1;0;0;0;0;0;0;0;0;0;3;0;0;0;0
04/09/2015;19:59:00;446;com vítima;614;BR-163/MS;Norte;Colisão lateral no mesmo sentido;1;0;0;0;0;0;0;0;0;1;3;1;1;0;0
04/09/2015;20:31:00;455;com vítima;690;BR-163/MS;Sul;Saídas de pista;1;0;0;0;0;0;0;0;0;0;0;2;0;0;0
05/09/2015;08:52:00;154;sem vítima;30;BR-163/MS;Norte;Colisão com veículos (traseira);1;0;0;0;1;0;0;0;0;0;3;0;0;0;0
05/09/2015;05:43:00;107;com vítima;193;BR-163/MS;Sul;Capotamento;0;0;0;0;0;0;0;0;0;1;0;1;1;0;0
05/09/2015;21:22:00;373;com vítima;260,8;BR-163/MS;Norte;Colisão lateral no sentido contrário;1;1;0;0;0;0;0;0;0;0;1;0;0;1;0
05/09/2015;20:35:00;363;sem vítima;479;BR-163/MS;Norte;Colisão com veículos (traseira);2;0;0;0;0;0;0;0;0;0;6;0;0;0;0
05/09/2015;12:23:00;214;com vítima;482,5;BR-163/MS;Norte;Engavetamento;1;0;2;0;0;0;0;0;0;0;2;0;1;0;0
05/09/2015;12:35:00;215;com vítima;487;BR-163/MS;Norte;Colisão lateral no mesmo sentido;1;0;1;0;0;0;0;0;0;0;1;0;1;0;0
06/09/2015;15:23:00;252;com vítima;18,9;BR-163/MS;Norte;Colisão lateral no sentido contrário;1;0;0;0;0;0;0;0;0;1;2;1;0;0;0
06/09/2015;20:39:00;341;sem vítima;273,8;BR-163/MS;Norte;Saídas de pista;1;0;0;0;0;0;0;0;0;0;1;0;0;0;0
07/09/2015;15:18:00;235;com vítima;187;BR-163/MS;Norte;Capotamento;1;0;0;0;0;0;0;0;0;0;0;1;0;0;0
07/09/2015;00:02:00;1;com vítima;400;BR-163/MS;Norte;Saídas de pista;1;0;0;0;0;0;0;0;0;0;1;1;0;0;0
07/09/2015;00:42:00;5;com vítima;490;BR-163/MS;Norte;Atropelamento - Animal;0;0;0;1;0;0;0;0;0;0;0;2;0;0;0
07/09/2015;15:53:00;246;sem vítima;675,8;BR-163/MS;Sul;Colisão com veículos (traseira);2;0;0;0;0;0;0;0;0;0;5;0;0;0;0
08/09/2015;10:06:00;120;com vítima;138,14;BR-163/MS;Norte;Capotamento;1;0;1;0;0;0;0;0;0;0;1;1;0;0;0
08/09/2015;03:02:00;29;sem vítima;157;BR-163/MS;Sul;Tombamento;0;0;1;0;0;0;0;0;0;0;1;0;0;0;0
08/09/2015;18:51:00;297;sem vítima;162;BR-163/MS;Norte;Tombamento;0;0;1;0;0;0;0;0;0;0;1;0;0;0;0
08/09/2015;06:21:00;49;com vítima;237;BR-163/MS;Sul;Tombamento;0;0;1;0;0;1;0;0;0;0;1;1;0;0;0
08/09/2015;10:02:00;117;sem vítima;316,317;BR-163/MS;Norte;Saídas de pista;1;0;0;0;0;0;0;0;0;0;1;0;0;0;0
08/09/2015;18:35:00;289;sem vítima;493;BR-163/MS;Norte;Colisão c/ obstáculos;1;0;0;0;0;0;0;0;0;0;1;0;0;0;0
08/09/2015;16:24:00;244;com vítima;551;BR-163/MS;Norte;Tombamento;0;0;1;0;0;0;0;0;0;0;1;1;0;0;0
09/09/2015;20:39:00;338;com vítima;485;BR-163/MS;Sul;Colisão com veículos (frontal);2;0;0;0;0;0;0;0;0;0;0;3;0;0;0
09/09/2015;16:29:00;281;sem vítima;534;BR-163/MS;Sul;Colisão com veículos (traseira);1;0;1;0;0;0;0;0;0;0;2;0;0;0;0
10/09/2015;17:49:00;297;sem vítima;227,9;BR-163/MS;Sul;Colisão com veículos (traseira);1;0;0;0;0;0;0;0;0;1;2;0;0;0;0
10/09/2015;01:45:00;19;sem vítima;276;BR-163/MS;Sul;Colisão c/ obstáculos;1;0;0;0;0;0;0;0;0;0;1;0;0;0;0
10/09/2015;00:37:00;7;sem vítima;284,7;BR-163/MS;Sul;Colisão c/ obstáculos;1;0;0;0;0;0;0;0;0;0;1;0;0;0;0
11/09/2015;04:21:00;34;com vítima;578;BR-163/MS;Norte;Tombamento;0;0;0;0;1;0;0;0;0;0;5;2;2;0;0
11/09/2015;09:11:00;127;com vítima;675,4;BR-163/MS;Norte;Capotamento;0;0;1;0;0;0;0;0;0;0;0;1;0;0;0
12/09/2015;04:38:00;35;com vítima;0,5;BR-163/MS;Sul;Saídas de pista;1;0;0;0;0;0;0;0;0;1;1;0;1;0;0
12/09/2015;17:59:00;279;com vítima;19;BR-163/MS;Norte;Colisão lateral no mesmo sentido;1;0;0;1;0;0;0;0;0;0;1;0;0;1;0
12/09/2015;18:02:00;280;com vítima;496,497;BR-163/MS;Norte;Colisão lateral no mesmo sentido;1;0;1;0;0;1;0;0;0;0;2;0;0;1;0
12/09/2015;23:35:00;355;com vítima;580;BR-163/MS;Norte;Saídas de pista;0;0;1;0;0;0;0;0;0;0;2;1;0;0;0
13/09/2015;20:40:00;352;sem vítima;305;BR-163/MS;Norte;Atropelamento - Animal;0;0;0;0;1;0;0;0;0;0;15;0;0;0;0
13/09/2015;12:10:00;202;sem vítima;416,2;BR-163/MS;Norte;Saídas de pista;1;0;0;0;0;0;0;0;0;0;1;0;0;0;0
13/09/2015;15:24:00;264;sem vítima;484,5;BR-163/MS;Norte;Colisão lateral no mesmo sentido;2;0;0;0;0;0;0;0;0;0;2;0;0;0;0
13/09/2015;22:31:00;385;sem vítima;487;BR-163/MS;Sul;Colisão lateral no mesmo sentido;2;0;1;0;0;0;0;0;0;0;4;0;0;0;0
13/09/2015;02:36:00;27;sem vítima;605;BR-163/MS;Norte;Capotamento;0;0;0;0;0;0;0;0;0;1;1;0;0;0;0
13/09/2015;21:03:00;357;sem vítima;620;BR-163/MS;Sul;Outros;0;0;1;0;0;0;0;0;0;0;1;0;0;0;0
13/09/2015;21:38:00;370;com vítima;730;BR-163/MS;Norte;Atropelamento - Pedestre;0;0;1;0;0;0;0;0;0;0;1;0;0;0;1
14/09/2015;06:02:00;100;com vítima;138;BR-163/MS;Sul;Capotamento;1;0;1;0;0;0;0;0;0;0;1;2;0;1;0
14/09/2015;08:46:00;185;sem vítima;308;BR-163/MS;Norte;Colisão com veículos (traseira);0;0;0;0;0;0;0;0;0;2;2;0;0;0;0
14/09/2015;19:57:00;477;sem vítima;548;BR-163/MS;Norte;Capotamento;1;0;0;0;0;0;0;0;0;0;1;0;0;0;0
14/09/2015;04:06:00;87;sem vítima;600;BR-163/MS;Sul;Atropelamento - Animal;1;0;0;0;0;0;0;0;0;0;1;0;0;0;0
15/09/2015;23:28:00;411;sem vítima;493;BR-163/MS;Norte;Saídas de pista;0;0;1;0;0;0;0;0;0;0;1;0;0;0;0
16/09/2015;09:28:00;185;com vítima;8,3;BR-163/MS;Sul;Tombamento de moto;0;0;0;1;0;0;0;0;0;0;0;2;0;0;0
16/09/2015;18:54:00;393;sem vítima;77;BR-163/MS;Norte;Colisão com veículos (traseira);1;0;1;0;0;0;0;0;0;0;2;0;0;0;0
16/09/2015;18:30:00;383;sem vítima;267;BR-163/MS;Sul;Colisão com veículos (traseira);0;0;3;0;0;0;0;0;0;0;3;0;0;0;0
18/09/2015;19:15:00;344;com vítima;13,8;BR-163/MS;Norte;Colisão lateral no sentido contrário;0;0;0;1;0;1;0;0;0;0;1;2;0;0;0
18/09/2015;15:15:00;278;com vítima;256;BR-163/MS;Norte;Colisão com veículos (traseira);0;0;0;1;0;1;0;0;0;0;1;1;0;1;0
18/09/2015;13:21:00;247;sem vítima;267;BR-163/MS;Sul;Saídas de pista;2;0;0;0;0;0;0;0;0;0;2;0;0;0;0
18/09/2015;09:01:00;178;sem vítima;513;BR-163/MS;Sul;Colisão c/ obstáculos;0;0;1;0;0;0;0;0;0;0;1;0;0;0;0
18/09/2015;18:49:00;339;sem vítima;539;BR-163/MS;Norte;Colisão c/ obstáculos;1;0;0;0;0;0;0;0;0;0;2;0;0;0;0
18/09/2015;16:57:00;305;sem vítima;670;BR-163/MS;Norte;Saídas de pista;0;0;1;0;0;0;0;0;0;0;4;0;0;0;0
19/09/2015;20:57:00;395;sem vítima;7;BR-163/MS;Norte;Saídas de pista;1;0;0;0;0;0;0;0;0;0;1;0;0;0;0
19/09/2015;14:22:00;275;com vítima;484,5;BR-163/MS;Norte;Colisão lateral no mesmo sentido;2;0;0;0;0;0;0;0;0;0;1;2;0;0;0
19/09/2015;17:22:00;348;sem vítima;488;BR-163/MS;Sul;Capotamento;1;0;0;0;0;0;0;0;0;0;1;0;0;0;0
19/09/2015;20:27:00;386;sem vítima;783;BR-163/MS;Sul;Atropelamento - Animal;1;0;0;0;0;0;0;0;0;0;1;0;0;0;0
19/09/2015;02:40:00;35;com vítima;787;BR-163/MS;Norte;Colisão com veículos (traseira);0;0;1;0;1;0;0;0;0;0;10;26;0;0;0
19/09/2015;23:11:00;428;com vítima;808;BR-163/MS;Norte;Colisão com veículos (frontal);1;0;1;0;0;0;0;0;0;0;2;0;0;1;0
20/09/2015;12:23:00;213;com vítima;164;BR-163/MS;Norte;Saídas de pista;0;0;0;1;0;0;0;0;0;0;0;1;0;0;0
20/09/2015;17:42:00;290;com vítima;258;BR-163/MS;Norte;Saídas de pista;1;0;0;0;0;0;0;0;0;0;1;2;0;0;0
20/09/2015;18:03:00;293;com vítima;283;BR-163/MS;Norte;Colisão com veículos (traseira);2;0;0;0;0;0;0;0;0;0;6;1;0;0;0
20/09/2015;18:05:00;295;sem vítima;490;BR-163/MS;Sul;Colisão lateral no mesmo sentido;1;0;0;0;0;0;0;0;0;1;2;0;0;0;0
20/09/2015;16:16:00;267;com vítima;618;BR-163/MS;Norte;Colisão lateral no mesmo sentido;1;0;0;1;0;0;0;0;0;0;2;1;0;0;0
21/09/2015;17:07:00;355;com vítima;485;BR-163/MS;Norte;Colisão com veículos (frontal);0;0;0;1;0;0;0;0;0;1;0;1;0;1;0
22/09/2015;18:23:00;305;sem vítima;615;BR-163/MS;Norte;Colisão lateral no sentido contrário;2;0;0;0;0;0;0;0;0;0;2;0;0;0;0
23/09/2015;18:25:00;423;com vítima;369;BR-163/MS;Norte;Atropelamento - Pedestre;0;1;1;0;0;0;0;0;0;0;1;0;1;0;0
23/09/2015;04:50:00;54;com vítima;579;BR-163/MS;Sul;Capotamento;1;0;0;0;0;0;0;0;0;0;0;1;0;0;0
24/09/2015;15:51:00;381;sem vítima;15;BR-163/MS;Sul;Saídas de pista;1;0;1;0;0;0;0;0;0;0;3;0;0;0;0
24/09/2015;01:24:00;23;sem vítima;193;BR-163/MS;Sul;Saídas de pista;1;0;0;0;0;0;0;0;0;0;1;0;0;0;0
24/09/2015;13:46:00;346;com vítima;562;BR-163/MS;Norte;Capotamento;0;0;1;0;0;1;0;0;0;0;1;0;0;2;0
25/09/2015;21:50:00;377;sem vítima;246;BR-163/MS;Sul;Saídas de pista;1;0;0;0;0;0;0;0;0;0;1;0;0;0;0
25/09/2015;04:01:00;52;sem vítima;317;BR-163/MS;Norte;Colisão c/ obstáculos;1;0;0;0;0;0;0;0;0;0;2;0;0;0;0
25/09/2015;17:35:00;343;sem vítima;485,5;BR-163/MS;Norte;Saídas de pista;0;0;1;1;0;0;0;0;0;0;2;0;0;0;0
25/09/2015;19:01:00;358;com vítima;486;BR-163/MS;Norte;Colisão com veículos (traseira);1;0;1;0;0;0;0;0;0;0;1;1;1;0;0
25/09/2015;11:09:00;218;sem vítima;578,2;BR-163/MS;Sul;Saídas de pista;1;0;0;0;0;0;0;0;0;0;1;0;0;0;0
25/09/2015;16:58:00;332;sem vítima;623,8;BR-163/MS;Norte;Colisão com veículos (traseira);1;0;0;0;0;1;0;0;0;0;3;0;0;0;0
26/09/2015;02:20:00;19;sem vítima;193;BR-163/MS;Norte;Saídas de pista;0;0;1;0;0;0;0;0;0;0;1;0;0;0;0
26/09/2015;01:48:00;13;sem vítima;334,7;BR-163/MS;Sul;Tombamento;0;0;1;0;0;0;0;0;0;0;1;0;0;0;0
26/09/2015;05:44:00;40;sem vítima;382;BR-163/MS;Norte;Saídas de pista;1;0;0;0;0;0;0;0;0;0;1;0;0;0;0
26/09/2015;21:16:00;240;sem vítima;430;BR-163/MS;Sul;Colisão com veículos (traseira);1;0;0;0;0;1;0;0;0;0;2;0;0;0;0
26/09/2015;08:49:00;73;com vítima;483;BR-163/MS;Norte;Colisão lateral no sentido contrário;1;0;1;0;0;0;0;0;0;0;1;0;0;0;1
26/09/2015;23:16:00;262;sem vítima;487,5;BR-163/MS;Norte;Colisão com veículos (traseira);2;0;0;0;0;0;0;0;0;0;2;0;0;0;0
26/09/2015;18:22:00;200;com vítima;503,8;BR-163/MS;Norte;Colisão lateral no sentido contrário;0;0;1;1;0;0;0;0;0;0;1;0;0;0;1
26/09/2015;05:14:00;35;sem vítima;580;BR-163/MS;Norte;Saídas de pista;1;0;0;0;0;0;0;0;0;0;2;0;0;0;0
27/09/2015;19:08:00;285;sem vítima;104,5;BR-163/MS;Norte;Colisão com veículos (traseira);0;0;2;0;0;0;0;0;0;0;2;0;0;0;0
27/09/2015;21:00:00;312;sem vítima;313;BR-163/MS;Norte;Colisão c/ obstáculos;1;0;0;0;0;0;0;0;0;0;1;0;0;0;0
27/09/2015;03:34:00;37;sem vítima;512;BR-163/MS;Norte;Saídas de pista;1;0;0;0;0;0;0;0;0;0;1;0;0;0;0
28/09/2015;07:44:00;87;com vítima;180;BR-163/MS;Norte;Colisão lateral no mesmo sentido;1;0;1;0;0;0;0;0;0;0;0;2;0;0;0
28/09/2015;16:49:00;314;com vítima;266,4;BR-163/MS;Sul;Colisão lateral no mesmo sentido;1;0;1;0;0;0;0;0;0;0;1;1;1;0;0
28/09/2015;07:44:00;86;com vítima;659;BR-163/MS;Sul;Saídas de pista;0;0;0;1;0;0;0;0;0;0;0;1;0;0;0
29/09/2015;17:25:00;328;sem vítima;265;BR-163/MS;Norte;Colisão com veículos (traseira);0;0;2;0;0;0;0;0;0;0;2;0;0;0;0
29/09/2015;08:35:00;165;sem vítima;324;BR-163/MS;Sul;Colisão com veículos (traseira);2;0;0;0;0;0;0;0;0;0;2;0;0;0;0
29/09/2015;15:55:00;307;com vítima;577,8;BR-163/MS;Norte;Capotamento;0;0;0;0;0;0;0;0;0;1;0;1;0;0;0
29/09/2015;04:13:00;67;sem vítima;640;BR-163/MS;Sul;Atropelamento - Animal;0;0;0;0;0;0;0;0;0;1;3;0;0;0;0
29/09/2015;18:18:00;340;com vítima;680;BR-163/MS;Norte;Colisão lateral no sentido contrário;0;0;0;2;0;0;0;0;0;0;0;2;0;0;0
30/09/2015;19:04:00;271;com vítima;6;BR-163/MS;Sul;Tombamento de moto;0;0;0;1;0;0;0;0;0;0;0;1;0;0;0
30/09/2015;01:26:00;18;sem vítima;238;BR-163/MS;Norte;Saídas de pista;0;0;1;0;0;0;0;0;0;0;1;0;0;0;0
30/09/2015;10:46:00;144;com vítima;477;BR-163/MS;Norte;Tombamento de moto;0;0;0;1;0;0;0;0;0;0;0;1;0;0;0
30/09/2015;18:27:00;264;sem vítima;821;BR-163/MS;Norte;Atropelamento - Animal;0;0;1;0;0;0;0;0;0;0;1;0;0;0;0
01/10/2015;10:38:00;177;sem vítima;223;BR-163/MS;Sul;Tombamento;0;0;1;0;0;0;0;0;0;0;1;0;0;0;0
01/10/2015;06:53:00;67;com vítima;272,271;BR-163/MS;Sul;Colisão lateral no mesmo sentido;1;0;0;1;0;0;0;0;0;0;1;1;0;0;0
01/10/2015;00:18:00;2;sem vítima;313;BR-163/MS;Norte;Atropelamento - Animal;1;0;0;0;0;0;0;0;0;0;1;0;0;0;0
01/10/2015;13:11:00;225;sem vítima;466;BR-163/MS;Norte;Tombamento;0;0;1;0;0;0;0;0;0;0;1;0;0;0;0
01/10/2015;15:06:00;277;sem vítima;502;BR-163/MS;Norte;Colisão com veículos (frontal);1;0;0;0;0;0;0;0;0;1;4;0;0;0;0
01/10/2015;20:35:00;358;sem vítima;550;BR-163/MS;Norte;Atropelamento - Pedestre;1;0;0;0;0;0;0;0;0;0;1;0;0;0;0
02/10/2015;02:23:00;44;sem vítima;206;BR-163/MS;Sul;Tombamento de moto;0;0;0;1;0;0;0;0;0;0;1;0;0;0;0
02/10/2015;17:18:00;369;com vítima;272;BR-163/MS;Sul;Atropelamento - Pedestre;0;0;1;0;0;0;0;0;0;0;1;1;0;0;0
02/10/2015;18:24:00;381;com vítima;280,3;BR-163/MS;Norte;Colisão lateral no mesmo sentido;1;0;0;0;0;1;0;0;0;0;1;1;0;0;0
02/10/2015;17:31:00;374;sem vítima;478;BR-163/MS;Norte;Colisão lateral no mesmo sentido;1;0;0;0;0;0;0;0;0;1;6;0;0;0;0
02/10/2015;16:59:00;361;sem vítima;487,9;BR-163/MS;Norte;Colisão com veículos (traseira);0;0;2;0;0;0;0;0;0;0;3;0;0;0;0
03/10/2015;17:56:00;233;com vítima;24,5;BR-163/MS;Sul;Colisão com veículos (frontal);2;0;0;0;0;0;0;0;0;0;0;2;4;0;0
03/10/2015;08:47:00;99;sem vítima;151,4;BR-163/MS;Norte;Saídas de pista;1;0;0;0;0;0;0;0;0;0;1;0;0;0;0
03/10/2015;14:36:00;182;sem vítima;347,5;BR-163/MS;Norte;Colisão com veículos (traseira);1;0;1;0;0;0;0;0;0;0;2;0;0;0;0
03/10/2015;07:42:00;80;sem vítima;369;BR-163/MS;Norte;Capotamento;1;0;0;0;0;0;0;0;0;0;1;0;0;0;0
03/10/2015;10:36:00;129;com vítima;382,2;BR-163/MS;Norte;Colisão c/ obstáculos;0;0;0;0;0;0;0;0;0;1;0;0;1;0;3
03/10/2015;05:24:00;46;sem vítima;477,2;BR-163/MS;Norte;Tombamento;0;0;1;0;0;0;0;0;0;0;1;0;0;0;0
03/10/2015;19:23:00;248;sem vítima;490;BR-163/MS;Norte;Colisão com veículos (traseira);2;0;0;0;0;0;0;0;0;0;2;0;0;0;0
03/10/2015;12:25:00;146;com vítima;511;BR-163/MS;Sul;Capotamento;1;0;0;0;0;0;0;0;0;0;0;1;0;0;0
04/10/2015;18:20:00;294;com vítima;491,6;BR-163/MS;Norte;Atropelamento - Pedestre;0;0;0;0;0;0;0;0;0;1;0;2;0;0;1