data;horario;n_da_ocorrencia;tipo_de_ocorrencia;km;trecho;sentido;tipo_de_acidente;automovel;bicicleta;caminhao;moto;onibus;outros;tracao_animal;transporte_de_cargas_especiais;trator_maquinas;utilitarios;ilesos;levemente_feridos;moderadamente_feridos;gravemente_feridos;mortos
24/07/2016;19:06:00;271;com vítima;20;BR-163/MS;Sul;Tombamento de moto;0;0;0;1;0;0;0;0;0;0;0;1;0;0;0
24/07/2016;23:02:00;313;sem vítima;67,5;BR-163/MS;Norte;Capotamento;1;0;0;0;0;0;0;0;0;0;1;0;0;0;0
25/07/2016;15:08:00;263;com vítima;614;BR-163/MS;Norte;Atropelamento - Pedestre;0;0;1;0;0;1;0;0;0;0;2;0;0;1;0
25/07/2016;15:16:00;266;com vítima;476;BR-163/MS;Sul;Capotamento;1;0;0;0;0;0;0;0;0;0;0;1;1;2;0
25/07/2016;18:12:00;326;com vítima;479,16;BR-163/MS;Norte;Colisão com veículos (traseira);0;0;0;1;0;1;0;0;0;0;1;1;0;0;0
25/07/2016;19:49:00;352;com vítima;37,162;BR-163/MS;Norte;Capotamento;1;0;0;0;0;0;0;0;0;0;0;0;2;0;0
25/07/2016;23:15:00;378;sem vítima;512,975;BR-163/MS;Sul;Atropelamento - Animal;1;0;0;0;0;0;0;0;0;0;1;0;0;0;0
26/07/2016;05:00:00;15;com vítima;151,584;BR-163/MS;Norte;Tombamento;0;0;1;0;0;0;0;0;0;0;0;1;0;0;0
26/07/2016;05:42:00;19;com vítima;615;BR-163/MS;Norte;Colisão com veículos (traseira);1;0;1;0;0;0;0;0;0;0;3;1;0;0;0
26/07/2016;09:38:00;101;com vítima;524;BR-163/MS;Sul;Atropelamento - Pedestre;0;0;1;0;0;0;0;0;0;0;0;1;0;0;1
26/07/2016;14:53:00;189;com vítima;385;BR-163/MS;Sul;Colisão com veículos (traseira);1;0;1;0;0;0;0;0;0;0;3;1;0;0;0
26/07/2016;15:34:00;204;sem vítima;196;BR-163/MS;Norte;Colisão c/ obstáculos;0;0;0;0;0;0;0;0;0;1;1;0;0;0;0
26/07/2016;23:41:00;268;com vítima;253,8;BR-163/MS;Norte;Tombamento de moto;0;0;0;1;0;0;0;0;0;0;0;0;1;0;0
27/07/2016;06:56:00;37;sem vítima;35,6;BR-163/MS;Norte;Colisão com veículos (traseira);0;0;2;0;0;2;0;0;0;0;4;0;0;0;0
27/07/2016;15:19:00;275;sem vítima;49;BR-163/MS;Norte;Engavetamento;0;0;3;0;0;0;0;0;0;0;3;0;0;0;0
27/07/2016;21:13:00;378;sem vítima;640,662;BR-163/MS;Sul;Colisão c/ obstáculos;1;0;0;0;0;0;0;0;0;0;1;0;0;0;0
28/07/2016;19:17:00;377;com vítima;29;BR-163/MS;Norte;Tombamento de moto;0;0;0;1;0;0;0;0;0;0;0;1;0;0;0
28/07/2016;21:27:00;405;sem vítima;294;BR-163/MS;Sul;Atropelamento - Animal;0;0;0;0;0;0;0;0;0;1;2;0;0;0;0
29/07/2016;06:45:00;89;sem vítima;734;BR-163/MS;Norte;Colisão com veículos (traseira);1;0;0;0;0;0;0;0;0;1;8;0;0;0;0
29/07/2016;11:31:00;235;com vítima;492;BR-163/MS;Norte;Colisão lateral no sentido contrário;1;0;0;1;0;0;0;0;0;0;0;2;0;1;0
29/07/2016;16:44:00;355;com vítima;270;BR-163/MS;Norte;Colisão com veículos (traseira);0;0;0;1;0;0;0;0;0;1;1;1;0;0;0
29/07/2016;17:21:00;365;com vítima;263,756;BR-163/MS;Sul;Colisão lateral no mesmo sentido;0;0;0;2;0;0;0;0;0;0;1;1;0;0;0
29/07/2016;17:55:00;371;sem vítima;313,5;BR-163/MS;Sul;Tombamento;0;0;1;0;0;0;0;0;0;0;1;0;0;0;0
29/07/2016;18:40:00;384;sem vítima;537,5;BR-163/MS;Norte;Atropelamento - Animal;1;0;0;0;0;0;0;0;0;0;2;0;0;0;0
29/07/2016;19:27:00;395;sem vítima;14;BR-163/MS;Sul;Colisão com veículos (frontal);0;0;0;1;0;0;0;0;0;1;2;0;0;0;0
29/07/2016;21:31:00;418;com vítima;485,5;BR-163/MS;Sul;Colisão com veículos (traseira);1;0;0;1;0;0;0;0;0;0;1;1;0;0;0
29/07/2016;22:57:00;436;com vítima;276,345;BR-163/MS;Sul;Colisão c/ obstáculos;0;0;0;1;0;0;0;0;0;0;0;1;0;0;0
29/07/2016;23:24:00;442;com vítima;61,766;BR-163/MS;Sul;Colisão com veículos (traseira);1;0;1;0;0;0;0;0;0;0;1;0;0;1;0
29/07/2016;23:50:00;444;sem vítima;305,143;BR-163/MS;Norte;Saídas de pista;1;0;0;0;0;0;0;0;0;0;1;0;0;0;0
30/07/2016;05:11:00;19;sem vítima;542,15;BR-163/MS;Norte;Capotamento;1;0;0;0;0;0;0;0;0;0;1;0;0;0;0
30/07/2016;17:08:00;237;sem vítima;695,3;BR-163/MS;Norte;Atropelamento - Animal;1;0;0;0;0;0;0;0;0;0;1;0;0;0;0
30/07/2016;18:32:00;252;com vítima;313;BR-163/MS;Sul;Capotamento;1;0;0;0;0;0;0;0;0;0;0;2;0;0;0
30/07/2016;18:46:00;256;sem vítima;240,158;BR-163/MS;Sul;Atropelamento - Animal;1;0;0;0;0;0;0;0;0;0;1;0;0;0;0
30/07/2016;20:18:00;272;sem vítima;446,23;BR-163/MS;Norte;Colisão com veículos (traseira);0;0;2;0;0;0;0;0;0;0;2;0;0;0;0
30/07/2016;20:49:00;279;sem vítima;564,645;BR-163/MS;Norte;Atropelamento - Animal;1;0;0;0;0;0;0;;0;0;1;0;0;0;0
31/07/2016;00:04:00;1;sem vítima;613;BR-163/MS;Norte;Tombamento de moto;0;0;0;0;0;0;0;;0;1;1;0;0;0;0
31/07/2016;00:55:00;8;com vítima;248,513;BR-163/MS;Sul;Colisão c/ obstáculos;0;0;0;1;0;0;0;;0;0;0;1;0;0;0
31/07/2016;03:39:00;16;com vítima;614;BR-163/MS;Norte;Atropelamento - Pedestre;1;0;0;0;0;0;0;;0;0;3;1;0;0;0
31/07/2016;09:06:00;85;sem vítima;138,8;BR-163/MS;Norte;Colisão c/ obstáculos;0;0;0;0;0;0;0;;0;1;3;0;0;0;0
31/07/2016;14:55:00;199;sem vítima;335,8;BR-163/MS;Norte;Colisão com veículos (traseira);0;0;2;0;0;0;0;;0;0;2;0;0;0;0
31/07/2016;15:11:00;205;com vítima;170;BR-163/MS;Sul;Colisão com veículos (traseira);0;0;1;0;0;0;0;;0;1;0;2;0;0;0
31/07/2016;22:06:00;311;sem vítima;513,501;BR-163/MS;Sul;Atropelamento - Animal;1;0;0;0;0;0;0;;0;0;1;0;0;0;0
01/08/2016;02:58:00;38;com vítima;205,9;BR-163/MS;Norte;Colisão c/ obstáculos;1;0;2;0;0;0;0;0;0;0;2;0;0;0;1
01/08/2016;21:27:00;408;sem vítima;798,659;BR-163/MS;Sul;Atropelamento de animais;1;0;0;0;0;0;0;0;0;0;3;0;0;0;0
01/08/2016;23:26:00;423;com vítima;258;BR-163/MS;Sul;Tombamento de moto;0;0;0;1;0;0;0;0;0;0;0;1;0;0;0
02/08/2016;14:42:00;255;sem vítima;466;BR-163/MS;Sul;Tombamento;0;0;1;0;0;0;0;0;0;0;1;0;0;0;0
02/08/2016;17:32:00;299;sem vítima;222,4;BR-163/MS;Sul;Colisão c/ obstáculos;1;0;0;0;0;0;0;0;0;0;1;0;0;0;0
03/08/2016;06:11:00;43;sem vítima;519;BR-163/MS;Sul;Colisão lateral no sentido contrário;1;0;1;0;0;0;0;0;0;0;2;0;0;0;0
03/08/2016;07:30:00;77;com vítima;485;BR-163/MS;Sul;Colisão lateral no sentido contrário;1;0;0;1;0;0;0;0;0;0;2;1;0;0;0
03/08/2016;12:11:00;173;com vítima;254;BR-163/MS;Sul;Tombamento de moto;0;0;0;1;0;0;0;0;0;0;0;1;0;0;0
05/08/2016;14:53:00;244;sem vítima;715,5;BR-163/MS;Norte;Tombamento de moto;0;0;0;1;0;0;0;0;0;0;2;0;0;0;0
06/08/2016;05:32:00;40;sem vítima;362;BR-163/MS;Sul;Atropelamento de animais;1;0;0;0;0;0;0;0;0;0;1;0;0;0;0
06/08/2016;10:20:00;133;com vítima;185,9;BR-163/MS;Sul;Tombamento;0;0;1;0;0;0;0;0;0;0;0;1;0;0;0
06/08/2016;16:01:00;225;sem vítima;320;BR-163/MS;Sul;Capotamento;0;0;0;0;0;0;0;0;0;1;1;0;0;0;0
06/08/2016;16:44:00;243;sem vítima;594;BR-163/MS;Norte;Capotamento;1;0;1;0;0;0;0;0;0;0;2;0;0;0;0
06/08/2016;19:37:00;285;com vítima;614,5;BR-163/MS;Norte;Colisão lateral no mesmo sentido;1;0;1;0;0;0;0;0;0;0;1;2;0;0;0
07/08/2016;00:42:00;3;sem vítima;316,5;BR-163/MS;Norte;Atropelamento de animais;0;0;0;0;0;0;0;0;0;1;1;0;0;0;0
07/08/2016;16:19:00;184;com vítima;800;BR-163/MS;Norte;Tombamento de moto;0;0;0;1;0;0;0;0;0;0;0;0;0;1;0
07/08/2016;18:31:00;216;sem vítima;361;BR-163/MS;Norte;Atropelamento de animais;1;0;0;0;0;0;0;0;0;0;1;0;0;0;0
07/08/2016;22:15:00;272;sem vítima;578,3;BR-163/MS;Sul;Atropelamento de animais;1;0;0;0;0;0;0;0;0;0;1;0;0;0;0
08/08/2016;01:26:00;9;sem vítima;16,3;BR-163/MS;Sul;Atropelamento de animais;0;0;0;0;0;0;0;0;0;1;1;0;0;0;0
09/08/2016;18:18:00;292;com vítima;254,8;BR-163/MS;Norte;Colisão com veículos (traseira);1;0;0;1;0;0;0;0;0;0;1;2;0;0;0
09/08/2016;18:23:00;294;com vítima;678,3;BR-163/MS;Norte;Tombamento de moto;0;0;0;1;0;0;0;0;0;0;0;1;0;0;0
09/08/2016;22:03:00;339;sem vítima;393;BR-163/MS;Sul;Colisão com veículos (traseira);0;0;2;0;0;0;0;0;0;0;2;0;0;0;0
10/08/2016;02:29:00;19;sem vítima;204,5;BR-163/MS;Norte;Colisão c/ obstáculos;1;0;0;0;0;0;0;0;0;0;1;0;0;0;0
10/08/2016;05:19:00;32;sem vítima;614,8;BR-163/MS;Norte;Colisão lateral no mesmo sentido;1;0;1;0;0;0;0;0;0;0;2;0;0;0;0
10/08/2016;07:19:00;59;com vítima;287;BR-163/MS;Norte;Tombamento de moto;0;0;0;1;0;0;0;0;0;0;0;0;1;0;0
10/08/2016;07:23:00;67;com vítima;490;BR-163/MS;Sul;Colisão lateral no mesmo sentido;1;0;0;1;0;0;0;0;0;0;3;1;0;0;0
10/08/2016;10:18:00;147;com vítima;359;BR-163/MS;Norte;Atropelamento de animais;0;0;0;1;0;0;0;0;0;0;0;1;0;0;0
10/08/2016;11:13:00;166;com vítima;267;BR-163/MS;Norte;Tombamento de moto;0;0;0;1;0;0;0;0;0;0;0;0;1;0;0
10/08/2016;19:24:00;317;sem vítima;93,7;BR-163/MS;Norte;Atropelamento de animais;0;0;0;0;0;1;0;0;0;0;1;0;0;0;0
10/08/2016;23:31:00;345;sem vítima;336,5;BR-163/MS;Norte;Atropelamento de animais;1;0;0;0;0;0;0;0;0;0;1;0;0;0;0
11/08/2016;08:34:00;123;com vítima;2;BR-163/MS;Norte;Tombamento de moto;0;0;0;1;0;0;0;0;0;0;0;2;0;0;0
11/08/2016;15:28:00;259;sem vítima;490;BR-163/MS;Sul;Colisão com veículos (traseira);1;0;0;0;0;0;0;0;0;1;2;0;0;0;0
12/08/2016;03:24:00;21;com vítima;742,4;BR-163/MS;Norte;Colisão c/ obstáculos;0;0;0;0;0;0;0;0;0;1;0;1;0;0;0
12/08/2016;11:33:00;194;sem vítima;536;BR-163/MS;Norte;Colisão com veículos (traseira);0;0;2;0;0;0;0;0;0;0;3;0;0;0;0
12/08/2016;18:58:00;310;com vítima;269;BR-163/MS;Sul;Colisão com veículos (traseira);0;1;0;1;0;0;0;0;0;0;0;0;1;1;0
13/08/2016;14:41:00;259;sem vítima;58;BR-163/MS;Norte;Saídas de pista;1;0;0;0;0;0;0;0;0;0;1;0;0;0;0
13/08/2016;17:21:00;339;sem vítima;366,3;BR-163/MS;Sul;Colisão com veículos (traseira);1;0;0;0;0;0;0;0;0;1;3;0;0;0;0
13/08/2016;18:16:00;357;com vítima;483,2;BR-163/MS;Sul;Colisão com veículos (traseira);1;0;0;1;0;0;0;0;0;0;3;1;0;0;0
13/08/2016;19:26:00;370;com vítima;220;BR-163/MS;Sul;Colisão lateral no mesmo sentido;1;0;1;0;0;0;0;0;0;0;6;2;0;0;0
14/08/2016;02:25:00;20;sem vítima;483,2;BR-163/MS;Sul;Tombamento;1;0;0;0;0;0;0;0;0;0;1;0;0;0;0
14/08/2016;08:29:00;93;sem vítima;657;BR-163/MS;Sul;Tombamento;0;0;1;0;0;0;0;0;0;0;4;0;0;0;0
14/08/2016;10:47:00;132;com vítima;426;BR-163/MS;Sul;Colisão com veículos (traseira);0;0;2;0;0;0;0;0;0;0;1;1;0;0;0
14/08/2016;12:59:00;159;com vítima;621;BR-163/MS;Sul;Tombamento de moto;0;0;0;1;0;0;0;0;0;0;0;0;0;0;1
14/08/2016;16:22:00;216;sem vítima;632,9;BR-163/MS;Norte;Tombamento;0;0;1;0;0;1;0;0;0;0;2;0;0;0;0
14/08/2016;17:22:00;231;com vítima;497;BR-163/MS;Norte;Tombamento de moto;0;0;0;1;0;0;0;0;0;0;0;0;1;0;0
14/08/2016;19:27:00;261;com vítima;477,8;BR-163/MS;Sul;Colisão lateral no sentido contrário;1;0;1;0;0;0;0;0;0;0;1;6;0;1;0
14/08/2016;21:52:00;284;sem vítima;261,5;BR-163/MS;Norte;Atropelamento de animais;1;0;0;0;0;0;0;0;0;0;1;0;0;0;0
14/08/2016;22:19:00;290;com vítima;261,5;BR-163/MS;Sul;Colisão com veículos (traseira);3;0;0;0;0;0;0;0;0;0;4;1;0;0;0
15/08/2016;03:59:00;10;sem vítima;687,8;BR-163/MS;Sul;Capotamento;0;0;0;0;0;0;0;0;0;1;2;0;0;0;0
15/08/2016;05:22:00;15;com vítima;354,4;BR-163/MS;Norte;Saídas de pista;1;0;0;0;0;0;0;0;0;0;2;2;0;0;0
15/08/2016;07:26:00;46;com vítima;478;BR-163/MS;Sul;Colisão lateral no sentido contrário;0;0;0;2;0;0;0;0;0;0;0;2;0;0;0
15/08/2016;08:31:00;94;sem vítima;9;BR-163/MS;Norte;Colisão c/ obstáculos;1;0;0;0;0;0;0;0;0;0;2;0;0;0;0
15/08/2016;10:04:00;137;com vítima;35,8;BR-163/MS;Norte;Colisão com veículos (traseira);2;0;0;0;0;0;0;0;0;0;3;1;0;0;0
15/08/2016;18:03:00;273;sem vítima;191;BR-163/MS;Norte;Colisão com veículos (traseira);1;0;0;0;0;0;0;0;0;1;2;0;0;0;0
16/08/2016;02:29:00;16;sem vítima;461,65;BR-163/MS;Norte;Tombamento;0;0;1;0;0;0;0;0;0;0;1;0;0;0;0
16/08/2016;06:38:00;42;sem vítima;189;BR-163/MS;Norte;Capotamento;1;0;0;0;0;0;0;0;0;0;2;0;0;0;0
16/08/2016;09:26:00;148;sem vítima;329;BR-163/MS;Norte;Colisão lateral no mesmo sentido;1;0;0;0;0;0;0;0;0;1;4;0;0;0;0
16/08/2016;14:16:00;243;com vítima;669;BR-163/MS;Sul;Capotamento;0;0;0;0;0;0;0;0;0;1;0;1;0;0;0
16/08/2016;18:32:00;313;sem vítima;21;BR-163/MS;Sul;Atropelamento de animais;0;0;1;0;0;0;0;0;0;0;1;0;0;0;0
17/08/2016;07:25:00;82;com vítima;481;BR-163/MS;Norte;Tombamento de moto;0;0;0;1;0;0;0;0;0;0;0;1;0;0;0
17/08/2016;10:21:00;161;com vítima;59;BR-163/MS;Norte;Saídas de pista;0;0;0;1;0;0;0;0;0;0;0;1;0;0;0
17/08/2016;16:28:00;295;sem vítima;614;BR-163/MS;Norte;Colisão com veículos (traseira);0;0;1;0;0;0;0;0;0;1;5;0;0;0;0
18/08/2016;01:47:00;20;com vítima;728,5;BR-163/MS;Norte;Atropelamento de pedestre;1;0;0;0;0;0;0;0;0;0;1;1;0;0;0
18/08/2016;13:35:00;233;com vítima;485;BR-163/MS;Norte;Colisão lateral no sentido contrário;0;0;0;2;0;0;0;0;0;0;1;3;0;0;0
18/08/2016;17:00:00;328;sem vítima;723;BR-163/MS;Sul;Capotamento;1;0;0;0;0;0;0;0;0;0;1;0;0;0;0
18/08/2016;18:09:00;347;com vítima;257,1;BR-163/MS;Sul;Colisão com veículos (traseira);1;0;0;1;0;0;0;0;0;0;1;1;0;0;0
18/08/2016;21:33:00;384;com vítima;326;BR-163/MS;Sul;Saídas de pista;1;0;0;0;0;0;0;0;0;0;0;0;1;0;0
18/08/2016;22:41:00;394;sem vítima;547,2;BR-163/MS;Norte;Atropelamento de animais;0;0;1;0;0;0;0;0;0;1;5;0;0;0;0
19/08/2016;10:57:00;179;com vítima;484;BR-163/MS;Sul;Colisão lateral no sentido contrário;0;0;0;1;0;0;0;0;0;1;2;1;0;1;0
19/08/2016;14:45:00;236;sem vítima;343;BR-163/MS;Sul;Colisão com veículos (traseira);1;0;1;0;0;0;0;0;0;0;5;0;0;0;0
19/08/2016;14:48:00;237;sem vítima;2;BR-163/MS;Norte;Engavetamento;3;0;0;0;0;0;0;0;0;0;8;0;0;0;0
19/08/2016;15:36:00;254;sem vítima;2,8;BR-163/MS;Norte;Colisão com veículos (traseira);2;0;0;0;0;0;0;0;0;0;3;0;0;0;0
19/08/2016;19:55:00;331;sem vítima;505;BR-163/MS;Sul;Tombamento;0;0;1;0;0;1;0;0;0;0;2;0;0;0;0
19/08/2016;20:11:00;334;com vítima;808,2;BR-163/MS;Norte;Atropelamento de animais;0;0;0;1;0;0;0;0;0;0;0;1;0;0;0
20/08/2016;00:09:00;2;sem vítima;431,8;BR-163/MS;Norte;Colisão c/ obstáculos;1;0;0;0;0;0;0;0;0;0;1;0;0;0;0
20/08/2016;15:10:00;228;com vítima;259;BR-163/MS;Norte;Tombamento de moto;0;0;0;1;0;0;0;0;0;0;0;2;0;0;0
20/08/2016;17:24:00;266;sem vítima;837,5;BR-163/MS;Sul;Colisão lateral no sentido contrário;1;0;0;0;0;0;0;0;0;1;3;0;0;0;0
20/08/2016;20:44:00;325;com vítima;507,2;BR-163/MS;Norte;Capotamento;1;0;0;0;0;0;0;0;0;0;0;2;0;0;0
20/08/2016;23:17:00;370;com vítima;142,2;BR-163/MS;Sul;Atropelamento de animais;0;0;0;0;0;0;0;0;0;1;2;3;0;0;0
21/08/2016;17:53:00;283;com vítima;270;BR-163/MS;Norte;Tombamento de moto;0;0;0;1;0;1;0;0;0;0;1;1;0;0;0
21/08/2016;19:16:00;306;com vítima;638;BR-163/MS;Norte;Colisão com veículos (traseira);2;0;0;0;0;1;0;0;0;0;8;1;0;0;0
21/08/2016;21:47:00;327;sem vítima;34,1;BR-163/MS;Norte;Saídas de pista;0;0;1;0;0;0;0;0;0;0;1;0;0;0;0
22/08/2016;00:04:00;2;sem vítima;257;BR-163/MS;Norte;Saídas de pista;1;0;0;0;0;0;0;0;0;0;1;0;0;0;0
22/08/2016;07:17:00;81;com vítima;262;BR-163/MS;Sul;Saídas de pista;0;0;0;1;0;0;0;0;0;0;1;1;0;0;0
22/08/2016;16:45:00;314;sem vítima;9,8;BR-163/MS;Sul;Colisão c/ obstáculos;1;0;0;0;0;0;0;0;0;0;1;0;0;0;0
22/08/2016;18:04:00;332;com vítima;615,5;BR-163/MS;Norte;Colisão lateral no sentido contrário;1;0;0;0;0;0;0;0;0;1;2;2;0;0;0
23/08/2016;21:51:00;308;sem vítima;818;BR-163/MS;Norte;Colisão c/ obstáculos;0;0;1;0;0;0;0;0;0;0;1;0;0;0;0
24/08/2016;06:41:00;33;sem vítima;435,8;BR-163/MS;Norte;Colisão c/ obstáculos;1;0;1;0;0;0;0;0;0;0;6;0;0;0;0
24/08/2016;08:15:00;76;com vítima;621;BR-163/MS;Norte;Tombamento de moto;0;0;0;1;0;0;0;0;0;0;0;1;0;0;0
24/08/2016;19:01:00;314;com vítima;628,628;BR-163/MS;Norte;Capotamento;1;0;0;0;0;0;0;0;0;0;0;3;0;0;0
25/08/2016;05:58:00;46;sem vítima;204,6;BR-163/MS;Norte;Tombamento;0;0;1;0;0;0;0;0;0;0;1;0;0;0;0
25/08/2016;15:42:00;283;com vítima;127;BR-163/MS;Sul;Tombamento;0;0;1;0;0;0;0;0;0;0;0;1;0;0;0
25/08/2016;17:40:00;306;com vítima;260;BR-163/MS;Norte;Tombamento de moto;0;0;0;1;0;0;0;0;0;0;0;1;0;0;0
25/08/2016;18:00:00;310;com vítima;494;BR-163/MS;Norte;Tombamento de moto;0;0;0;1;0;0;0;0;0;0;0;1;0;0;0
25/08/2016;18:58:00;328;com vítima;124,5;BR-163/MS;Sul;Atropelamento de pedestre;1;0;0;0;0;0;0;0;0;0;1;0;0;1;0
26/08/2016;02:31:00;23;sem vítima;584,86;BR-163/MS;Norte;Atropelamento de animais;2;0;0;0;0;0;0;0;0;0;10;0;0;0;0
26/08/2016;05:20:00;40;sem vítima;489,337;BR-163/MS;Sul;Colisão com veículos (traseira);2;0;0;0;0;0;0;0;0;1;3;0;0;0;0
26/08/2016;13:34:00;252;com vítima;607;BR-163/MS;Norte;Colisão lateral no sentido contrário;2;0;0;0;0;0;0;0;0;0;3;1;0;0;0
26/08/2016;14:45:00;280;com vítima;473;BR-163/MS;Sul;Colisão com veículos (frontal);1;0;1;0;0;2;0;0;0;0;3;0;0;0;2
26/08/2016;17:45:00;343;com vítima;814,9;BR-163/MS;Norte;Colisão com veículos (traseira);1;0;0;0;0;0;0;0;0;1;1;1;0;0;0
26/08/2016;19:22:00;372;sem vítima;378,8;BR-163/MS;Norte;Atropelamento de animais;1;0;0;0;0;0;0;0;0;0;1;0;0;0;0
26/08/2016;23:05:00;417;sem vítima;494,5;BR-163/MS;Norte;Tombamento de moto;0;0;0;1;0;0;0;0;0;0;1;0;0;0;0
27/08/2016;00:45:00;5;sem vítima;514,227;BR-163/MS;Sul;Atropelamento de animais;1;0;0;0;0;0;0;0;0;0;2;0;0;0;0
27/08/2016;00:51:00;6;sem vítima;248,5;BR-163/MS;Sul;Colisão c/ obstáculos;1;0;0;0;0;0;0;0;0;0;1;0;0;0;0
27/08/2016;10:53:00;143;sem vítima;462,8;BR-163/MS;Sul;Colisão com veículos (traseira);2;0;0;0;0;0;0;0;0;0;2;0;0;0;0
28/08/2016;15:06:00;209;com vítima;836;BR-163/MS;Norte;Tombamento de moto;0;0;0;1;0;0;0;0;0;0;0;0;1;0;0
28/08/2016;21:06:00;310;com vítima;215,214;BR-163/MS;Norte;Colisão c/ obstáculos;0;0;0;0;0;0;0;0;0;1;0;1;0;0;0
28/08/2016;21:45:00;315;com vítima;444;BR-163/MS;Norte;Tombamento de moto;0;0;1;0;0;2;0;0;0;0;2;1;0;0;0
29/08/2016;04:22:00;40;com vítima;264,487;BR-163/MS;Norte;Tombamento de moto;0;0;0;1;0;0;0;0;0;0;0;2;0;0;0
29/08/2016;04:43:00;42;com vítima;193;BR-163/MS;Norte;Saídas de pista;0;0;0;0;0;0;0;0;0;1;2;1;0;0;0
29/08/2016;09:58:00;145;com vítima;550;BR-163/MS;Norte;Capotamento;0;0;0;0;0;0;0;0;0;1;0;1;1;0;0
29/08/2016;13:42:00;199;sem vítima;654;BR-163/MS;Sul;Saídas de pista;0;0;0;0;0;0;0;0;0;1;2;0;0;0;0
29/08/2016;14:23:00;209;sem vítima;751;BR-163/MS;Norte;Colisão com veículos (traseira);0;0;3;0;0;1;0;0;0;0;4;0;0;0;0
30/08/2016;07:02:00;54;com vítima;490;BR-163/MS;Sul;Colisão lateral no mesmo sentido;0;0;1;1;0;0;0;0;0;0;1;0;0;1;0
30/08/2016;11:01:00;124;sem vítima;507;BR-163/MS;Sul;Colisão c/ obstáculos;1;0;0;0;0;0;0;0;0;0;2;0;0;0;0
30/08/2016;13:04:00;151;com vítima;103,8;BR-163/MS;Norte;Tombamento de moto;0;0;0;1;0;0;0;0;0;0;0;1;0;0;0
30/08/2016;13:12:00;152;sem vítima;397;BR-163/MS;Norte;Saídas de pista;0;0;0;0;0;0;0;0;0;1;2;0;0;0;0
31/08/2016;02:31:00;9;sem vítima;51,861;BR-163/MS;Norte;Colisão com veículos (traseira);0;0;1;0;0;1;0;0;0;0;2;0;0;0;0
31/08/2016;07:21:00;37;sem vítima;527;BR-163/MS;Norte;Colisão com veículos (traseira);2;0;0;0;0;0;0;0;0;0;7;0;0;0;0
31/08/2016;14:35:00;211;com vítima;486;BR-163/MS;Norte;Colisão lateral no sentido contrário;1;0;0;1;0;0;0;0;0;0;1;1;0;0;0
01/09/2016;00:33:00;2;com vítima;43,439;BR-163/MS;Norte;Atropelamento de animais;1;0;0;0;0;0;0;0;0;0;0;1;0;0;0
01/09/2016;12:26:00;201;sem vítima;520;BR-163/MS;Norte;Capotamento;1;0;0;0;0;0;0;0;0;0;1;0;0;0;0
01/09/2016;12:35:00;202;com vítima;582,3;BR-163/MS;Norte;Capotamento;1;0;0;0;0;0;0;0;0;0;0;1;0;0;0
01/09/2016;16:10:00;270;sem vítima;643,662;BR-163/MS;Norte;Tombamento;0;0;1;0;0;2;0;0;0;0;3;0;0;0;0
01/09/2016;18:12:00;299;com vítima;252,44;BR-163/MS;Norte;Colisão lateral no sentido contrário;0;1;0;2;0;0;0;0;0;0;0;2;0;0;1
01/09/2016;20:30:00;330;com vítima;615;BR-163/MS;Norte;Colisão lateral no mesmo sentido;1;0;0;1;0;0;0;0;0;0;1;0;1;0;0
02/09/2016;13:03:00;276;sem vítima;768;BR-163/MS;Norte;Tombamento;0;0;1;0;0;2;0;0;0;0;3;0;0;0;0
02/09/2016;16:13:00;350;sem vítima;482;BR-163/MS;Sul;Colisão lateral no mesmo sentido;1;0;0;1;0;0;0;0;0;0;3;0;0;0;0
02/09/2016;18:16:00;380;sem vítima;512,84;BR-163/MS;Norte;Saídas de pista;0;0;0;0;0;0;0;0;0;1;1;0;0;0;0
02/09/2016;20:46:00;416;com vítima;486,58;BR-163/MS;Norte;Colisão lateral no sentido contrário;1;0;1;1;0;0;0;0;0;0;0;2;1;1;2
03/09/2016;02:56:00;33;sem vítima;479,419;BR-163/MS;Norte;Colisão com veículos (frontal);1;0;0;0;0;1;0;0;0;0;2;0;0;0;0
03/09/2016;04:38:00;45;sem vítima;477,255;BR-163/MS;Norte;Colisão c/ obstáculos;1;0;0;0;0;0;0;0;0;0;1;0;0;0;0
03/09/2016;08:08:00;93;com vítima;217;BR-163/MS;Norte;Saídas de pista;1;0;0;0;0;0;0;0;0;0;0;1;0;0;0
03/09/2016;18:45:00;301;com vítima;648,31;BR-163/MS;Norte;Tombamento de moto;0;0;0;1;0;0;0;0;0;0;0;1;0;0;0
03/09/2016;19:24:00;308;sem vítima;217;BR-163/MS;Norte;Atropelamento de animais;1;0;0;0;0;0;0;0;0;0;1;0;0;0;0
04/09/2016;18:46:00;247;com vítima;263,69;BR-163/MS;Norte;Colisão com veículos (traseira);0;0;1;1;0;0;0;0;0;0;1;1;0;0;0
05/09/2016;09:17:00;95;sem vítima;341,8;BR-163/MS;Norte;Colisão com veículos (traseira);1;0;0;0;0;0;0;0;0;1;7;0;0;0;0
05/09/2016;12:20:00;141;sem vítima;447;BR-163/MS;Sul;Colisão com veículos (frontal);0;0;2;0;0;0;0;0;0;1;4;0;0;0;0
05/09/2016;13:24:00;154;com vítima;814,6;BR-163/MS;Norte;Capotamento;1;0;0;0;0;0;0;0;0;0;1;1;2;0;0