data;horario;n_da_ocorrencia;tipo_de_ocorrencia;km;trecho;sentido;tipo_de_acidente;automovel;bicicleta;caminhao;moto;onibus;outros;tracao_animal;transporte_de_cargas_especiais;trator_maquinas;utilitarios;ilesos;levemente_feridos;moderadamente_feridos;gravemente_feridos;mortos
05/09/2016;15:15:00;177;com vítima;487;BR-163/MS;Norte;Colisão lateral no mesmo sentido;2;0;0;0;0;0;0;0;0;0;2;1;0;0;0
06/09/2016;11:44:00;198;sem vítima;475;BR-163/MS;Sul;Colisão lateral no mesmo sentido;1;0;1;0;0;0;0;0;0;0;3;0;0;0;0
06/09/2016;18:23:00;352;com vítima;151,7;BR-163/MS;Sul;Saídas de pista;1;0;0;0;0;1;0;0;0;0;2;1;0;0;0
06/09/2016;21:17:00;393;sem vítima;346,3;BR-163/MS;Sul;Atropelamento de animais;1;0;0;0;0;0;0;0;0;0;2;0;0;0;0
07/09/2016;10:07:00;148;com vítima;18;BR-163/MS;Norte;Capotamento;1;0;0;0;0;0;0;0;0;0;0;2;0;0;0
07/09/2016;19:16:00;309;sem vítima;432,787;BR-163/MS;Norte;Colisão c/ obstáculos;0;0;0;0;0;0;0;0;0;1;1;0;0;0;0
07/09/2016;19:25:00;314;com vítima;736,233;BR-163/MS;Norte;Atropelamento de animais;1;0;0;0;0;0;0;0;0;0;0;1;0;0;0
07/09/2016;22:26:00;339;sem vítima;51,9;BR-163/MS;Sul;Saídas de pista;0;0;0;1;0;0;0;0;0;0;1;0;0;0;0
07/09/2016;22:41:00;342;sem vítima;478,695;BR-163/MS;Norte;Saídas de pista;1;0;0;0;0;0;0;0;0;0;1;0;0;0;0
08/09/2016;19:57:00;347;sem vítima;682,5;BR-163/MS;Norte;Colisão c/ obstáculos;0;0;0;0;0;0;0;0;0;1;1;0;0;0;0
08/09/2016;20:22:00;350;com vítima;480,7;BR-163/MS;Norte;Atropelamento de pedestre;0;0;0;1;0;0;0;0;0;0;0;1;0;1;0
09/09/2016;06:37:00;44;com vítima;271;BR-163/MS;Norte;Tombamento de moto;0;0;0;1;0;0;0;0;0;0;0;1;0;0;0
09/09/2016;14:26:00;296;sem vítima;526;BR-163/MS;Norte;Colisão com veículos (traseira);2;0;0;0;0;0;0;0;0;0;6;0;0;0;0
10/09/2016;08:22:00;95;sem vítima;77,4;BR-163/MS;Sul;Colisão lateral no mesmo sentido;2;1;1;0;0;0;0;0;0;0;4;0;0;0;0
10/09/2016;12:41:00;177;com vítima;478;BR-163/MS;Norte;Tombamento de moto;0;0;0;1;0;0;0;0;0;0;0;2;0;0;0
10/09/2016;16:01:00;236;com vítima;104;BR-163/MS;Sul;Tombamento;0;0;1;0;0;0;0;0;0;0;0;1;0;0;0
10/09/2016;18:22:00;278;com vítima;487,929;BR-163/MS;Norte;Tombamento de moto;0;0;0;1;0;0;0;0;0;0;0;1;0;0;0
10/09/2016;19:18:00;287;sem vítima;490,524;BR-163/MS;Norte;Colisão lateral no sentido contrário;1;0;0;0;0;0;0;0;0;1;5;0;0;0;0
11/09/2016;03:52:00;59;com vítima;676,776;BR-163/MS;Norte;Colisão c/ obstáculos;0;0;0;1;0;0;0;0;0;0;0;0;1;1;0
11/09/2016;04:26:00;64;sem vítima;441;BR-163/MS;Norte;Colisão c/ obstáculos;1;0;0;0;0;0;0;0;0;0;1;0;0;0;0
11/09/2016;08:53:00;130;com vítima;48;BR-163/MS;Norte;Capotamento;1;0;0;0;0;0;0;0;0;0;0;1;0;0;0
12/09/2016;01:18:00;8;sem vítima;552,568;BR-163/MS;Norte;Atropelamento de animais;1;0;0;0;0;0;0;0;0;0;1;0;0;0;0
12/09/2016;07:36:00;69;sem vítima;557;BR-163/MS;Norte;Colisão lateral no mesmo sentido;1;0;1;0;0;0;0;0;0;0;2;0;0;0;0
12/09/2016;16:03:00;259;sem vítima;399,3;BR-163/MS;Sul;Saídas de pista;1;0;0;0;0;0;0;0;0;0;1;0;0;0;0
12/09/2016;18:24:00;300;sem vítima;488;BR-163/MS;Sul;Tombamento;0;0;1;0;0;0;0;0;0;0;2;0;0;0;0
12/09/2016;20:22:00;323;sem vítima;706,366;BR-163/MS;Norte;Atropelamento de animais;0;0;0;0;0;0;0;0;0;1;1;0;0;0;0
13/09/2016;04:03:00;20;com vítima;682,226;BR-163/MS;Sul;Atropelamento de animais;1;0;0;0;0;0;0;0;0;0;0;1;0;0;0
13/09/2016;04:42:00;26;sem vítima;473;BR-163/MS;Sul;Atropelamento de animais;0;0;0;0;0;0;0;0;0;1;1;0;0;0;0
13/09/2016;11:23:00;145;sem vítima;819;BR-163/MS;Norte;Colisão lateral no sentido contrário;0;0;0;0;0;0;0;0;0;2;2;0;0;0;0
14/09/2016;00:19:00;1;sem vítima;514;BR-163/MS;Norte;Atropelamento de animais;1;0;0;0;0;0;0;0;0;0;2;0;0;0;0
14/09/2016;03:43:00;13;sem vítima;256,742;BR-163/MS;Norte;Atropelamento de animais;0;0;0;0;0;0;0;0;0;1;1;0;0;0;0
14/09/2016;21:14:00;323;com vítima;317,2;BR-163/MS;Sul;Engavetamento;1;0;2;0;0;0;0;0;0;0;3;2;0;0;0
14/09/2016;23:44:00;350;sem vítima;407;BR-163/MS;Sul;Saídas de pista;1;0;0;0;0;0;0;0;0;0;1;0;0;0;0
15/09/2016;13:51:00;278;sem vítima;269;BR-163/MS;Sul;Colisão com veículos (traseira);1;0;0;0;0;0;0;0;0;1;2;0;0;0;0
15/09/2016;18:03:00;348;sem vítima;536,5;BR-163/MS;Norte;Colisão com veículos (traseira);1;0;0;0;0;1;0;0;0;0;3;0;0;0;0
15/09/2016;18:22:00;352;sem vítima;1,37;BR-163/MS;Sul;Saídas de pista;1;0;0;0;0;0;0;0;0;0;1;0;0;0;0
15/09/2016;18:52:00;357;com vítima;477;BR-163/MS;Norte;Colisão lateral no sentido contrário;0;0;1;1;0;0;0;0;0;0;1;1;0;0;0
16/09/2016;00:18:00;14;sem vítima;105,194;BR-163/MS;Sul;Colisão c/ obstáculos;0;0;0;0;0;0;0;0;0;1;1;0;0;0;0
16/09/2016;05:25:00;39;sem vítima;280,228;BR-163/MS;Norte;Colisão lateral no mesmo sentido;2;0;0;0;0;0;0;0;0;0;2;0;0;0;0
16/09/2016;11:07:00;180;sem vítima;210;BR-163/MS;Sul;Saídas de pista;1;0;1;0;0;0;0;0;0;0;2;0;0;0;0
16/09/2016;14:52:00;251;sem vítima;65;BR-163/MS;Sul;Colisão com veículos (traseira);0;0;0;0;2;0;0;0;0;0;2;0;0;0;0
16/09/2016;15:47:00;263;sem vítima;494;BR-163/MS;Sul;Colisão lateral no mesmo sentido;1;0;0;0;0;0;0;0;0;1;4;0;0;0;0
16/09/2016;18:43:00;305;sem vítima;520;BR-163/MS;Norte;Capotamento;1;0;0;0;0;0;0;0;0;0;1;0;0;0;0
16/09/2016;19:26:00;313;com vítima;278,783;BR-163/MS;Sul;Colisão c/ obstáculos;0;0;0;1;0;0;0;0;0;0;0;0;1;0;0
16/09/2016;20:01:00;318;com vítima;266,52;BR-163/MS;Sul;Colisão lateral no sentido contrário;1;1;0;0;0;0;0;0;0;0;1;1;0;0;0
16/09/2016;22:56:00;346;com vítima;732,699;BR-163/MS;Sul;Colisão lateral no mesmo sentido;1;0;0;0;1;0;0;0;0;0;40;0;1;0;0
16/09/2016;23:17:00;351;sem vítima;6,5;BR-163/MS;Sul;Colisão c/ obstáculos;0;0;0;0;0;0;0;0;0;1;1;0;0;0;0
16/09/2016;23:20:00;352;com vítima;543,897;BR-163/MS;Norte;Atropelamento de animais;1;0;0;0;1;0;0;0;0;0;3;1;0;0;0
17/09/2016;14:30:00;200;com vítima;489;BR-163/MS;Norte;Tombamento de moto;0;0;0;1;0;0;0;0;0;0;0;1;0;0;0
17/09/2016;16:43:00;254;com vítima;65;BR-163/MS;Sul;Saídas de pista;0;0;1;0;0;0;0;0;0;0;0;1;0;0;0
18/09/2016;02:45:00;39;com vítima;240;BR-163/MS;Sul;Capotamento;1;0;0;0;0;0;0;0;0;0;0;0;1;0;0
18/09/2016;08:53:00;113;sem vítima;65;BR-163/MS;Sul;Colisão com veículos (traseira);2;0;0;0;0;0;0;0;0;0;6;0;0;0;0
18/09/2016;11:54:00;182;sem vítima;657;BR-163/MS;Sul;Colisão c/ obstáculos;1;0;0;0;0;0;0;0;0;0;1;0;0;0;0
18/09/2016;19:14:00;342;com vítima;782;BR-163/MS;Norte;Colisão c/ obstáculos;0;0;0;1;0;0;0;0;0;0;0;0;1;0;0
18/09/2016;20:44:00;360;com vítima;257;BR-163/MS;Sul;Colisão com veículos (traseira);1;1;0;0;0;0;0;0;0;0;2;2;0;0;1
18/09/2016;21:00:00;363;sem vítima;747;BR-163/MS;Norte;Saídas de pista;0;0;1;0;0;0;0;0;0;0;1;0;0;0;0
19/09/2016;06:17:00;62;com vítima;270;BR-163/MS;Norte;Colisão lateral no mesmo sentido;1;0;0;1;0;0;0;0;0;0;1;0;1;0;0
19/09/2016;08:10:00;114;com vítima;144,361;BR-163/MS;Sul;Tombamento;0;0;1;0;0;2;0;0;0;0;2;0;1;0;0
19/09/2016;09:17:00;151;sem vítima;46,3;BR-163/MS;Norte;Tombamento;0;0;0;0;0;0;0;0;0;1;1;0;0;0;0
19/09/2016;14:20:00;240;com vítima;569,2;BR-163/MS;Norte;Capotamento;1;0;0;0;0;0;0;0;0;0;1;2;0;0;0
19/09/2016;18:19:00;299;sem vítima;360;BR-163/MS;Norte;Atropelamento de animais;1;0;0;0;0;0;0;0;0;0;1;0;0;0;0
19/09/2016;19:35:00;313;sem vítima;362;BR-163/MS;Norte;Atropelamento de animais;0;0;0;0;0;1;0;0;0;1;2;0;0;0;0
19/09/2016;22:39:00;350;sem vítima;294,4;BR-163/MS;Norte;Atropelamento de animais;1;0;0;0;0;0;0;0;0;0;1;0;0;0;0
20/09/2016;07:09:00;44;sem vítima;8,2;BR-163/MS;Norte;Colisão lateral no mesmo sentido;2;0;0;0;0;0;0;0;0;0;5;0;0;0;0
20/09/2016;17:46:00;289;sem vítima;420,8;BR-163/MS;Sul;Colisão lateral no mesmo sentido;1;0;1;0;0;0;0;0;0;0;2;0;0;0;0
20/09/2016;19:38:00;317;com vítima;623,25;BR-163/MS;Norte;Colisão com veículos (traseira);2;0;0;0;0;0;0;0;0;0;4;1;0;0;0
20/09/2016;22:41:00;351;sem vítima;187,7;BR-163/MS;Sul;Atropelamento de animais;1;0;0;0;0;0;0;0;0;0;2;0;0;0;0
21/09/2016;00:39:00;4;sem vítima;75,9;BR-163/MS;Norte;Tombamento;0;0;0;0;0;0;0;0;0;1;1;0;0;0;0
21/09/2016;19:49:00;343;com vítima;494,41;BR-163/MS;Sul;Tombamento de moto;0;0;0;1;0;0;0;0;0;0;1;1;0;0;0
22/09/2016;06:20:00;43;com vítima;475;BR-163/MS;Norte;Colisão lateral no sentido contrário;0;0;2;0;0;1;0;0;0;0;3;1;0;0;0
22/09/2016;09:33:00;140;sem vítima;5;BR-163/MS;Sul;Colisão com veículos (frontal);0;0;1;0;0;1;0;0;0;1;3;0;0;0;0
22/09/2016;10:59:00;171;com vítima;484;BR-163/MS;Sul;Tombamento de moto;0;0;1;1;0;0;0;0;0;0;1;1;0;0;0
22/09/2016;13:25:00;207;com vítima;479;BR-163/MS;Sul;Colisão com veículos (traseira);0;0;1;1;0;0;0;0;0;0;1;1;0;0;0
23/09/2016;07:57:00;78;com vítima;589;BR-163/MS;Sul;Colisão lateral no mesmo sentido;1;0;1;0;0;0;0;0;0;0;1;1;0;0;0
23/09/2016;09:23:00;124;sem vítima;485;BR-163/MS;Sul;Engavetamento;0;0;3;0;0;0;0;0;0;1;5;0;0;0;0
23/09/2016;19:50:00;300;sem vítima;364;BR-163/MS;Norte;Colisão com veículos (traseira);2;0;0;0;0;0;0;0;0;0;2;0;0;0;0
23/09/2016;20:47:00;313;sem vítima;335,331;BR-163/MS;Sul;Atropelamento de animais;1;0;0;0;0;0;0;0;0;0;1;0;0;0;0
24/09/2016;03:44:00;25;com vítima;67,31;BR-163/MS;Norte;Colisão com veículos (traseira);0;0;2;0;0;0;0;0;0;0;1;1;0;0;0
24/09/2016;16:50:00;265;sem vítima;541;BR-163/MS;Sul;Engavetamento;3;0;0;0;0;0;0;0;0;0;11;0;0;0;0
24/09/2016;19:16:00;305;com vítima;479;BR-163/MS;Norte;Colisão lateral no mesmo sentido;1;0;0;1;0;0;0;0;0;0;1;0;1;0;0
24/09/2016;22:43:00;333;com vítima;621;BR-163/MS;Sul;Tombamento;0;0;1;0;0;0;0;0;0;0;0;1;0;0;0
25/09/2016;06:16:00;43;com vítima;13,9;BR-163/MS;Norte;Saídas de pista;1;0;0;0;0;0;0;0;0;0;0;1;0;0;0
25/09/2016;15:38:00;224;sem vítima;147;BR-163/MS;Sul;Saídas de pista;0;0;0;0;0;0;0;0;0;1;3;0;0;0;0
25/09/2016;19:35:00;303;sem vítima;528,409;BR-163/MS;Sul;Saídas de pista;1;0;0;0;0;0;0;0;0;0;1;0;0;0;0
25/09/2016;20:38:00;323;com vítima;258;BR-163/MS;Norte;Colisão com veículos (frontal);0;0;1;1;0;0;0;0;0;0;1;1;0;0;0
25/09/2016;23:15:00;354;sem vítima;558;BR-163/MS;Norte;Atropelamento de animais;1;0;0;0;0;0;0;0;0;1;4;0;0;0;0
26/09/2016;07:05:00;61;com vítima;478,8;BR-163/MS;Norte;Colisão lateral no sentido contrário;2;0;0;0;0;0;0;0;0;0;0;2;1;0;0
26/09/2016;08:12:00;90;com vítima;529;BR-163/MS;Sul;Colisão com veículos (traseira);1;0;0;1;0;0;0;0;0;0;3;2;0;0;0
26/09/2016;18:30:00;314;com vítima;208;BR-163/MS;Norte;Colisão lateral no mesmo sentido;1;0;0;0;0;1;0;0;0;0;2;1;0;0;0
26/09/2016;18:46:00;319;sem vítima;215;BR-163/MS;Sul;Tombamento;0;0;1;0;0;0;0;0;0;0;1;0;0;0;0
27/09/2016;13:09:00;195;com vítima;615;BR-163/MS;Norte;Colisão lateral no sentido contrário;2;0;0;0;0;0;0;0;0;0;1;1;0;0;0
27/09/2016;18:33:00;298;sem vítima;533;BR-163/MS;Norte;Colisão com veículos (traseira);1;0;0;0;0;0;0;0;0;1;2;0;0;0;0
28/09/2016;05:32:00;27;sem vítima;36,4;BR-163/MS;Sul;Colisão com veículos (traseira);0;0;2;0;0;0;0;0;0;0;2;0;0;0;0
28/09/2016;07:52:00;60;com vítima;113,9;BR-163/MS;Sul;Tombamento de moto;0;0;0;1;0;0;0;0;0;0;0;1;0;0;0
28/09/2016;12:32:00;173;com vítima;693,2;BR-163/MS;Norte;Engavetamento;2;0;1;0;0;0;0;0;0;0;4;1;0;0;0
28/09/2016;12:54:00;180;sem vítima;524;BR-163/MS;Norte;Colisão com veículos (traseira);0;0;0;0;0;0;0;0;0;2;6;0;0;0;0
28/09/2016;21:00:00;312;sem vítima;322;BR-163/MS;Norte;Atropelamento de animais;1;0;0;0;0;0;0;0;0;0;1;0;0;0;0
28/09/2016;23:21:00;335;sem vítima;463,589;BR-163/MS;Norte;Atropelamento de animais;0;0;1;0;0;0;0;0;0;0;1;0;0;0;0
29/09/2016;02:42:00;18;com vítima;789,231;BR-163/MS;Norte;Colisão com veículos (traseira);0;0;0;0;1;1;0;0;0;0;14;1;0;0;0
29/09/2016;09:58:00;151;sem vítima;172;BR-163/MS;Sul;Tombamento de moto;0;0;0;1;0;0;0;0;0;0;1;0;0;0;0
29/09/2016;14:46:00;273;com vítima;365;BR-163/MS;Norte;Colisão com veículos (traseira);0;0;2;0;0;0;0;0;0;2;0;4;0;0;0
29/09/2016;15:21:00;290;sem vítima;666;BR-163/MS;Norte;Colisão lateral no mesmo sentido;1;0;1;0;0;0;0;0;0;1;3;0;0;0;0
29/09/2016;18:10:00;339;com vítima;217;BR-163/MS;Sul;Colisão c/ obstáculos;0;1;0;1;0;0;0;0;0;0;0;1;1;0;0
29/09/2016;18:41:00;346;com vítima;465,385;BR-163/MS;Norte;Tombamento de moto;0;0;0;1;0;0;0;0;0;0;0;1;0;0;0
29/09/2016;19:15:00;357;sem vítima;220;BR-163/MS;Norte;Colisão lateral no mesmo sentido;1;0;0;0;0;1;0;0;0;0;2;0;0;0;0
29/09/2016;21:36:00;386;com vítima;260,448;BR-163/MS;Sul;Capotamento;0;0;0;0;0;0;0;0;0;1;0;1;0;0;0
30/09/2016;15:10:00;241;sem vítima;104;BR-163/MS;Sul;Tombamento;0;0;1;0;0;2;0;0;0;0;3;0;0;0;0
01/10/2016;03:46:00;38;sem vítima;26,8;BR-163/MS;Sul;Tombamento;0;0;0;1;0;0;0;0;0;0;1;0;0;0;0
01/10/2016;04:33:00;44;com vítima;358,2;BR-163/MS;Norte;Saídas de pista;1;0;0;0;0;0;0;0;0;0;2;1;0;0;0
01/10/2016;10:10:00;120;sem vítima;8;BR-163/MS;Norte;Colisão com veículos (traseira);2;0;0;0;0;0;0;0;0;1;5;0;0;0;0
01/10/2016;14:06:00;175;sem vítima;691;BR-163/MS;Sul;Colisão com veículos (traseira);1;0;1;0;0;0;0;0;0;0;6;0;0;0;0
01/10/2016;18:35:00;257;com vítima;179,973;BR-163/MS;Norte;Colisão lateral no mesmo sentido;0;0;1;1;0;0;0;0;0;0;1;0;1;0;0
01/10/2016;20:33:00;287;com vítima;548,483;BR-163/MS;Norte;Colisão lateral no mesmo sentido;1;0;0;0;0;0;0;0;0;1;1;1;0;0;0
02/10/2016;09:48:00;83;sem vítima;2,1;BR-163/MS;Norte;Tombamento de moto;0;0;0;1;0;0;0;0;0;0;1;0;0;0;0
02/10/2016;19:04:00;262;com vítima;266,905;BR-163/MS;Norte;Colisão c/ obstáculos;0;0;0;1;0;0;0;0;0;0;0;1;0;0;0
03/10/2016;00:06:00;1;sem vítima;465,299;BR-163/MS;Norte;Atropelamento de animais;1;0;0;0;0;0;0;0;0;0;1;0;0;0;0
03/10/2016;05:57:00;32;com vítima;587,566;BR-163/MS;Sul;Tombamento;0;0;1;0;0;0;0;0;0;0;0;1;0;0;0
03/10/2016;07:02:00;45;sem vítima;601,5;BR-163/MS;Norte;Colisão c/ obstáculos;0;0;1;0;0;0;0;0;0;0;1;0;0;0;0
03/10/2016;12:27:00;151;com vítima;632;BR-163/MS;Sul;Capotamento;0;0;1;0;0;0;0;0;0;0;0;1;1;0;0
03/10/2016;16:14:00;210;com vítima;367;BR-163/MS;Norte;Tombamento;0;0;1;0;0;2;0;0;0;0;2;1;0;0;0
03/10/2016;16:32:00;217;com vítima;280;BR-163/MS;Norte;Colisão lateral no sentido contrário;2;0;0;0;0;0;0;0;0;0;1;1;2;0;1
03/10/2016;17:52:00;231;com vítima;562,4;BR-163/MS;Norte;Colisão com veículos (frontal);2;0;0;0;0;0;0;0;0;0;1;3;0;0;0
04/10/2016;18:40:00;248;sem vítima;501;BR-163/MS;Norte;Colisão com veículos (frontal);3;0;0;0;0;0;0;0;0;0;7;0;0;0;0
04/10/2016;21:08:00;274;com vítima;124,82;BR-163/MS;Norte;Tombamento;0;0;0;1;0;0;0;0;0;0;0;1;0;0;0
05/10/2016;00:56:00;10;com vítima;270,6;BR-163/MS;Sul;Colisão lateral no sentido contrário;0;0;0;1;0;1;0;0;0;0;1;1;0;0;0
05/10/2016;06:44:00;42;sem vítima;397;BR-163/MS;Norte;Saídas de pista;1;0;0;0;0;0;0;0;0;0;3;0;0;0;0
05/10/2016;09:09:00;105;com vítima;63;BR-163/MS;Sul;Colisão lateral no mesmo sentido;0;0;2;0;0;0;0;0;0;0;2;1;0;0;0
05/10/2016;14:21:00;213;com vítima;3;BR-163/MS;Sul;Colisão com veículos (traseira);2;0;0;0;0;0;0;0;0;0;2;2;0;0;0
05/10/2016;21:25:00;299;com vítima;683,979;BR-163/MS;Sul;Tombamento de moto;0;0;0;1;0;0;0;0;0;0;0;2;0;0;0
06/10/2016;13:42:00;215;com vítima;775;BR-163/MS;Norte;Colisão com veículos (traseira);1;0;1;0;0;0;0;0;0;0;4;1;0;0;0
06/10/2016;17:39:00;298;com vítima;658,912;BR-163/MS;Norte;Tombamento de moto;0;0;0;1;0;0;0;0;0;0;0;1;0;0;0
07/10/2016;09:14:00;131;sem vítima;391,6;BR-163/MS;Norte;Capotamento;0;0;0;0;0;0;0;0;0;1;1;0;0;0;0
07/10/2016;13:38:00;242;com vítima;479;BR-163/MS;Norte;Colisão com veículos (traseira);2;0;0;0;0;0;0;0;0;0;3;1;0;0;0
07/10/2016;22:16:00;401;sem vítima;470;BR-163/MS;Norte;Atropelamento de animais;0;0;1;0;0;0;0;0;0;0;1;0;0;0;0
08/10/2016;09:48:00;122;sem vítima;492;BR-163/MS;Sul;Saídas de pista;0;0;0;0;0;0;0;0;0;1;1;0;0;0;0
08/10/2016;13:48:00;200;sem vítima;657;BR-163/MS;Norte;Tombamento;0;0;1;0;0;0;0;0;0;0;1;0;0;0;0
08/10/2016;14:25:00;208;com vítima;680;BR-163/MS;Sul;Colisão lateral no mesmo sentido;1;0;0;1;0;0;0;0;0;0;1;1;0;0;0
08/10/2016;17:37:00;271;com vítima;660,5;BR-163/MS;Norte;Colisão com veículos (traseira);0;0;1;1;0;0;0;0;0;0;1;0;0;1;0
08/10/2016;20:52:00;309;sem vítima;304;BR-163/MS;Sul;Colisão c/ obstáculos;1;0;0;0;0;1;0;0;0;0;5;0;0;0;0
08/10/2016;21:23:00;315;com vítima;465;BR-163/MS;Norte;Tombamento de moto;0;0;0;1;0;0;0;0;0;0;1;1;0;0;0
09/10/2016;09:32:00;127;sem vítima;430;BR-163/MS;Norte;Colisão com veículos (traseira);1;0;1;0;0;0;0;0;0;0;4;0;0;0;0
09/10/2016;10:09:00;136;sem vítima;526;BR-163/MS;Sul;Colisão lateral no sentido contrário;1;0;1;0;0;1;0;0;0;0;4;0;0;0;0
09/10/2016;12:43:00;182;sem vítima;76,8;BR-163/MS;Norte;Colisão lateral no mesmo sentido;1;0;1;0;0;0;0;0;0;0;4;0;0;0;0
09/10/2016;17:13:00;278;sem vítima;258;BR-163/MS;Norte;Colisão lateral no mesmo sentido;1;0;1;0;0;0;0;0;0;0;2;0;0;0;0
09/10/2016;20:08:00;322;com vítima;745,717;BR-163/MS;Sul;Tombamento de moto;0;0;0;1;0;0;0;0;0;0;0;2;0;0;0
09/10/2016;21:35:00;333;sem vítima;264,93;BR-163/MS;Sul;Colisão c/ obstáculos;1;0;0;0;0;0;0;0;0;0;1;0;0;0;0
09/10/2016;21:55:00;336;sem vítima;466,523;BR-163/MS;Norte;Colisão c/ obstáculos;1;0;0;0;0;0;0;0;0;0;1;0;0;0;0
09/10/2016;23:29:00;347;sem vítima;548,353;BR-163/MS;Norte;Saídas de pista;1;0;0;0;0;0;0;0;0;0;1;0;0;0;0
10/10/2016;00:16:00;2;sem vítima;282,321;BR-163/MS;Norte;Atropelamento de animais;1;0;0;0;0;0;0;0;0;0;1;0;0;0;0
10/10/2016;10:32:00;163;com vítima;499;BR-163/MS;Norte;Capotamento;1;0;0;0;0;0;0;0;0;0;0;1;0;0;0
10/10/2016;13:33:00;233;com vítima;475;BR-163/MS;Sul;Colisão lateral no mesmo sentido;0;0;1;0;0;0;0;0;0;1;1;0;1;0;0
10/10/2016;19:35:00;342;com vítima;353,899;BR-163/MS;Norte;Saídas de pista;1;0;0;0;0;0;0;0;0;0;0;1;0;0;0
10/10/2016;19:35:00;343;sem vítima;533;BR-163/MS;Norte;Atropelamento de animais;1;0;0;0;0;0;0;0;0;0;1;0;0;0;0
10/10/2016;20:05:00;348;sem vítima;763,7;BR-163/MS;Norte;Atropelamento de animais;1;0;0;0;0;0;0;0;0;0;1;0;0;0;0
11/10/2016;02:35:00;11;com vítima;551,332;BR-163/MS;Norte;Tombamento;0;0;1;0;0;0;0;0;0;0;0;1;0;0;0
11/10/2016;06:16:00;23;sem vítima;699,985;BR-163/MS;Sul;Tombamento;0;0;0;0;0;0;0;0;0;1;1;0;0;0;0
11/10/2016;09:09:00;106;com vítima;496;BR-163/MS;Sul;Colisão lateral no mesmo sentido;1;0;0;0;0;0;0;0;0;1;1;0;1;0;0
11/10/2016;15:51:00;240;sem vítima;669,3;BR-163/MS;Norte;Colisão c/ obstáculos;0;0;1;0;0;1;0;0;0;0;2;0;0;0;0
11/10/2016;19:12:00;302;com vítima;264,9;BR-163/MS;Norte;Tombamento de moto;0;0;0;1;0;0;0;0;0;0;0;0;1;0;0
11/10/2016;21:39:00;332;com vítima;330;BR-163/MS;Sul;Atropelamento de animais;0;0;0;1;0;0;0;0;0;0;0;1;0;0;0
12/10/2016;13:30:00;185;sem vítima;638;BR-163/MS;Sul;Saídas de pista;1;0;0;0;0;0;0;0;0;0;1;0;0;0;0
12/10/2016;13:45:00;192;sem vítima;172;BR-163/MS;Norte;Colisão com veículos (traseira);2;0;0;0;0;0;0;0;0;0;4;0;0;0;0
12/10/2016;17:10:00;256;com vítima;42,45;BR-163/MS;Norte;Atropelamento de pedestre;1;1;0;0;0;0;0;0;0;0;3;0;0;1;0
12/10/2016;19:12:00;286;com vítima;682,5;BR-163/MS;Sul;Atropelamento de pedestre;1;0;0;1;0;0;0;0;0;0;1;2;0;0;0
13/10/2016;06:40:00;60;sem vítima;166;BR-163/MS;Sul;Capotamento;1;0;0;0;0;0;0;0;0;0;2;0;0;0;0
14/10/2016;00:19:00;2;com vítima;55,7;BR-163/MS;Norte;Colisão c/ obstáculos;0;0;0;0;0;0;0;0;0;1;2;1;0;0;0
14/10/2016;04:07:00;15;sem vítima;267,56;BR-163/MS;Norte;Colisão c/ obstáculos;1;0;0;0;0;0;0;0;0;0;2;0;0;0;0
14/10/2016;07:15:00;48;sem vítima;400;BR-163/MS;Norte;Colisão c/ obstáculos;1;0;0;0;0;0;0;0;0;0;2;0;0;0;0
14/10/2016;14:26:00;195;com vítima;670;BR-163/MS;Norte;Colisão c/ obstáculos;1;0;0;0;0;0;0;0;0;0;0;1;0;0;0
14/10/2016;15:25:00;215;com vítima;715,3;BR-163/MS;Sul;Colisão lateral no mesmo sentido;1;0;1;0;0;0;0;0;0;0;1;1;0;1;0
14/10/2016;17:02:00;248;sem vítima;615;BR-163/MS;Norte;Colisão lateral no mesmo sentido;1;0;0;0;0;0;0;0;0;1;3;0;0;0;0
15/10/2016;00:26:00;5;sem vítima;452,59;BR-163/MS;Sul;Saídas de pista;1;0;0;0;0;0;0;0;0;0;2;0;0;0;0
15/10/2016;18:36:00;260;com vítima;311,8;BR-163/MS;Norte;Atropelamento de pedestre;0;0;0;1;0;0;0;0;0;0;0;1;1;0;0
15/10/2016;21:41:00;291;com vítima;481,61;BR-163/MS;Norte;Colisão c/ obstáculos;0;0;1;0;0;0;0;0;0;0;0;0;0;1;0
15/10/2016;23:47:00;313;com vítima;630,529;BR-163/MS;Sul;Colisão c/ obstáculos;0;0;0;1;0;0;0;0;0;0;0;0;0;1;0
16/10/2016;19:04:00;269;com vítima;526,5;BR-163/MS;Sul;Tombamento;0;0;1;0;0;0;0;0;0;0;0;1;0;0;0
17/10/2016;20:05:00;359;com vítima;620,66;BR-163/MS;Norte;Tombamento de moto;0;0;0;1;0;0;0;0;0;0;0;0;1;0;0
18/10/2016;07:32:00;62;com vítima;286;BR-163/MS;Norte;Tombamento de moto;0;0;0;1;0;0;0;0;0;0;0;2;0;0;0
18/10/2016;16:58:00;295;com vítima;266,827;BR-163/MS;Norte;Colisão c/ obstáculos;0;0;0;1;0;0;0;0;0;0;0;0;1;0;0
18/10/2016;20:03:00;347;sem vítima;330;BR-163/MS;Norte;Saídas de pista;0;0;0;1;0;0;0;0;0;0;1;0;0;0;0
18/10/2016;20:57:00;359;com vítima;626,5;BR-163/MS;Sul;Colisão lateral no sentido contrário;0;0;0;1;0;0;0;0;0;1;1;0;2;0;1