data;horario;n_da_ocorrencia;tipo_de_ocorrencia;km;trecho;sentido;tipo_de_acidente;automovel;bicicleta;caminhao;moto;onibus;outros;tracao_animal;transporte_de_cargas_especiais;trator_maquinas;utilitarios;ilesos;levemente_feridos;moderadamente_feridos;gravemente_feridos;mortos
11/12/2016;02:17:00;15;sem vítima;298;BR-163/MS;Norte;Atropelamento de animais;0;0;0;0;0;0;0;0;0;1;1;0;0;0;0
11/12/2016;03:12:00;20;sem vítima;227;BR-163/MS;Sul;Atropelamento de animais;1;0;0;0;0;0;0;0;0;0;1;0;0;0;0
11/12/2016;12:03:00;129;sem vítima;484;BR-163/MS;Norte;Colisão lateral no mesmo sentido;1;0;1;0;0;0;0;0;0;0;2;0;0;0;0
11/12/2016;17:41:00;235;com vítima;615;BR-163/MS;Norte;Colisão lateral no mesmo sentido;0;0;0;2;0;0;0;0;0;0;1;1;0;0;0
11/12/2016;21:05:00;287;sem vítima;455,89;BR-163/MS;Norte;Atropelamento de animais;1;0;0;0;0;0;0;0;0;1;2;0;0;0;0
12/12/2016;09:00:00;163;sem vítima;213;BR-163/MS;Sul;Tombamento;0;0;2;0;0;2;0;0;0;0;4;0;0;0;0
12/12/2016;14:01:00;239;sem vítima;225;BR-163/MS;Norte;Colisão com veículos (traseira);2;0;0;0;0;0;0;0;0;0;4;0;0;0;0
12/12/2016;15:26:00;270;sem vítima;547,4;BR-163/MS;Sul;Colisão com veículos (traseira);1;0;1;0;0;0;0;0;0;0;5;0;0;0;0
12/12/2016;20:47:00;369;com vítima;261,553;BR-163/MS;Norte;Tombamento de moto;0;0;0;1;0;0;0;0;0;0;0;1;0;0;0
12/12/2016;21:19:00;372;sem vítima;342,777;BR-163/MS;Sul;Atropelamento de animais;1;0;0;0;0;0;0;0;0;0;1;0;0;0;0
13/12/2016;00:00:00;1;com vítima;343,838;BR-163/MS;Sul;Tombamento de moto;0;0;0;1;0;0;0;0;0;0;0;1;0;0;0
13/12/2016;10:46:00;187;com vítima;622,4;BR-163/MS;Sul;Tombamento de moto;0;0;0;1;0;0;0;0;0;0;0;0;1;0;0
13/12/2016;14:05:00;266;com vítima;215,593;BR-163/MS;Sul;Colisão c/ obstáculos;1;0;0;0;0;0;0;0;0;0;0;1;0;0;0
13/12/2016;20:37:00;379;sem vítima;372,601;BR-163/MS;Sul;Tombamento de moto;0;0;0;1;0;0;0;0;0;0;1;0;0;0;0
13/12/2016;21:22:00;387;com vítima;483,2;BR-163/MS;Norte;Colisão lateral no mesmo sentido;0;0;1;1;0;0;0;0;0;1;1;1;2;0;0
13/12/2016;22:11:00;397;sem vítima;476,69;BR-163/MS;Norte;Saídas de pista;1;0;0;0;0;1;0;0;0;0;2;0;0;0;0
14/12/2016;05:21:00;38;sem vítima;386,126;BR-163/MS;Sul;Atropelamento de animais;0;0;1;0;0;0;0;0;0;0;1;0;0;0;0
14/12/2016;15:11:00;328;com vítima;475;BR-163/MS;Norte;Colisão lateral no mesmo sentido;0;0;0;1;0;0;0;0;0;1;1;1;0;0;0
14/12/2016;16:03:00;351;sem vítima;366;BR-163/MS;Norte;Colisão lateral no mesmo sentido;1;0;1;0;0;0;0;0;0;0;4;0;0;0;0
14/12/2016;16:54:00;368;sem vítima;536,5;BR-163/MS;Sul;Colisão com veículos (traseira);0;0;2;0;0;0;0;0;0;0;2;0;0;0;0
15/12/2016;07:24:00;77;sem vítima;415;BR-163/MS;Sul;Colisão com veículos (traseira);0;0;2;0;0;0;0;0;0;0;2;0;0;0;0
15/12/2016;15:38:00;268;sem vítima;77;BR-163/MS;Norte;Colisão com veículos (traseira);0;0;2;0;0;0;0;0;0;0;2;0;0;0;0
16/12/2016;03:23:00;45;com vítima;447;BR-163/MS;Sul;Atropelamento de animais;1;0;0;0;0;0;0;0;0;0;3;1;0;0;0
16/12/2016;06:32:00;65;sem vítima;416;BR-163/MS;Norte;Colisão com veículos (traseira);0;0;2;0;0;0;0;0;0;0;4;0;0;0;0
16/12/2016;10:48:00;175;sem vítima;537;BR-163/MS;Sul;Tombamento;0;0;0;0;0;0;0;0;0;1;1;0;0;0;0
16/12/2016;15:25:00;269;com vítima;9,9;BR-163/MS;Sul;Capotamento;1;0;0;0;0;0;0;0;0;0;0;1;0;0;0
16/12/2016;17:20:00;317;sem vítima;554;BR-163/MS;Norte;Saídas de pista;1;0;0;0;0;0;0;0;0;0;1;0;0;0;0
16/12/2016;21:00:00;385;sem vítima;254,5;BR-163/MS;Sul;Colisão c/ obstáculos;1;0;0;0;0;0;0;0;0;0;1;0;0;0;0
16/12/2016;23:52:00;408;sem vítima;313,475;BR-163/MS;Sul;Colisão com veículos (traseira);0;0;0;0;0;0;0;0;0;2;2;0;0;0;0
17/12/2016;01:32:00;13;com vítima;345,496;BR-163/MS;Sul;Colisão lateral no mesmo sentido;1;0;0;0;0;0;0;0;0;1;1;1;0;0;0
17/12/2016;04:16:00;23;sem vítima;644,733;BR-163/MS;Norte;Saídas de pista;1;0;0;0;0;0;0;0;0;0;1;0;0;0;0
17/12/2016;06:24:00;42;com vítima;200;BR-163/MS;Sul;Capotamento;1;0;0;0;0;0;0;0;0;0;0;1;0;0;0
17/12/2016;10:20:00;164;com vítima;843,91;BR-163/MS;Norte;Tombamento;0;0;1;0;0;0;0;0;0;0;0;1;0;0;0
17/12/2016;10:34:00;170;sem vítima;23,552;BR-163/MS;Sul;Colisão lateral no mesmo sentido;0;0;0;0;0;1;0;0;0;1;5;0;0;0;0
17/12/2016;14:00:00;246;com vítima;683;BR-163/MS;Norte;Saídas de pista;0;0;0;1;0;0;0;0;0;0;0;1;0;0;0
17/12/2016;16:09:00;299;sem vítima;3,5;BR-163/MS;Sul;Colisão com veículos (traseira);1;0;0;0;0;0;0;0;0;1;8;0;0;0;0
17/12/2016;16:07:00;301;com vítima;678;BR-163/MS;Norte;Colisão com veículos (traseira);0;0;0;2;0;0;0;0;0;0;1;1;0;0;0
17/12/2016;20:53:00;386;com vítima;660,45;BR-163/MS;Sul;Colisão c/ obstáculos;0;0;0;1;0;0;0;0;0;0;1;1;0;0;0
17/12/2016;21:00:00;388;com vítima;78,353;BR-163/MS;Norte;Atropelamento de pedestre;0;0;0;0;0;1;0;0;0;0;1;0;0;1;0
17/12/2016;23:11:00;403;sem vítima;226,56;BR-163/MS;Sul;Atropelamento de animais;1;0;0;0;0;0;0;0;0;0;1;0;0;0;0
17/12/2016;23:21:00;404;com vítima;256,963;BR-163/MS;Norte;Colisão c/ obstáculos;0;1;0;0;0;0;0;0;0;0;0;0;1;0;0
18/12/2016;07:06:00;55;com vítima;11;BR-163/MS;Norte;Capotamento;1;0;0;0;0;0;0;0;0;0;0;1;0;0;0
18/12/2016;10:03:00;143;com vítima;500,3;BR-163/MS;Norte;Colisão lateral no mesmo sentido;1;0;1;0;0;0;0;0;0;0;1;0;1;0;0
18/12/2016;11:48:00;174;com vítima;639;BR-163/MS;Norte;Tombamento de moto;0;0;0;1;0;0;0;0;0;0;0;2;0;0;0
18/12/2016;18:51:00;326;com vítima;605;BR-163/MS;Norte;Atropelamento de pedestre;0;0;0;0;0;0;0;0;0;1;1;0;1;0;0
18/12/2016;19:19:00;339;sem vítima;765;BR-163/MS;Norte;Saídas de pista;1;0;0;0;0;0;0;0;0;0;1;0;0;0;0
19/12/2016;07:53:00;93;sem vítima;476;BR-163/MS;Norte;Colisão lateral no mesmo sentido;0;0;2;0;0;0;0;0;0;0;2;0;0;0;0
19/12/2016;13:06:00;229;sem vítima;499;BR-163/MS;Sul;Colisão lateral no mesmo sentido;0;0;1;0;0;0;0;0;0;1;2;0;0;0;0
19/12/2016;13:41:00;242;sem vítima;502,6;BR-163/MS;Norte;Saídas de pista;1;0;0;0;0;0;0;0;0;1;3;0;0;0;0
19/12/2016;16:40:00;300;sem vítima;466;BR-163/MS;Norte;Colisão lateral no mesmo sentido;0;0;1;0;1;0;0;0;0;0;4;0;0;0;0
19/12/2016;17:23:00;316;sem vítima;398,68;BR-163/MS;Sul;Saídas de pista;1;0;0;0;0;0;0;0;0;0;2;0;0;0;0
20/12/2016;01:07:00;6;sem vítima;605,766;BR-163/MS;Sul;Tombamento;0;0;0;0;0;0;0;0;0;1;2;0;0;0;0
20/12/2016;09:10:00;140;sem vítima;28;BR-163/MS;Norte;Colisão com veículos (traseira);0;0;2;0;0;0;0;0;0;0;2;0;0;0;0
20/12/2016;09:27:00;148;com vítima;485,65;BR-163/MS;Sul;Colisão com veículos (traseira);0;0;2;0;0;0;0;0;0;0;2;1;0;0;0
20/12/2016;11:55:00;198;sem vítima;233;BR-163/MS;Norte;Saídas de pista;1;0;0;0;0;0;0;0;0;0;1;0;0;0;0
20/12/2016;14:06:00;236;com vítima;325;BR-163/MS;Norte;Colisão com veículos (frontal);1;0;1;0;0;0;0;0;0;0;1;0;0;2;0
20/12/2016;16:37:00;285;com vítima;560,927;BR-163/MS;Sul;Saídas de pista;0;0;0;0;0;0;0;0;0;1;0;1;0;0;0
20/12/2016;18:58:00;321;sem vítima;276;BR-163/MS;Sul;Colisão com veículos (traseira);1;0;1;0;0;0;0;0;0;0;2;0;0;0;0
21/12/2016;00:54:00;5;sem vítima;511,555;BR-163/MS;Sul;Saídas de pista;1;0;0;0;0;0;0;0;0;0;3;0;0;0;0
21/12/2016;05:51:00;29;sem vítima;647,295;BR-163/MS;Sul;Saídas de pista;1;0;0;0;0;0;0;0;0;0;1;0;0;0;0
21/12/2016;11:40:00;170;sem vítima;376;BR-163/MS;Norte;Colisão com veículos (traseira);0;0;0;0;0;0;0;0;0;2;2;0;0;0;0
21/12/2016;21:22:00;316;com vítima;276,372;BR-163/MS;Sul;Colisão c/ obstáculos;0;0;0;1;0;0;0;0;0;0;0;1;0;0;0
22/12/2016;00:13:00;4;sem vítima;354,542;BR-163/MS;Norte;Saídas de pista;0;0;1;0;0;0;0;0;0;0;1;0;0;0;0
22/12/2016;04:08:00;23;sem vítima;316,64;BR-163/MS;Sul;Colisão c/ obstáculos;1;0;0;0;0;0;0;0;0;0;1;0;0;0;0
22/12/2016;07:16:00;61;sem vítima;6;BR-163/MS;Norte;Colisão com veículos (traseira);1;0;0;0;0;1;0;0;0;0;5;0;0;0;0
22/12/2016;09:14:00;125;sem vítima;283;BR-163/MS;Sul;Engavetamento;3;0;0;0;0;0;0;0;0;0;10;0;0;0;0
22/12/2016;13:12:00;214;com vítima;376;BR-163/MS;Norte;Capotamento;1;0;0;0;0;0;0;0;0;0;3;0;1;0;0
22/12/2016;15:52:00;283;sem vítima;790;BR-163/MS;Sul;Colisão lateral no mesmo sentido;1;0;0;0;0;0;0;0;0;1;4;0;0;0;0
22/12/2016;16:49:00;304;sem vítima;20;BR-163/MS;Norte;Colisão com veículos (traseira);2;0;0;0;0;0;0;0;0;0;8;0;0;0;0
22/12/2016;17:04:00;311;com vítima;654;BR-163/MS;Norte;Colisão c/ obstáculos;0;0;0;0;0;0;0;0;0;1;2;1;0;0;0
22/12/2016;17:20:00;320;sem vítima;606;BR-163/MS;Norte;Colisão lateral no mesmo sentido;1;0;1;0;0;0;0;0;0;0;4;0;0;0;0
22/12/2016;22:14:00;406;sem vítima;688;BR-163/MS;Sul;Saídas de pista;1;0;0;0;0;0;0;0;0;0;3;0;0;0;0
23/12/2016;05:30:00;65;sem vítima;81;BR-163/MS;Sul;Colisão lateral no mesmo sentido;1;0;1;0;0;0;0;0;0;0;5;0;0;0;0
23/12/2016;09:15:00;154;sem vítima;616;BR-163/MS;Norte;Colisão com veículos (traseira);2;0;0;0;0;0;0;0;0;1;5;0;0;0;0
23/12/2016;10:58:00;185;sem vítima;42;BR-163/MS;Norte;Engavetamento;3;0;0;0;0;0;0;0;0;0;10;0;0;0;0
23/12/2016;11:48:00;206;sem vítima;533;BR-163/MS;Sul;Colisão com veículos (traseira);1;0;1;0;0;0;0;0;0;0;6;0;0;0;0
23/12/2016;12:35:00;227;com vítima;507;BR-163/MS;Norte;Colisão lateral no sentido contrário;0;0;1;0;0;0;0;0;0;1;1;0;1;1;1
23/12/2016;13:04:00;239;com vítima;113;BR-163/MS;Sul;Engavetamento;2;0;0;0;0;0;0;;0;1;5;1;0;0;0
23/12/2016;15:04:00;281;sem vítima;547;BR-163/MS;Norte;Colisão com veículos (traseira);2;0;0;0;0;0;0;;0;0;2;0;0;0;0
23/12/2016;17:32:00;327;sem vítima;20,19;BR-163/MS;Sul;Colisão com veículos (traseira);1;0;0;0;0;0;0;;0;1;2;0;0;0;0
23/12/2016;18:55:00;346;com vítima;209,5;BR-163/MS;Sul;Colisão lateral no mesmo sentido;1;0;1;0;0;0;0;;0;0;1;1;0;0;0
23/12/2016;22:14:00;408;com vítima;481;BR-163/MS;Norte;Atropelamento de pedestre;0;0;0;1;0;0;0;;0;0;0;0;1;1;0
24/12/2016;08:51:00;127;com vítima;124;BR-163/MS;Norte;Colisão lateral no mesmo sentido;1;0;0;1;0;0;0;;0;0;2;1;0;0;0
24/12/2016;21:45:00;355;com vítima;256,13;BR-163/MS;Sul;Colisão com veículos (traseira);0;0;1;1;0;0;0;;0;0;1;0;0;1;0
25/12/2016;04:21:00;32;com vítima;487,621;BR-163/MS;Sul;Atropelamento de pedestre;0;0;0;0;1;0;0;;0;0;1;0;0;1;0
25/12/2016;07:07:00;54;sem vítima;787,874;BR-163/MS;Norte;Colisão c/ obstáculos;0;0;0;0;0;0;0;;0;1;2;0;0;0;0
25/12/2016;18:23:00;238;sem vítima;364,198;BR-163/MS;Norte;Capotamento;1;0;0;0;0;0;0;;0;0;3;0;0;0;0
25/12/2016;19:32:00;257;com vítima;543,571;BR-163/MS;Sul;Saídas de pista;1;0;0;0;0;0;0;;0;0;0;1;0;0;0
26/12/2016;01:20:00;11;sem vítima;68,906;BR-163/MS;Norte;Atropelamento de animais;1;0;0;0;0;0;0;;0;0;1;0;0;0;0
26/12/2016;03:44:00;26;sem vítima;251,798;BR-163/MS;Sul;Atropelamento de animais;1;0;0;0;0;0;0;;0;0;1;0;0;0;0
26/12/2016;05:38:00;34;com vítima;485,63;BR-163/MS;Sul;Colisão lateral no sentido contrário;0;0;0;1;0;0;0;;0;1;5;1;0;0;0
26/12/2016;10:46:00;143;sem vítima;21,9;BR-163/MS;Norte;Colisão com veículos (traseira);2;0;0;0;0;0;0;;0;0;7;0;0;0;0
26/12/2016;13:59:00;196;com vítima;492;BR-163/MS;Sul;Colisão com veículos (traseira);1;0;1;0;0;0;0;;0;0;1;1;0;0;0
26/12/2016;16:16:00;256;sem vítima;254;BR-163/MS;Norte;Colisão lateral no mesmo sentido;1;0;1;0;0;0;0;;0;0;5;0;0;0;0
26/12/2016;16:17:00;259;com vítima;594,9;BR-163/MS;Sul;Tombamento de moto;0;0;0;1;0;0;0;;0;0;0;1;0;0;0
27/12/2016;03:05:00;40;com vítima;46,5;BR-163/MS;Norte;Tombamento de moto;0;0;0;1;0;0;0;;0;0;0;1;0;0;0
27/12/2016;10:47:00;184;sem vítima;523;BR-163/MS;Norte;Colisão com veículos (traseira);1;0;1;0;0;0;0;;0;0;3;0;0;0;0
27/12/2016;11:52:00;200;sem vítima;13;BR-163/MS;Sul;Colisão com veículos (traseira);1;0;0;0;0;0;0;;0;1;6;0;0;0;0
27/12/2016;18:09:00;338;sem vítima;113;BR-163/MS;Sul;Colisão com veículos (traseira);0;0;1;0;0;0;0;;0;1;2;0;0;0;0
27/12/2016;20:34:00;390;com vítima;259,9;BR-163/MS;Sul;Atropelamento de pedestre;0;0;0;0;0;1;0;;0;0;1;1;0;0;0
28/12/2016;18:10:00;342;com vítima;486,633;BR-163/MS;Norte;Colisão lateral no mesmo sentido;2;0;0;0;0;0;0;;0;0;1;4;0;0;0
28/12/2016;19:42:00;364;sem vítima;572,219;BR-163/MS;Norte;Saídas de pista;0;0;0;0;0;0;0;;0;1;1;0;0;0;0
28/12/2016;20:44:00;373;com vítima;21,249;BR-163/MS;Norte;Colisão c/ obstáculos;1;0;0;0;0;0;0;;0;0;0;0;1;0;0
28/12/2016;22:45:00;395;sem vítima;75,744;BR-163/MS;Sul;Saídas de pista;1;0;0;0;0;0;0;;0;0;1;0;0;0;0
28/12/2016;23:50:00;407;sem vítima;455,165;BR-163/MS;Sul;Saídas de pista;1;0;0;0;0;0;0;;0;0;1;0;0;0;0
29/12/2016;12:51:00;195;sem vítima;449;BR-163/MS;Norte;Colisão com veículos (traseira);0;0;0;1;0;0;0;;0;1;2;0;0;0;0
29/12/2016;14:06:00;216;sem vítima;365;BR-163/MS;Sul;Colisão com veículos (traseira);1;0;1;0;0;0;0;;0;0;2;0;0;0;0
29/12/2016;15:30:00;246;sem vítima;49;BR-163/MS;Sul;Colisão c/ obstáculos;0;0;0;0;0;0;0;;0;1;5;0;0;0;0
29/12/2016;18:02:00;301;sem vítima;328,556;BR-163/MS;Sul;Saídas de pista;0;0;0;0;0;0;0;;0;1;1;0;0;0;0
29/12/2016;23:55:00;350;sem vítima;319,195;BR-163/MS;Sul;Colisão lateral no mesmo sentido;1;0;0;0;0;0;0;;0;1;3;0;0;0;0
30/12/2016;08:06:00;93;sem vítima;5;BR-163/MS;Norte;Engavetamento;3;0;0;0;0;0;0;;0;0;6;0;0;0;0
30/12/2016;09:45:00;143;com vítima;432;BR-163/MS;Sul;Colisão com veículos (traseira);1;0;1;0;0;0;0;;0;0;2;2;0;0;0
30/12/2016;10:47:00;169;sem vítima;466;BR-163/MS;Sul;Colisão lateral no mesmo sentido;0;0;2;0;0;0;0;;0;0;2;0;0;0;0
30/12/2016;14:33:00;241;sem vítima;21;BR-163/MS;Sul;Colisão com veículos (traseira);1;0;1;0;0;0;0;;0;0;5;0;0;0;0
30/12/2016;16:50:00;279;sem vítima;280;BR-163/MS;Norte;Saídas de pista;1;0;0;0;0;0;0;;0;0;1;0;0;0;0
30/12/2016;18:43:00;319;sem vítima;192;BR-163/MS;Sul;Colisão c/ obstáculos;1;0;0;0;0;0;0;;0;0;1;0;0;0;0
31/12/2016;11:35:00;149;sem vítima;54;BR-163/MS;Norte;Colisão lateral no mesmo sentido;2;0;0;0;0;0;0;;0;0;4;0;0;0;0
31/12/2016;13:47:00;172;com vítima;484;BR-163/MS;Sul;Tombamento de moto;0;0;0;1;0;0;0;;0;0;1;1;0;0;0
31/12/2016;16:16:00;211;com vítima;507;BR-163/MS;Norte;Capotamento;1;0;0;0;0;0;0;;0;0;2;1;0;1;0
31/12/2016;18:55:00;244;sem vítima;265;BR-163/MS;Norte;Tombamento de moto;0;0;0;1;0;0;0;;0;0;1;0;0;0;0
31/12/2016;19:56:00;260;com vítima;794;BR-163/MS;Norte;Capotamento;1;0;0;0;0;0;0;;0;0;0;4;1;0;0
31/12/2016;21:27:00;278;com vítima;678,483;BR-163/MS;Sul;Tombamento de moto;0;0;1;1;0;0;0;;0;0;1;0;0;1;0
31/12/2016;22:01:00;287;sem vítima;485,509;BR-163/MS;Norte;Colisão lateral no sentido contrário;2;0;0;0;0;0;0;;0;0;4;0;0;0;0
01/01/2017;01:25:00;9;com vítima;488,71;BR-163/MS;Norte;Saídas de pista;0;0;0;0;0;0;0;0;0;1;0;0;1;0;0
01/01/2017;08:28:00;69;com vítima;484,5;BR-163/MS;Sul;Tombamento de moto;0;0;0;1;0;0;0;0;0;0;0;1;0;0;0
01/01/2017;11:46:00;117;sem vítima;421,25;BR-163/MS;Norte;Colisão lateral no sentido contrário;2;0;0;0;0;0;0;0;0;0;3;0;0;0;0
01/01/2017;12:45:00;125;com vítima;575;BR-163/MS;Norte;Capotamento;2;0;0;0;0;0;0;0;0;0;3;1;0;0;0
01/01/2017;17:40:00;193;com vítima;311,276;BR-163/MS;Norte;Colisão lateral no mesmo sentido;2;0;0;0;0;0;0;0;0;0;6;1;0;0;0
01/01/2017;19:53:00;221;sem vítima;313,722;BR-163/MS;Sul;Capotamento;1;0;0;0;0;0;0;0;0;0;2;0;0;0;0
01/01/2017;21:31:00;237;sem vítima;12,11;BR-163/MS;Norte;Atropelamento de animais;1;0;0;0;0;0;0;0;0;0;1;0;0;0;0
01/01/2017;23:23:00;252;sem vítima;574,33;BR-163/MS;Norte;Capotamento;1;0;0;0;0;1;0;0;0;0;3;0;0;0;0
01/01/2017;23:47:00;256;sem vítima;576,961;BR-163/MS;Sul;Colisão c/ obstáculos;1;0;0;0;0;0;0;0;0;0;1;0;0;0;0
02/01/2017;06:23:00;36;sem vítima;614,632;BR-163/MS;Norte;Colisão com veículos (traseira);0;0;0;0;0;0;0;0;0;2;4;0;0;0;0
02/01/2017;11:31:00;138;sem vítima;5;BR-163/MS;Norte;Engavetamento;0;0;0;0;0;0;0;0;0;3;8;0;0;0;0
02/01/2017;17:31:00;253;com vítima;253;BR-163/MS;Norte;Colisão com veículos (traseira);0;0;0;1;0;0;0;0;0;1;1;0;0;1;0
02/01/2017;19:27:00;284;sem vítima;456;BR-163/MS;Sul;Colisão com veículos (traseira);0;0;2;0;0;0;0;0;0;0;6;0;0;0;0
03/01/2017;09:58:00;156;sem vítima;616;BR-163/MS;Norte;Colisão com veículos (traseira);2;0;0;0;0;0;0;0;0;0;4;0;0;0;0
03/01/2017;10:04:00;158;sem vítima;453;BR-163/MS;Norte;Saídas de pista;1;0;0;0;0;0;0;0;0;0;2;0;0;0;0
03/01/2017;10:16:00;163;com vítima;61,5;BR-163/MS;Norte;Colisão lateral no mesmo sentido;1;0;1;0;0;0;0;0;0;1;3;1;0;0;0
03/01/2017;13:33:00;225;sem vítima;668;BR-163/MS;Norte;Saídas de pista;0;0;0;0;0;0;0;0;0;1;1;0;0;0;0
03/01/2017;14:33:00;256;com vítima;683;BR-163/MS;Norte;Colisão com veículos (traseira);2;0;0;0;0;0;0;0;0;0;2;1;0;0;0
03/01/2017;15:32:00;276;sem vítima;186;BR-163/MS;Norte;Saídas de pista;1;0;0;0;0;0;0;0;0;0;4;0;0;0;0
03/01/2017;19:30:00;357;com vítima;344,5;BR-163/MS;Norte;Colisão com veículos (frontal);2;0;0;0;0;0;0;0;0;0;2;4;0;0;0
03/01/2017;20:25:00;369;com vítima;50;BR-163/MS;Sul;Tombamento de moto;0;0;0;1;0;0;0;0;0;0;0;1;0;0;0
04/01/2017;12:23:00;211;com vítima;727;BR-163/MS;Norte;Colisão lateral no mesmo sentido;2;0;0;0;0;0;0;0;0;0;1;8;0;0;0
04/01/2017;13:55:00;241;sem vítima;481,65;BR-163/MS;Norte;Tombamento;0;0;1;0;0;0;0;0;0;0;2;0;0;0;0
05/01/2017;02:50:00;25;sem vítima;134,8;BR-163/MS;Norte;Saídas de pista;0;0;1;0;0;0;0;0;0;0;2;0;0;0;0
05/01/2017;16:30:00;278;com vítima;144,4;BR-163/MS;Norte;Atropelamento de pedestre;0;0;1;0;0;1;0;0;0;0;3;0;0;0;1
05/01/2017;19:26:00;342;sem vítima;487,5;BR-163/MS;Norte;Colisão lateral no mesmo sentido;1;0;1;0;0;0;0;0;0;0;2;0;0;0;0
05/01/2017;21:57:00;372;sem vítima;516;BR-163/MS;Sul;Atropelamento de animais;1;0;0;0;0;0;0;0;0;0;1;0;0;0;0
06/01/2017;16:06:00;282;com vítima;481;BR-163/MS;Sul;Tombamento de moto;0;0;0;1;0;0;0;0;0;0;0;2;0;0;0
06/01/2017;16:55:00;294;sem vítima;495,5;BR-163/MS;Norte;Colisão com veículos (traseira);2;0;0;0;0;0;0;0;0;0;9;0;0;0;0
06/01/2017;17:49:00;306;sem vítima;25,5;BR-163/MS;Norte;Colisão com veículos (traseira);2;0;0;0;0;0;0;0;0;0;6;0;0;0;0
06/01/2017;18:32:00;314;sem vítima;331,71;BR-163/MS;Sul;Capotamento;1;0;0;0;0;0;0;0;0;0;1;0;0;0;0
06/01/2017;18:43:00;317;sem vítima;520,18;BR-163/MS;Sul;Colisão com veículos (traseira);2;0;0;0;0;0;0;0;0;0;2;0;0;0;0
07/01/2017;07:24:00;59;com vítima;664,67;BR-163/MS;Norte;Colisão com veículos (frontal);1;0;1;0;0;0;0;0;0;0;0;0;0;1;4
07/01/2017;08:14:00;74;sem vítima;420;BR-163/MS;Sul;Colisão lateral no mesmo sentido;1;0;0;0;0;0;0;0;0;1;3;0;0;0;0
07/01/2017;11:14:00;138;com vítima;496;BR-163/MS;Norte;Colisão lateral no mesmo sentido;1;0;1;0;0;0;0;0;0;0;2;2;0;1;0
07/01/2017;18:43:00;252;sem vítima;476,701;BR-163/MS;Norte;Colisão lateral no sentido contrário;2;0;0;0;0;0;0;0;0;0;6;0;0;0;0
07/01/2017;19:22:00;267;sem vítima;552,2;BR-163/MS;Norte;Saídas de pista;1;0;0;0;0;0;0;0;0;0;1;0;0;0;0
07/01/2017;23:23:00;321;sem vítima;527;BR-163/MS;Norte;Atropelamento de animais;1;0;0;0;0;0;0;0;0;0;2;0;0;0;0
08/01/2017;03:16:00;25;com vítima;258;BR-163/MS;Norte;Atropelamento de pedestre;0;1;0;1;0;1;0;0;0;0;2;1;0;0;0
08/01/2017;05:23:00;33;sem vítima;42;BR-163/MS;Sul;Colisão c/ obstáculos;1;0;0;0;0;0;0;0;0;0;4;0;0;0;0
08/01/2017;07:24:00;60;sem vítima;505;BR-163/MS;Norte;Saídas de pista;1;0;0;0;0;0;0;0;0;0;3;0;0;0;0
08/01/2017;17:50:00;263;com vítima;77;BR-163/MS;Norte;Tombamento de moto;0;0;0;1;0;0;0;0;0;0;0;0;1;0;0
08/01/2017;23:20:00;341;sem vítima;666,4;BR-163/MS;Norte;Saídas de pista;1;0;0;0;0;0;0;0;0;0;1;0;0;0;0
09/01/2017;03:50:00;29;sem vítima;228;BR-163/MS;Norte;Atropelamento de animais;0;0;0;0;0;0;0;0;0;1;8;0;0;0;0
09/01/2017;07:55:00;94;com vítima;394,5;BR-163/MS;Sul;Tombamento de moto;0;0;0;1;0;0;0;0;0;0;0;1;0;0;0
09/01/2017;07:58:00;96;sem vítima;6;BR-163/MS;Sul;Colisão c/ obstáculos;0;0;0;0;0;0;0;0;0;1;2;0;0;0;0
09/01/2017;13:02:00;235;com vítima;465;BR-163/MS;Sul;Tombamento de moto;0;0;0;1;0;0;0;0;0;0;0;2;0;0;0
10/01/2017;01:29:00;8;sem vítima;821,92;BR-163/MS;Sul;Tombamento;0;0;1;0;0;2;0;0;0;0;3;0;0;0;0
10/01/2017;02:41:00;11;sem vítima;432,8;BR-163/MS;Sul;Colisão com veículos (traseira);2;0;0;0;0;0;0;0;0;0;2;0;0;0;0
10/01/2017;12:15:00;193;sem vítima;499,2;BR-163/MS;Sul;Saídas de pista;1;0;0;0;0;0;0;0;0;0;2;0;0;0;0
10/01/2017;15:40:00;275;com vítima;417;BR-163/MS;Norte;Atropelamento de pedestre;0;0;1;0;0;0;0;0;0;0;1;1;0;0;0
10/01/2017;16:47:00;297;com vítima;105,902;BR-163/MS;Norte;Colisão com veículos (traseira);1;0;0;0;0;1;0;0;0;0;1;3;0;0;0
11/01/2017;21:52:00;426;sem vítima;215;BR-163/MS;Sul;Tombamento;0;0;0;0;0;0;0;0;0;1;1;0;0;0;0
12/01/2017;14:15:00;258;sem vítima;669,3;BR-163/MS;Norte;Colisão com veículos (traseira);1;0;0;0;0;0;0;0;0;1;4;0;0;0;0
12/01/2017;15:59:00;290;sem vítima;507;BR-163/MS;Norte;Saídas de pista;1;0;0;0;0;0;0;0;0;0;3;0;0;0;0
12/01/2017;17:05:00;313;sem vítima;349;BR-163/MS;Norte;Saídas de pista;1;0;0;0;0;0;0;0;0;0;1;0;0;0;0
12/01/2017;20:20:00;378;sem vítima;431,7;BR-163/MS;Norte;Colisão c/ obstáculos;1;0;1;0;0;0;0;0;0;0;3;0;0;0;0
13/01/2017;07:05:00;48;com vítima;661,1;BR-163/MS;Sul;Saídas de pista;1;0;0;0;0;0;0;0;0;0;4;1;0;0;0