data;horario;n_da_ocorrencia;tipo_de_ocorrencia;km;trecho;sentido;tipo_de_acidente;automovel;bicicleta;caminhao;moto;onibus;outros;tracao_animal;transporte_de_cargas_especiais;trator_maquinas;utilitarios;ilesos;levemente_feridos;moderadamente_feridos;gravemente_feridos;mortos
28/09/2017;11:06:00;185;com vítima;24,5;BR-163/MS;Sul;Colisão lateral no mesmo sentido;2;0;0;1;0;0;0;;0;0;2;0;1;0;0
28/09/2017;12:00:00;194;com vítima;789;BR-163/MS;Sul;Saídas de pista;1;0;0;0;0;0;0;;0;0;0;1;0;0;0
28/09/2017;15:08:00;248;sem vítima;60;BR-163/MS;Sul;Colisão com veículos (traseira);0;0;2;0;0;2;0;;0;0;4;0;0;0;0
29/09/2017;06:02:00;56;com vítima;462;BR-163/MS;Sul;Tombamento de moto;0;0;0;1;0;0;0;;0;0;0;1;0;0;0
29/09/2017;08:37:00;101;com vítima;456,4;BR-163/MS;Sul;Colisão lateral no sentido contrário;1;0;0;0;0;0;0;;0;1;0;2;0;0;1
29/09/2017;09:19:00;113;com vítima;670;BR-163/MS;Sul;Saídas de pista;1;0;0;0;0;0;0;;0;0;2;1;0;0;0
30/09/2017;07:15:00;59;com vítima;260;BR-163/MS;Sul;Tombamento de moto;0;0;0;1;0;0;0;;0;0;0;0;1;0;0
30/09/2017;12:56:00;148;com vítima;483,696;BR-163/MS;Norte;Tombamento;0;0;0;1;0;1;0;;0;0;1;1;0;0;0
30/09/2017;13:01:00;151;com vítima;737,941;BR-163/MS;Sul;Colisão lateral no mesmo sentido;0;0;2;1;0;0;0;;0;0;3;0;0;1;0
30/09/2017;16:31:00;206;com vítima;269;BR-163/MS;Sul;Colisão com veículos (traseira);1;0;0;1;0;0;0;;0;0;1;1;0;0;0
30/09/2017;18:31:00;237;sem vítima;152,3;BR-163/MS;Norte;Atropelamento de animais;1;0;0;0;0;0;0;;0;0;1;0;0;0;0
01/10/2017;07:46:00;65;com vítima;212,8;BR-163/MS;Norte;Colisão com veículos (frontal);0;0;1;0;0;1;0;0;0;1;1;0;1;0;1
01/10/2017;22:15:00;262;sem vítima;513,33;BR-163/MS;Sul;Colisão c/ obstáculos;0;0;1;0;0;0;0;0;0;0;1;0;0;0;0
02/10/2017;02:35:00;42;sem vítima;350,8;BR-163/MS;Sul;Atropelamento de animais;1;0;0;0;0;0;0;0;0;0;1;0;0;0;0
02/10/2017;11:40:00;186;com vítima;747;BR-163/MS;Norte;Capotamento;1;0;0;0;0;0;0;0;0;0;0;1;0;0;0
03/10/2017;06:58:00;49;com vítima;165;BR-163/MS;Sul;Tombamento;0;0;1;0;0;2;0;0;0;0;2;1;0;0;0
04/10/2017;05:30:00;49;sem vítima;263,471;BR-163/MS;Sul;Colisão com veículos (traseira);1;0;1;0;0;2;0;0;0;0;4;0;0;0;0
04/10/2017;08:33:00;108;sem vítima;216,3;BR-163/MS;Sul;Saídas de pista;1;0;0;0;0;0;0;0;0;0;1;0;0;0;0
05/10/2017;18:17:00;331;com vítima;477,796;BR-163/MS;Norte;Colisão lateral no mesmo sentido;0;0;3;2;0;2;0;0;0;1;7;2;0;0;0
05/10/2017;18:22:00;334;com vítima;167,634;BR-163/MS;Sul;Atropelamento de animais;1;0;0;0;0;0;0;0;0;0;0;1;0;0;0
06/10/2017;15:10:00;258;sem vítima;348;BR-163/MS;Norte;Colisão com veículos (traseira);0;0;2;0;0;0;0;0;0;0;2;0;0;0;0
06/10/2017;16:20:00;275;sem vítima;36,222;BR-163/MS;Sul;Tombamento;0;0;1;0;0;1;0;0;0;0;2;0;0;0;0
07/10/2017;06:45:00;58;com vítima;418,667;BR-163/MS;Norte;Tombamento de moto;0;0;0;1;0;0;0;0;0;0;0;0;1;0;0
07/10/2017;12:01:00;157;com vítima;512,52;BR-163/MS;Sul;Capotamento;1;0;0;0;0;0;0;0;0;0;1;3;0;0;0
07/10/2017;19:07:00;269;com vítima;266,538;BR-163/MS;Norte;Atropelamento de pedestre;2;0;0;0;0;0;0;0;0;0;0;1;0;1;0
08/10/2017;03:39:00;24;com vítima;64;BR-163/MS;Sul;Capotamento;0;0;0;0;0;0;0;0;0;1;0;0;1;0;0
08/10/2017;04:48:00;33;com vítima;77,897;BR-163/MS;Norte;Colisão lateral no sentido contrário;1;0;0;0;1;0;0;0;0;0;9;0;0;1;0
08/10/2017;20:22:00;259;sem vítima;585;BR-163/MS;Norte;Tombamento;0;0;1;0;0;2;0;0;0;0;3;0;0;0;0
08/10/2017;23:28:00;292;com vítima;171;BR-163/MS;Sul;Tombamento;0;0;0;1;0;0;0;0;0;0;0;1;0;0;0
09/10/2017;02:42:00;16;com vítima;679,929;BR-163/MS;Sul;Atropelamento de pedestre;0;0;0;1;0;0;0;0;0;0;0;1;0;1;0
09/10/2017;15:01:00;244;sem vítima;84;BR-163/MS;Norte;Atropelamento de animais;0;0;1;0;0;0;0;0;0;0;1;0;0;0;0
10/10/2017;06:13:00;40;sem vítima;364,955;BR-163/MS;Sul;Colisão com veículos (traseira);0;0;0;0;0;1;0;0;0;1;2;0;0;0;0
10/10/2017;12:56:00;190;sem vítima;253;BR-163/MS;Sul;Colisão com veículos (traseira);1;0;0;0;0;0;0;0;0;1;5;0;0;0;0
10/10/2017;17:15:00;286;com vítima;564,118;BR-163/MS;Norte;Tombamento;0;0;1;0;0;2;0;0;0;0;2;1;0;0;0
10/10/2017;18:04:00;305;sem vítima;211,212;BR-163/MS;Norte;Colisão lateral no sentido contrário;1;0;0;0;0;0;0;0;0;1;3;0;0;0;0
10/10/2017;18:24:00;310;com vítima;796,662;BR-163/MS;Norte;Colisão c/ obstáculos;1;0;0;1;0;0;0;0;0;0;1;1;1;0;0
11/10/2017;14:06:00;223;com vítima;485;BR-163/MS;Norte;Colisão com veículos (traseira);0;0;1;1;0;0;0;0;0;0;1;1;0;0;0
11/10/2017;23:01:00;358;com vítima;608,838;BR-163/MS;Norte;Colisão lateral no sentido contrário;2;0;0;0;0;0;0;0;0;0;7;1;0;0;0
12/10/2017;03:54:00;28;sem vítima;561;BR-163/MS;Norte;Saídas de pista;1;0;0;0;0;0;0;0;0;0;2;0;0;0;0
12/10/2017;12:26:00;150;com vítima;8;BR-163/MS;Norte;Colisão lateral no mesmo sentido;0;0;2;0;0;0;0;0;0;1;3;2;0;0;0
12/10/2017;17:13:00;234;sem vítima;370;BR-163/MS;Norte;Colisão c/ obstáculos;1;0;0;0;0;0;0;0;0;0;1;0;0;0;0
12/10/2017;18:23:00;254;com vítima;238,54;BR-163/MS;Norte;Saídas de pista;1;0;0;0;0;0;0;0;0;0;1;1;0;0;0
12/10/2017;18:28:00;255;com vítima;477,725;BR-163/MS;Norte;Atropelamento de pedestre;0;0;0;1;0;0;0;0;0;0;0;2;1;0;0
13/10/2017;07:29:00;80;sem vítima;5,4;BR-163/MS;Sul;Colisão com veículos (traseira);3;0;0;0;0;0;0;0;0;0;9;0;0;0;0
13/10/2017;13:27:00;199;com vítima;656,459;BR-163/MS;Sul;Capotamento;0;0;0;0;0;0;0;0;0;1;0;1;0;0;0
13/10/2017;21:41:00;309;com vítima;647,191;BR-163/MS;Sul;Colisão c/ obstáculos;1;0;0;0;0;0;0;0;0;0;0;1;0;0;0
14/10/2017;00:48:00;4;com vítima;566,847;BR-163/MS;Sul;Capotamento;1;0;0;0;0;0;0;0;0;0;2;1;1;1;0
14/10/2017;09:53:00;90;com vítima;466,307;BR-163/MS;Norte;Tombamento;0;0;1;0;0;1;0;0;0;0;1;1;0;0;0
14/10/2017;18:30:00;190;sem vítima;451,959;BR-163/MS;Norte;Atropelamento de animais;0;0;0;0;0;0;0;0;0;1;1;0;0;0;0
15/10/2017;05:22:00;26;sem vítima;279;BR-163/MS;Norte;Colisão c/ obstáculos;1;0;0;0;0;0;0;0;0;0;1;0;0;0;0
15/10/2017;08:03:00;70;sem vítima;313,316;BR-163/MS;Norte;Atropelamento de animais;1;0;0;0;0;0;0;0;0;0;2;0;0;0;0
15/10/2017;08:48:00;87;com vítima;0;BR-163/MS;Norte;Colisão c/ obstáculos;0;0;0;1;0;0;0;0;0;0;0;1;0;0;0
15/10/2017;10:42:00;125;com vítima;364;BR-163/MS;Norte;Tombamento de moto;0;0;0;1;0;0;0;0;0;0;0;1;0;0;0
15/10/2017;14:33:00;173;sem vítima;177,95;BR-163/MS;Norte;Colisão com veículos (traseira);1;0;1;0;0;0;0;0;0;0;4;0;0;0;0
15/10/2017;19:07:00;284;com vítima;355;BR-163/MS;Sul;Colisão lateral no mesmo sentido;1;0;0;1;0;0;0;0;0;1;6;0;0;2;0
15/10/2017;19:11:00;286;sem vítima;485,155;BR-163/MS;Norte;Engavetamento;1;0;1;0;0;1;0;0;0;2;9;0;0;0;0
15/10/2017;19:50:00;300;com vítima;457,437;BR-163/MS;Sul;Colisão com veículos (frontal);1;0;1;0;0;0;0;0;0;0;0;1;0;0;1
16/10/2017;08:06:00;83;sem vítima;482;BR-163/MS;Norte;Colisão com veículos (traseira);2;0;0;0;0;0;0;0;0;0;2;0;0;0;0
16/10/2017;10:59:00;149;com vítima;260;BR-163/MS;Sul;Engavetamento;0;0;0;0;0;0;0;0;0;3;4;1;0;0;0
16/10/2017;11:06:00;154;sem vítima;466;BR-163/MS;Norte;Colisão lateral no mesmo sentido;1;0;1;0;0;1;0;0;0;0;6;0;0;0;0
16/10/2017;13:49:00;201;com vítima;86;BR-163/MS;Sul;Colisão lateral no sentido contrário;2;0;0;0;0;0;0;0;0;0;2;0;0;1;0
16/10/2017;13:53:00;207;sem vítima;144,49;BR-163/MS;Norte;Colisão c/ obstáculos;0;0;0;0;0;0;0;0;0;1;2;0;0;0;0
16/10/2017;21:59:00;341;sem vítima;445;BR-163/MS;Norte;Atropelamento de animais;1;0;0;0;0;0;0;0;0;0;1;0;0;0;0
17/10/2017;19:51:00;367;com vítima;511,1;BR-163/MS;Norte;Colisão lateral no mesmo sentido;0;0;1;0;0;0;0;0;0;1;2;1;0;0;0
17/10/2017;19:55:00;368;com vítima;484,447;BR-163/MS;Norte;Colisão lateral no sentido contrário;2;0;0;0;0;0;0;0;0;0;0;3;0;0;0
17/10/2017;21:21:00;387;com vítima;20,1;BR-163/MS;Sul;Colisão lateral no sentido contrário;1;0;0;1;0;0;0;0;0;0;2;1;0;0;0
18/10/2017;08:40:00;140;com vítima;484,609;BR-163/MS;Norte;Tombamento de moto;0;0;0;1;0;0;0;0;0;0;0;2;0;0;0
18/10/2017;13:06:00;239;com vítima;416,227;BR-163/MS;Sul;Tombamento;0;0;1;0;0;0;0;0;0;0;0;1;0;0;0
18/10/2017;15:42:00;292;sem vítima;471;BR-163/MS;Sul;Colisão lateral no mesmo sentido;0;0;2;0;0;2;0;0;0;0;6;0;0;0;0
19/10/2017;07:47:00;93;com vítima;490;BR-163/MS;Sul;Tombamento de moto;0;0;0;1;0;0;0;0;0;0;0;1;0;0;0
19/10/2017;09:36:00;140;com vítima;820;BR-163/MS;Sul;Tombamento de moto;0;0;0;1;0;0;0;0;0;0;1;1;0;0;0
19/10/2017;14:24:00;229;com vítima;61,3;BR-163/MS;Sul;Tombamento de moto;0;0;0;1;0;0;0;0;0;0;1;0;1;0;0
19/10/2017;16:05:00;262;sem vítima;270;BR-163/MS;Norte;Colisão c/ obstáculos;0;0;0;0;0;0;0;0;0;1;1;0;0;0;0
19/10/2017;16:15:00;265;com vítima;476,281;BR-163/MS;Sul;Colisão lateral no sentido contrário;0;0;1;1;0;1;0;0;0;0;2;1;0;0;0
20/10/2017;03:54:00;51;com vítima;19,9;BR-163/MS;Sul;Colisão c/ obstáculos;1;0;0;0;0;0;0;0;0;0;3;0;0;1;0
20/10/2017;05:44:00;60;com vítima;815,164;BR-163/MS;Norte;Colisão com veículos (frontal);1;0;1;0;0;0;0;0;0;0;2;0;1;0;0
20/10/2017;06:48:00;70;com vítima;490;BR-163/MS;Norte;Colisão com veículos (traseira);1;0;0;1;0;0;0;0;0;0;1;1;0;0;0
20/10/2017;11:52:00;194;com vítima;491;BR-163/MS;Norte;Colisão lateral no mesmo sentido;0;0;1;0;0;1;0;0;0;1;4;1;0;0;0
20/10/2017;18:53:00;328;com vítima;511,19;BR-163/MS;Norte;Colisão lateral no mesmo sentido;1;0;0;0;0;0;0;0;0;1;1;1;0;0;0
20/10/2017;19:48:00;346;sem vítima;302,386;BR-163/MS;Norte;Atropelamento de animais;2;0;0;0;0;0;0;0;0;0;4;0;0;0;0
20/10/2017;20:01:00;351;com vítima;457,6;BR-163/MS;Norte;Colisão lateral no mesmo sentido;0;1;0;0;0;1;0;0;0;0;1;0;1;0;0
20/10/2017;23:58:00;388;com vítima;496,85;BR-163/MS;Sul;Colisão lateral no mesmo sentido;0;0;1;0;0;0;0;0;0;1;2;1;0;0;0
21/10/2017;09:22:00;84;sem vítima;649;BR-163/MS;Norte;Colisão com veículos (traseira);0;0;1;0;0;0;0;0;0;1;2;0;0;0;0
21/10/2017;11:54:00;126;sem vítima;267;BR-163/MS;Sul;Colisão com veículos (traseira);1;0;0;0;0;0;0;0;0;1;4;0;0;0;0
21/10/2017;23:19:00;316;com vítima;730,5;BR-163/MS;Norte;Colisão lateral no sentido contrário;1;0;0;1;0;0;0;0;0;0;2;1;0;0;0
22/10/2017;20:51:00;262;com vítima;730;BR-163/MS;Norte;Colisão lateral no sentido contrário;0;0;0;2;0;0;0;0;0;0;1;1;0;0;0
23/10/2017;07:23:00;76;com vítima;478,759;BR-163/MS;Sul;Colisão com veículos (traseira);1;0;0;1;0;0;0;0;0;0;1;0;1;0;0
23/10/2017;07:23:00;80;com vítima;478,69;BR-163/MS;Norte;Colisão com veículos (traseira);1;0;0;1;0;0;0;0;0;0;1;0;1;0;0
23/10/2017;10:03:00;147;sem vítima;162,9;BR-163/MS;Norte;Tombamento;0;0;1;0;0;0;0;0;0;0;1;0;0;0;0
23/10/2017;12:36:00;187;com vítima;204,4;BR-163/MS;Sul;Capotamento;0;0;0;0;0;0;0;0;0;1;1;1;0;0;0
24/10/2017;16:34:00;247;sem vítima;179;BR-163/MS;Sul;Capotamento;0;0;1;0;0;0;0;0;0;1;6;0;0;0;0
25/10/2017;05:55:00;50;sem vítima;152,424;BR-163/MS;Norte;Tombamento;0;0;1;0;0;1;0;0;0;0;2;0;0;0;0
25/10/2017;21:01:00;349;sem vítima;316,508;BR-163/MS;Norte;Colisão c/ obstáculos;0;0;0;0;0;0;0;0;0;1;1;0;0;0;0
26/10/2017;20:30:00;337;com vítima;458,72;BR-163/MS;Sul;Colisão com veículos (frontal);0;0;0;0;0;0;0;0;0;2;1;1;1;1;0
27/10/2017;05:06:00;45;sem vítima;197,31;BR-163/MS;Norte;Atropelamento de animais;1;0;0;0;0;0;0;0;0;0;1;0;0;0;0
27/10/2017;07:05:00;67;sem vítima;209,5;BR-163/MS;Norte;Tombamento de moto;0;0;0;1;0;0;0;0;0;0;1;0;0;0;0
27/10/2017;20:32:00;359;sem vítima;743,434;BR-163/MS;Sul;Atropelamento de animais;0;0;0;0;0;1;0;0;0;1;4;0;0;0;0
28/10/2017;05:19:00;41;com vítima;647,191;BR-163/MS;Sul;Colisão c/ obstáculos;0;0;0;0;0;0;0;0;0;1;1;1;0;0;0
28/10/2017;05:31:00;45;sem vítima;451,445;BR-163/MS;Norte;Tombamento;0;0;1;0;0;3;0;0;0;0;2;0;0;0;0
28/10/2017;16:20:00;241;sem vítima;281,16;BR-163/MS;Norte;Colisão c/ obstáculos;1;0;0;0;0;0;0;0;0;0;1;0;0;0;0
29/10/2017;02:10:00;14;com vítima;291;BR-163/MS;Norte;Tombamento de moto;0;0;0;1;0;0;0;0;0;0;0;0;0;1;0
29/10/2017;03:56:00;22;com vítima;503,206;BR-163/MS;Norte;Colisão c/ obstáculos;0;0;0;0;0;0;0;0;0;1;0;1;0;0;0
29/10/2017;18:30:00;229;com vítima;253,9;BR-163/MS;Norte;Tombamento de moto;0;0;0;1;0;0;0;0;0;0;1;0;0;1;0
29/10/2017;19:13:00;236;com vítima;251,652;BR-163/MS;Sul;Colisão lateral no mesmo sentido;0;0;0;2;0;0;0;0;0;0;0;0;1;2;0
29/10/2017;20:03:00;246;com vítima;731,937;BR-163/MS;Sul;Atropelamento de pedestre;0;1;0;0;0;1;0;0;0;0;2;1;0;0;0
29/10/2017;21:13:00;256;sem vítima;475,753;BR-163/MS;Sul;Colisão c/ obstáculos;1;0;0;0;0;0;0;0;0;0;1;0;0;0;0
29/10/2017;23:32:00;280;sem vítima;194,29;BR-163/MS;Sul;Colisão c/ obstáculos;0;0;0;0;0;0;0;0;0;1;1;0;0;0;0
30/10/2017;04:05:00;39;sem vítima;0;BR-163/MS;Sul;Colisão c/ obstáculos;1;0;0;0;0;0;0;0;0;0;1;0;0;0;0
30/10/2017;06:32:00;57;sem vítima;11;BR-163/MS;Norte;Capotamento;1;0;0;0;0;0;0;0;0;0;1;0;0;0;0
30/10/2017;11:41:00;180;sem vítima;225;BR-163/MS;Norte;Colisão com veículos (traseira);1;0;0;0;0;0;0;0;0;1;5;0;0;0;0
30/10/2017;13:35:00;211;sem vítima;177,528;BR-163/MS;Sul;Capotamento;0;0;1;0;0;0;0;0;0;0;2;0;0;0;0
30/10/2017;14:59:00;245;sem vítima;350;BR-163/MS;Norte;Capotamento;1;0;0;0;0;0;0;0;0;0;5;0;0;0;0
30/10/2017;19:00:00;319;com vítima;661,8;BR-163/MS;Sul;Tombamento de moto;0;0;0;1;0;0;0;;0;0;0;1;0;0;0
31/10/2017;00:59:00;4;sem vítima;70,8;BR-163/MS;Norte;Atropelamento de animais;0;0;1;0;1;1;0;;0;0;3;0;0;0;0
31/10/2017;06:59:00;61;com vítima;738;BR-163/MS;Norte;Capotamento;1;0;0;0;0;0;0;;0;0;0;4;0;0;0
31/10/2017;20:01:00;314;sem vítima;388,392;BR-163/MS;Norte;Colisão com veículos (traseira);1;0;1;0;0;2;0;;0;0;5;0;0;0;0
01/11/2017;04:59:00;43;com vítima;444,28;BR-163/MS;Norte;Tombamento;0;0;1;0;0;0;0;0;0;0;0;1;0;0;0
01/11/2017;19:45:00;357;com vítima;263;BR-163/MS;Norte;Tombamento de moto;0;0;0;1;0;0;0;0;0;0;0;1;0;0;0
02/11/2017;11:07:00;159;sem vítima;355;BR-163/MS;Sul;Atropelamento de animais;1;0;0;0;0;0;0;0;0;0;5;0;0;0;0
02/11/2017;21:30:00;332;com vítima;48,771;BR-163/MS;Norte;Capotamento;1;0;0;0;0;0;0;0;0;1;1;1;2;1;0
03/11/2017;06:40:00;20;sem vítima;76,9;BR-163/MS;Sul;Atropelamento de animais;1;0;0;0;0;0;0;0;0;0;1;0;0;0;0
03/11/2017;06:49:00;28;sem vítima;470,752;BR-163/MS;Norte;Colisão lateral no sentido contrário;1;0;0;0;0;0;0;0;0;1;4;0;0;0;0
03/11/2017;22:24:00;317;com vítima;136,202;BR-163/MS;Sul;Tombamento de moto;0;0;0;1;0;0;0;0;0;0;0;1;0;0;0
04/11/2017;07:40:00;70;sem vítima;461,94;BR-163/MS;Sul;Tombamento;1;0;0;0;0;0;0;0;0;0;1;0;0;0;0
04/11/2017;12:21:00;134;sem vítima;256;BR-163/MS;Sul;Colisão com veículos (traseira);1;0;0;0;0;0;0;0;0;1;2;0;0;0;0
04/11/2017;18:45:00;241;sem vítima;189,63;BR-163/MS;Norte;Atropelamento de animais;1;0;0;0;0;0;0;0;0;0;5;0;0;0;0
05/11/2017;01:49:00;16;com vítima;834,169;BR-163/MS;Sul;Saídas de pista;1;0;0;0;0;0;0;0;0;0;2;1;0;0;0
05/11/2017;04:36:00;26;com vítima;131,3;BR-163/MS;Sul;Capotamento;1;0;0;0;0;0;0;0;0;0;4;1;0;0;0
05/11/2017;10:49:00;122;sem vítima;412;BR-163/MS;Norte;Colisão lateral no sentido contrário;2;0;0;0;0;0;0;0;0;0;7;0;0;0;0
05/11/2017;18:22:00;254;com vítima;452,572;BR-163/MS;Norte;Colisão c/ obstáculos;1;0;1;0;0;0;0;0;0;0;1;1;0;0;0
05/11/2017;18:24:00;256;sem vítima;622,37;BR-163/MS;Sul;Colisão c/ obstáculos;0;0;0;0;0;0;0;0;0;1;2;0;0;0;0
05/11/2017;18:41:00;261;sem vítima;572,978;BR-163/MS;Norte;Saídas de pista;1;0;0;0;0;0;0;0;0;0;4;0;0;0;0
05/11/2017;21:11:00;291;sem vítima;477,725;BR-163/MS;Sul;Colisão lateral no mesmo sentido;0;0;1;1;0;2;0;0;0;0;4;0;0;0;0
06/11/2017;05:00:00;25;sem vítima;819;BR-163/MS;Sul;Atropelamento de animais;1;0;0;0;0;0;0;0;0;0;1;0;0;0;0
06/11/2017;09:51:00;103;com vítima;259;BR-163/MS;Norte;Tombamento de moto;0;0;0;1;0;0;0;0;0;0;0;1;0;0;0
06/11/2017;10:24:00;114;sem vítima;21,3;BR-163/MS;Sul;Engavetamento;1;0;1;0;0;0;0;0;0;2;6;0;0;0;0
06/11/2017;20:06:00;261;com vítima;272,5;BR-163/MS;Norte;Colisão com veículos (traseira);1;0;0;0;0;0;0;0;0;1;1;1;0;0;0
07/11/2017;00:38:00;6;sem vítima;151,95;BR-163/MS;Sul;Atropelamento de animais;0;0;1;0;0;0;0;0;0;0;1;0;0;0;0
07/11/2017;11:56:00;173;com vítima;429;BR-163/MS;Norte;Capotamento;1;0;0;0;0;0;0;0;0;0;0;0;2;0;0
07/11/2017;18:29:00;306;com vítima;486,646;BR-163/MS;Norte;Colisão c/ obstáculos;2;0;0;0;0;0;0;0;0;0;3;2;0;0;0
08/11/2017;05:24:00;21;sem vítima;485,246;BR-163/MS;Sul;Colisão com veículos (traseira);0;0;2;0;0;4;0;0;0;0;6;0;0;0;0
08/11/2017;06:51:00;32;com vítima;481;BR-163/MS;Norte;Colisão com veículos (frontal);2;0;0;0;0;0;0;0;0;0;0;2;0;0;0
08/11/2017;18:20:00;287;com vítima;260,827;BR-163/MS;Sul;Colisão lateral no sentido contrário;0;1;1;0;0;0;0;0;0;0;1;0;0;1;0
08/11/2017;19:23:00;303;sem vítima;97,287;BR-163/MS;Sul;Colisão lateral no mesmo sentido;1;0;1;0;0;1;0;0;0;0;6;0;0;0;0
08/11/2017;19:41:00;308;sem vítima;36,9;BR-163/MS;Sul;Colisão c/ obstáculos;0;0;1;0;0;4;0;0;0;0;5;0;0;0;0
08/11/2017;22:44:00;345;sem vítima;278,895;BR-163/MS;Sul;Atropelamento de animais;1;0;0;0;0;0;0;0;0;0;2;0;0;0;0
09/11/2017;13:27:00;200;com vítima;651;BR-163/MS;Norte;Colisão lateral no mesmo sentido;0;0;0;1;0;1;0;0;0;0;1;1;0;0;0
09/11/2017;14:23:00;221;com vítima;186;BR-163/MS;Sul;Saídas de pista;1;0;0;0;0;1;0;0;0;0;1;1;0;0;0
09/11/2017;15:21:00;242;com vítima;0,7;BR-163/MS;Norte;Tombamento;0;0;1;0;0;2;0;0;0;0;2;1;0;0;0
09/11/2017;16:35:00;267;com vítima;476;BR-163/MS;Sul;Colisão lateral no mesmo sentido;0;0;0;1;0;0;0;0;0;1;2;1;0;0;0
09/11/2017;21:41:00;343;sem vítima;267,441;BR-163/MS;Sul;Colisão c/ obstáculos;1;0;0;0;0;0;0;0;0;0;2;0;0;0;0
10/11/2017;16:16:00;276;sem vítima;272;BR-163/MS;Sul;Colisão c/ obstáculos;0;0;1;0;0;0;0;0;0;0;1;0;0;0;0
10/11/2017;20:53:00;336;com vítima;408,21;BR-163/MS;Norte;Colisão lateral no sentido contrário;1;0;1;0;0;1;0;0;0;0;2;0;0;0;1
12/11/2017;10:19:00;119;sem vítima;56,9;BR-163/MS;Norte;Capotamento;1;0;0;0;0;0;0;0;0;0;3;0;0;0;0
12/11/2017;12:00:00;143;com vítima;595;BR-163/MS;Norte;Capotamento;1;0;0;0;0;0;0;0;0;0;0;2;0;0;0
12/11/2017;19:54:00;255;com vítima;393,588;BR-163/MS;Norte;Colisão com veículos (traseira);0;1;0;1;0;0;0;0;0;0;0;0;1;1;0
12/11/2017;20:53:00;272;sem vítima;159,489;BR-163/MS;Sul;Colisão com veículos (traseira);0;0;2;0;0;2;0;0;0;0;4;0;0;0;0
12/11/2017;22:49:00;288;com vítima;266,869;BR-163/MS;Norte;Colisão c/ obstáculos;0;0;0;1;0;0;0;0;0;0;0;1;0;0;0
13/11/2017;20:50:00;314;com vítima;458,916;BR-163/MS;Sul;Colisão com veículos (traseira);1;0;0;1;0;0;0;0;0;0;1;0;1;0;0
14/11/2017;00:38:00;5;com vítima;799,8;BR-163/MS;Sul;Capotamento;1;0;0;0;0;0;0;0;0;0;0;1;0;0;0
14/11/2017;08:05:00;96;com vítima;480,771;BR-163/MS;Norte;Colisão com veículos (traseira);0;0;1;0;0;0;0;0;0;1;10;1;0;0;0
14/11/2017;11:47:00;167;com vítima;574;BR-163/MS;Sul;Capotamento;0;0;0;0;0;0;0;0;0;1;0;2;0;0;0
14/11/2017;15:57:00;241;com vítima;117;BR-163/MS;Sul;Colisão lateral no sentido contrário;1;0;1;0;0;2;0;0;0;0;3;1;1;0;0
14/11/2017;21:52:00;334;com vítima;451,646;BR-163/MS;Norte;Colisão com veículos (traseira);0;1;0;0;0;0;0;0;0;1;1;0;0;0;1
15/11/2017;00:39:00;7;sem vítima;274;BR-163/MS;Norte;Atropelamento de animais;1;0;0;0;0;0;0;0;0;0;2;0;0;0;0
15/11/2017;06:53:00;61;com vítima;378,937;BR-163/MS;Sul;Tombamento;0;0;1;0;0;1;0;0;0;0;1;1;0;0;0
15/11/2017;09:01:00;111;sem vítima;6;BR-163/MS;Norte;Colisão com veículos (traseira);2;0;0;0;0;0;0;0;0;0;2;0;0;0;0
16/11/2017;02:06:00;36;com vítima;703,736;BR-163/MS;Sul;Colisão c/ obstáculos;0;0;0;0;0;0;0;0;0;1;0;1;0;0;0
17/11/2017;00:45:00;25;sem vítima;343;BR-163/MS;Sul;Colisão c/ obstáculos;0;0;0;0;0;0;0;0;0;1;5;0;0;0;0
17/11/2017;06:40:00;72;com vítima;38,7;BR-163/MS;Norte;Tombamento de moto;0;0;0;1;0;0;0;0;0;0;0;0;1;0;0
17/11/2017;21:40:00;385;com vítima;77,968;BR-163/MS;Norte;Colisão lateral no sentido contrário;1;0;0;0;0;0;0;0;0;1;2;1;0;0;0
17/11/2017;21:59:00;388;sem vítima;265;BR-163/MS;Norte;Colisão c/ obstáculos;1;0;0;0;0;0;0;0;0;0;1;0;0;0;0
18/11/2017;01:03:00;15;sem vítima;18,14;BR-163/MS;Norte;Colisão c/ obstáculos;1;0;0;0;0;1;0;0;0;0;2;0;0;0;0
18/11/2017;05:36:00;43;com vítima;217,687;BR-163/MS;Norte;Capotamento;1;0;0;0;0;0;0;0;0;0;0;1;0;0;0
18/11/2017;07:21:00;77;sem vítima;670;BR-163/MS;Norte;Colisão c/ obstáculos;1;0;0;0;0;0;0;0;0;0;4;0;0;0;0
18/11/2017;10:54:00;157;com vítima;301;BR-163/MS;Sul;Capotamento;1;0;0;0;0;0;0;0;0;0;0;0;2;0;0
18/11/2017;11:14:00;162;sem vítima;348;BR-163/MS;Norte;Colisão c/ obstáculos;1;0;0;0;0;0;0;0;0;0;4;0;0;0;0
18/11/2017;15:51:00;236;sem vítima;714;BR-163/MS;Norte;Colisão com veículos (traseira);0;0;2;0;0;1;0;0;0;0;3;0;0;0;0
18/11/2017;20:39:00;297;com vítima;725,258;BR-163/MS;Sul;Colisão lateral no sentido contrário;1;0;1;0;0;1;0;0;0;0;3;1;0;0;0
19/11/2017;01:08:00;9;sem vítima;268,821;BR-163/MS;Sul;Tombamento de moto;0;0;0;1;0;0;0;0;0;0;1;0;0;0;0