data;horario;n_da_ocorrencia;tipo_de_ocorrencia;km;trecho;sentido;tipo_de_acidente;automovel;bicicleta;caminhao;moto;onibus;outros;tracao_animal;transporte_de_cargas_especiais;trator_maquinas;utilitarios;ilesos;levemente_feridos;moderadamente_feridos;gravemente_feridos;mortos
24/03/2018;12:43:00;165;sem vítima;227;BR-163/MS;Norte;Colisão c/ obstáculos;2;0;0;0;0;0;0;0;0;0;4;0;0;0;0
24/03/2018;17:56:00;257;com vítima;402;BR-163/MS;Norte;Colisão c/ obstáculos;0;0;0;0;0;0;0;0;0;1;2;1;2;0;0
24/03/2018;19:44:00;277;sem vítima;85,5;BR-163/MS;Sul;Atropelamento de animais;1;0;0;0;0;0;0;0;0;0;1;0;0;0;0
25/03/2018;06:27:00;48;sem vítima;16;BR-163/MS;Sul;Saídas de pista;1;0;0;0;0;0;0;0;0;0;5;0;0;0;0
25/03/2018;07:18:00;65;sem vítima;93,312;BR-163/MS;Sul;Saídas de pista;0;0;0;0;0;0;0;0;0;1;1;0;0;0;0
25/03/2018;19:35:00;222;com vítima;205;BR-163/MS;Sul;Tombamento;0;0;1;0;0;0;0;0;0;0;0;0;1;0;0
26/03/2018;19:59:00;341;sem vítima;220;BR-163/MS;Sul;Atropelamento de animais;0;0;0;0;0;0;0;0;0;1;2;0;0;0;0
27/03/2018;03:48:00;29;sem vítima;569,2;BR-163/MS;Norte;Atropelamento de animais;0;0;0;0;0;0;0;0;0;1;1;0;0;0;0
27/03/2018;08:31:00;100;com vítima;759,621;BR-163/MS;Sul;Tombamento;0;0;0;1;0;0;0;0;0;0;1;1;0;0;0
27/03/2018;15:14:00;216;sem vítima;480,895;BR-163/MS;Sul;Colisão c/ obstáculos;0;0;1;0;0;0;0;0;0;0;1;0;0;0;0
27/03/2018;18:34:00;278;com vítima;549,617;BR-163/MS;Norte;Capotamento;0;0;0;0;0;0;0;0;0;1;1;1;0;0;0
28/03/2018;04:17:00;15;sem vítima;455,4;BR-163/MS;Sul;Saídas de pista;0;0;2;0;0;0;0;0;0;0;5;0;0;0;0
28/03/2018;08:34:00;80;com vítima;503,55;BR-163/MS;Norte;Colisão com veículos (traseira);0;0;1;0;0;0;0;0;0;1;1;1;0;0;0
28/03/2018;09:48:00;103;com vítima;457,412;BR-163/MS;Norte;Colisão lateral no sentido contrário;1;0;0;0;0;1;0;0;0;1;2;2;0;0;0
28/03/2018;14:39:00;191;com vítima;571;BR-163/MS;Sul;Tombamento;0;0;1;0;0;2;0;0;0;0;2;1;0;0;0
29/03/2018;03:32:00;26;com vítima;680;BR-163/MS;Sul;Colisão c/ obstáculos;0;0;1;1;0;2;0;0;0;0;4;0;0;1;0
29/03/2018;14:42:00;226;com vítima;536;BR-163/MS;Sul;Capotamento;1;0;0;0;0;0;0;0;0;0;0;1;0;0;0
29/03/2018;18:13:00;288;sem vítima;475;BR-163/MS;Norte;Colisão lateral no sentido contrário;2;0;0;0;0;0;0;0;0;0;2;0;0;0;0
29/03/2018;18:22:00;292;com vítima;492;BR-163/MS;Norte;Atropelamento de pedestre;1;0;0;0;0;0;0;0;0;0;3;0;0;0;1
29/03/2018;19:28:00;308;sem vítima;356;BR-163/MS;Norte;Colisão lateral no mesmo sentido;2;0;0;0;0;0;0;0;0;0;6;0;0;0;0
30/03/2018;14:20:00;213;com vítima;821,603;BR-163/MS;Sul;Capotamento;1;0;0;0;0;0;0;0;0;0;0;1;0;0;0
31/03/2018;02:19:00;12;sem vítima;423,978;BR-163/MS;Norte;Atropelamento de animais;0;0;0;0;0;0;0;0;0;1;3;0;0;0;0
31/03/2018;08:35:00;85;sem vítima;148;BR-163/MS;Sul;Tombamento de moto;0;0;0;1;0;0;0;0;0;0;2;0;0;0;0
31/03/2018;18:06:00;253;com vítima;80,54;BR-163/MS;Norte;Atropelamento de pedestre;0;1;0;0;0;1;0;0;0;0;1;0;0;1;0
01/02/2018;07:35:00;68;com vítima;475,779;BR-163/MS;Sul;Colisão lateral no sentido contrário;0;0;2;0;0;2;0;0;0;0;3;1;0;0;0
01/02/2018;07:55:00;78;sem vítima;299;BR-163/MS;Norte;Colisão com veículos (traseira);0;0;1;0;0;0;0;0;0;1;2;0;0;0;0
01/02/2018;10:10:00;153;com vítima;25,8;BR-163/MS;Norte;Colisão lateral no sentido contrário;0;0;0;0;0;0;0;0;0;2;1;1;0;0;0
02/02/2018;02:14:00;16;sem vítima;576,237;BR-163/MS;Norte;Atropelamento de animais;1;0;0;0;0;0;0;0;0;0;5;0;0;0;0
02/02/2018;10:00:00;161;com vítima;355;BR-163/MS;Norte;Colisão lateral no mesmo sentido;1;0;1;0;0;2;0;0;0;0;4;1;0;0;0
02/02/2018;17:40:00;353;com vítima;714;BR-163/MS;Norte;Tombamento de moto;0;0;0;1;0;0;0;0;0;0;0;1;0;0;0
02/02/2018;18:43:00;373;com vítima;463,5;BR-163/MS;Norte;Tombamento de moto;0;0;0;1;0;0;0;0;0;0;0;1;0;0;0
02/02/2018;21:03:00;413;sem vítima;154,457;BR-163/MS;Norte;Engavetamento;0;0;3;0;0;3;0;0;0;0;6;0;0;0;0
03/02/2018;10:31:00;162;com vítima;728,844;BR-163/MS;Norte;Colisão com veículos (traseira);0;0;0;1;0;1;0;0;0;0;1;1;0;0;0
03/02/2018;11:46:00;191;com vítima;599,34;BR-163/MS;Sul;Colisão lateral no sentido contrário;1;0;1;0;0;1;0;0;0;0;4;3;0;0;0
03/02/2018;17:29:00;300;com vítima;254,6;BR-163/MS;Sul;Tombamento de moto;0;0;0;1;0;0;0;0;0;0;1;1;0;0;0
03/02/2018;17:33:00;303;sem vítima;645,8;BR-163/MS;Norte;Tombamento;0;0;1;0;0;0;0;0;0;0;1;0;0;0;0
04/02/2018;07:03:00;52;com vítima;609,259;BR-163/MS;Sul;Tombamento;0;0;1;0;0;2;0;0;0;0;2;1;0;0;0
04/02/2018;18:17:00;306;sem vítima;359;BR-163/MS;Sul;Atropelamento de animais;0;0;0;0;0;0;0;0;0;1;1;0;0;0;0
04/02/2018;21:31:00;353;com vítima;689;BR-163/MS;Norte;Colisão lateral no sentido contrário;0;0;0;1;0;0;0;0;0;1;1;0;0;1;0
05/02/2018;19:42:00;317;com vítima;324,519;BR-163/MS;Norte;Colisão lateral no sentido contrário;1;0;1;0;0;1;0;0;0;0;2;4;1;0;0
06/02/2018;03:07:00;25;sem vítima;787,461;BR-163/MS;Norte;Atropelamento de animais;0;0;1;0;0;0;0;0;0;0;1;0;0;0;0
06/02/2018;07:16:00;74;sem vítima;466;BR-163/MS;Norte;Colisão com veículos (traseira);0;0;1;0;0;0;0;0;0;1;3;0;0;0;0
06/02/2018;13:40:00;228;com vítima;77;BR-163/MS;Norte;Colisão com veículos (traseira);1;0;0;1;0;0;0;0;0;0;0;2;0;0;0
06/02/2018;15:59:00;269;com vítima;742,484;BR-163/MS;Sul;Colisão c/ obstáculos;1;0;0;0;0;0;0;0;0;0;1;3;0;0;0
06/02/2018;18:12:00;316;sem vítima;453,972;BR-163/MS;Sul;Colisão c/ obstáculos;0;0;1;0;0;0;0;0;0;0;1;0;0;0;0
07/02/2018;14:00:00;249;sem vítima;254,6;BR-163/MS;Sul;Colisão com veículos (traseira);0;0;1;0;0;0;0;0;0;1;2;0;0;0;0
07/02/2018;14:42:00;267;sem vítima;124;BR-163/MS;Norte;Tombamento;0;0;1;0;0;1;0;0;0;0;2;0;0;0;0
07/02/2018;15:42:00;294;com vítima;601,795;BR-163/MS;Sul;Colisão lateral no mesmo sentido;1;0;1;0;0;2;0;0;0;0;6;1;0;0;0
07/02/2018;15:55:00;299;sem vítima;508,476;BR-163/MS;Norte;Colisão lateral no sentido contrário;2;0;0;0;0;0;0;0;0;0;6;0;0;0;0
07/02/2018;20:47:00;375;sem vítima;367,231;BR-163/MS;Sul;Tombamento;0;0;1;0;0;1;0;0;0;0;2;0;0;0;0
08/02/2018;02:42:00;30;sem vítima;344,5;BR-163/MS;Sul;Atropelamento de animais;1;0;0;0;0;0;0;0;0;0;1;0;0;0;0
08/02/2018;18:13:00;338;sem vítima;466;BR-163/MS;Norte;Tombamento de moto;0;0;0;1;0;0;0;0;0;0;1;0;0;0;0
08/02/2018;23:40:00;403;com vítima;357;BR-163/MS;Sul;Colisão lateral no mesmo sentido;1;0;0;1;0;0;0;0;0;0;1;0;1;0;0
09/02/2018;15:12:00;244;sem vítima;186;BR-163/MS;Norte;Colisão lateral no mesmo sentido;1;0;1;0;0;0;0;0;0;0;4;0;0;0;0
10/02/2018;05:38:00;26;sem vítima;439,269;BR-163/MS;Norte;Colisão lateral no mesmo sentido;2;0;0;0;0;0;0;0;0;0;3;0;0;0;0
10/02/2018;08:06:00;64;sem vítima;639;BR-163/MS;Norte;Colisão c/ obstáculos;1;0;0;0;0;0;0;0;0;0;3;0;0;0;0
10/02/2018;10:59:00;123;sem vítima;670;BR-163/MS;Norte;Colisão lateral no sentido contrário;1;0;1;0;0;1;0;0;0;0;5;0;0;0;0
10/02/2018;21:01:00;288;sem vítima;270;BR-163/MS;Norte;Tombamento de moto;0;0;0;1;0;0;0;0;0;0;1;0;0;0;0
11/02/2018;11:06:00;130;sem vítima;784,933;BR-163/MS;Norte;Tombamento;0;0;1;0;0;2;0;0;0;0;4;0;0;0;0
11/02/2018;14:09:00;184;com vítima;611;BR-163/MS;Norte;Tombamento de moto;0;0;0;1;0;0;0;0;0;0;0;2;0;0;0
11/02/2018;20:46:00;271;sem vítima;718,888;BR-163/MS;Norte;Atropelamento de animais;0;0;0;0;0;0;0;0;0;1;3;0;0;0;0
12/02/2018;04:47:00;40;sem vítima;698,845;BR-163/MS;Norte;Atropelamento de animais;0;0;0;0;0;0;0;0;0;1;1;0;0;0;0
12/02/2018;09:10:00;106;com vítima;585;BR-163/MS;Norte;Capotamento;1;0;0;0;0;0;0;0;0;0;0;3;0;0;0
12/02/2018;15:03:00;228;sem vítima;561;BR-163/MS;Norte;Saídas de pista;1;0;0;0;0;0;0;0;0;0;3;0;0;0;0
12/02/2018;18:59:00;305;com vítima;487;BR-163/MS;Norte;Tombamento de moto;0;0;0;1;0;0;0;0;0;0;0;1;0;0;0
12/02/2018;20:02:00;321;sem vítima;198,35;BR-163/MS;Norte;Atropelamento de animais;0;0;0;0;0;0;0;0;0;1;2;0;0;0;0
13/02/2018;01:15:00;7;sem vítima;442;BR-163/MS;Norte;Engavetamento;2;0;0;0;0;0;0;0;0;1;7;0;0;0;0
14/02/2018;03:50:00;43;com vítima;327,848;BR-163/MS;Norte;Colisão com veículos (traseira);1;0;1;0;0;1;0;0;0;0;2;1;0;0;0
14/02/2018;11:14:00;134;com vítima;373,465;BR-163/MS;Norte;Atropelamento de pedestre;0;0;0;0;0;0;0;0;0;1;1;0;0;0;1
14/02/2018;16:06:00;205;com vítima;287,289;BR-163/MS;Norte;Colisão lateral no mesmo sentido;1;0;0;1;0;0;0;0;0;0;2;1;0;0;0
14/02/2018;20:27:00;281;sem vítima;440,118;BR-163/MS;Norte;Atropelamento de animais;1;0;0;0;0;0;0;0;0;0;4;0;0;0;0
15/02/2018;06:07:00;61;sem vítima;523,873;BR-163/MS;Sul;Colisão com veículos (traseira);2;0;0;0;0;0;0;0;0;0;2;0;0;0;0
15/02/2018;11:41:00;178;sem vítima;615;BR-163/MS;Norte;Colisão lateral no sentido contrário;0;0;1;1;0;0;0;0;0;0;2;0;0;0;0
17/02/2018;05:13:00;26;sem vítima;267;BR-163/MS;Norte;Capotamento;0;0;0;0;0;0;0;0;0;1;1;0;0;0;0
17/02/2018;15:39:00;223;sem vítima;776;BR-163/MS;Sul;Saídas de pista;1;0;0;0;0;0;0;0;0;0;4;0;0;0;0
18/02/2018;13:38:00;171;com vítima;251,7;BR-163/MS;Sul;Tombamento de moto;0;0;0;1;0;0;0;0;0;0;1;1;0;0;0
18/02/2018;13:52:00;175;com vítima;462;BR-163/MS;Norte;Colisão com veículos (traseira);1;0;0;1;0;0;0;0;0;0;4;1;0;0;0
18/02/2018;20:30:00;269;sem vítima;529;BR-163/MS;Norte;Colisão lateral no sentido contrário;1;0;1;0;0;1;0;0;0;0;4;0;0;0;0
18/02/2018;21:41:00;277;com vítima;499,6;BR-163/MS;Sul;Engavetamento;0;0;0;0;0;0;0;0;0;3;1;7;0;0;0
19/02/2018;05:11:00;20;sem vítima;313;BR-163/MS;Norte;Colisão c/ obstáculos;1;0;0;0;0;0;0;0;0;0;1;0;0;0;0
19/02/2018;09:35:00;98;sem vítima;348,175;BR-163/MS;Sul;Colisão c/ obstáculos;1;0;0;0;0;0;0;0;0;0;1;0;0;0;0
19/02/2018;11:20:00;129;com vítima;451,781;BR-163/MS;Sul;Tombamento;0;0;1;0;0;2;0;0;0;0;2;1;0;0;0
19/02/2018;19:26:00;247;sem vítima;49,539;BR-163/MS;Norte;Colisão c/ obstáculos;1;0;0;0;0;0;0;0;0;1;3;0;0;0;0
19/02/2018;22:16:00;277;sem vítima;144,859;BR-163/MS;Norte;Colisão c/ obstáculos;1;0;0;0;0;0;0;0;0;0;2;0;0;0;0
20/02/2018;07:07:00;46;com vítima;462,548;BR-163/MS;Norte;Colisão com veículos (frontal);2;0;0;0;0;0;0;0;0;0;0;1;1;0;0
21/02/2018;16:50:00;329;sem vítima;521;BR-163/MS;Norte;Tombamento;1;0;0;0;0;0;0;0;0;0;2;0;0;0;0
22/02/2018;03:17:00;14;sem vítima;561,5;BR-163/MS;Norte;Atropelamento de animais;1;0;0;0;0;0;0;0;0;0;3;0;0;0;0
22/02/2018;13:56:00;228;com vítima;483,316;BR-163/MS;Norte;Colisão lateral no mesmo sentido;1;0;0;1;0;0;0;0;0;0;1;0;0;1;0
22/02/2018;13:57:00;229;sem vítima;737;BR-163/MS;Sul;Saídas de pista;0;0;1;0;0;0;0;0;0;0;2;0;0;0;0
22/02/2018;22:56:00;389;sem vítima;701,15;BR-163/MS;Sul;Atropelamento de animais;0;0;1;0;0;0;0;0;0;0;1;0;0;0;0
23/02/2018;06:31:00;54;com vítima;255,974;BR-163/MS;Norte;Colisão com veículos (traseira);0;1;0;1;0;0;0;0;0;0;0;3;0;0;0
24/02/2018;14:39:00;207;com vítima;806,706;BR-163/MS;Norte;Saídas de pista;0;0;1;0;0;0;0;0;0;0;0;2;0;0;0
24/02/2018;21:04:00;318;com vítima;261,8;BR-163/MS;Norte;Tombamento de moto;0;0;0;1;0;0;0;0;0;0;0;1;0;0;0
25/02/2018;00:46:00;4;com vítima;575,2;BR-163/MS;Norte;Colisão lateral no mesmo sentido;0;0;0;1;0;0;0;0;0;0;0;1;0;0;0
25/02/2018;01:45:00;11;com vítima;629;BR-163/MS;Norte;Colisão c/ obstáculos;1;0;0;0;0;0;0;0;0;0;1;1;0;0;0
25/02/2018;04:50:00;22;sem vítima;158,75;BR-163/MS;Norte;Colisão c/ obstáculos;1;0;0;0;0;0;0;0;0;0;1;0;0;0;0
25/02/2018;14:42:00;162;com vítima;350,255;BR-163/MS;Norte;Capotamento;0;0;0;0;0;0;0;0;0;1;3;1;0;0;0
25/02/2018;15:14:00;175;com vítima;525,475;BR-163/MS;Norte;Tombamento;0;0;1;0;0;1;0;0;0;0;1;1;0;0;0
26/02/2018;10:58:00;165;com vítima;477;BR-163/MS;Norte;Tombamento de moto;0;0;0;1;0;0;0;0;0;0;1;1;0;0;0
26/02/2018;20:00:00;322;sem vítima;18,9;BR-163/MS;Sul;Colisão lateral no mesmo sentido;1;0;0;0;0;1;0;0;0;0;2;0;0;0;0
27/02/2018;02:36:00;14;com vítima;436;BR-163/MS;Norte;Colisão c/ obstáculos;1;0;0;0;0;0;0;0;0;0;2;1;0;0;0
27/02/2018;05:05:00;29;com vítima;722;BR-163/MS;Norte;Colisão com veículos (frontal);0;0;2;0;0;1;0;0;0;0;1;1;0;0;1
27/02/2018;05:36:00;31;com vítima;276;BR-163/MS;Sul;Tombamento;0;0;1;0;0;2;0;0;0;0;2;0;0;0;1
27/02/2018;06:01:00;35;com vítima;575;BR-163/MS;Sul;Colisão lateral no sentido contrário;0;0;1;0;0;1;0;0;0;1;4;1;0;0;0
27/02/2018;11:17:00;173;com vítima;356,608;BR-163/MS;Norte;Colisão com veículos (frontal);1;0;0;1;0;0;0;0;0;0;1;0;0;2;0
27/02/2018;18:38:00;321;sem vítima;490,633;BR-163/MS;Norte;Colisão com veículos (traseira);0;0;1;0;0;0;0;0;0;2;4;0;0;0;0
27/02/2018;20:11:00;347;sem vítima;239;BR-163/MS;Norte;Atropelamento de animais;1;0;0;0;0;0;0;0;0;0;2;0;0;0;0
27/02/2018;20:30:00;352;sem vítima;476,701;BR-163/MS;Sul;Engavetamento;1;0;1;0;0;1;0;0;0;1;7;0;0;0;0
27/02/2018;20:33:00;354;sem vítima;240;BR-163/MS;Sul;Colisão lateral no mesmo sentido;1;0;0;0;0;1;0;0;0;0;3;0;0;0;0
28/02/2018;00:45:00;6;sem vítima;768,31;BR-163/MS;Sul;Atropelamento de animais;0;0;0;0;1;0;0;0;0;0;15;0;0;0;0
28/02/2018;14:34:00;248;com vítima;266,88;BR-163/MS;Norte;Colisão com veículos (frontal);0;0;0;0;0;0;0;0;0;2;3;0;1;0;0
01/04/2018;04:18:00;20;sem vítima;0,8;BR-163/MS;Norte;Colisão c/ obstáculos;1;0;0;0;0;0;0;0;0;0;1;0;0;0;0
01/04/2018;06:34:00;38;sem vítima;265;BR-163/MS;Sul;Colisão c/ obstáculos;1;0;0;0;0;0;0;0;0;0;1;0;0;0;0
01/04/2018;14:20:00;138;sem vítima;30;BR-163/MS;Sul;Capotamento;0;0;0;0;0;0;0;0;0;1;5;0;0;0;0
01/04/2018;22:29:00;276;com vítima;821,658;BR-163/MS;Norte;Capotamento;1;0;0;0;0;0;0;0;0;0;0;1;0;0;0
02/04/2018;18:13:00;285;com vítima;304;BR-163/MS;Norte;Colisão lateral no sentido contrário;1;0;0;1;0;0;0;0;0;0;2;0;1;0;0
02/04/2018;18:45:00;297;sem vítima;615;BR-163/MS;Norte;Colisão lateral no sentido contrário;1;0;1;0;0;0;0;0;0;0;2;0;0;0;0
03/04/2018;06:20:00;24;com vítima;475,737;BR-163/MS;Norte;Colisão lateral no mesmo sentido;1;0;0;1;0;0;0;0;0;0;3;2;0;0;0
03/04/2018;13:11:00;180;sem vítima;604,193;BR-163/MS;Norte;Tombamento;0;0;1;0;0;2;0;0;0;0;3;0;0;0;0
03/04/2018;13:43:00;188;com vítima;589,441;BR-163/MS;Sul;Tombamento de moto;0;0;0;1;0;0;0;0;0;0;0;1;0;0;0
03/04/2018;14:16:00;201;com vítima;123,8;BR-163/MS;Norte;Colisão lateral no mesmo sentido;1;0;1;0;0;0;0;0;0;0;1;1;0;0;0
03/04/2018;20:23:00;288;com vítima;238,5;BR-163/MS;Sul;Tombamento de moto;0;0;0;1;0;0;0;0;0;0;0;1;0;0;0
04/04/2018;04:46:00;35;sem vítima;21,23;BR-163/MS;Norte;Tombamento;0;0;2;0;0;0;0;0;0;0;2;0;0;0;0
04/04/2018;18:09:00;308;sem vítima;317,56;BR-163/MS;Sul;Atropelamento de animais;1;0;0;0;0;0;0;0;0;0;5;0;0;0;0
05/04/2018;04:02:00;39;com vítima;511,451;BR-163/MS;Norte;Saídas de pista;1;0;0;0;0;0;0;0;0;0;0;1;0;0;0
05/04/2018;06:54:00;84;sem vítima;705;BR-163/MS;Norte;Capotamento;1;0;1;0;0;1;0;0;0;0;3;0;0;0;0
05/04/2018;14:57:00;257;com vítima;555,814;BR-163/MS;Norte;Tombamento;0;0;1;0;0;2;0;0;0;0;2;1;0;0;0
06/04/2018;07:30:00;70;com vítima;227,29;BR-163/MS;Norte;Capotamento;1;0;0;0;0;0;0;0;0;0;0;1;0;0;0
06/04/2018;10:11:00;151;com vítima;306,24;BR-163/MS;Sul;Capotamento;1;0;0;0;0;0;0;0;0;0;1;1;1;0;0
06/04/2018;21:24:00;341;sem vítima;301;BR-163/MS;Sul;Saídas de pista;0;0;0;0;0;0;0;0;0;1;1;0;0;0;0
06/04/2018;22:24:00;355;sem vítima;575;BR-163/MS;Norte;Atropelamento de animais;1;0;0;0;0;0;0;0;0;0;3;0;0;0;0
06/04/2018;23:22:00;363;com vítima;728;BR-163/MS;Norte;Colisão c/ obstáculos;1;0;0;0;0;0;0;0;0;0;0;0;0;1;0
07/04/2018;00:18:00;6;com vítima;259;BR-163/MS;Sul;Colisão com veículos (traseira);0;0;0;2;0;0;0;0;0;0;0;3;0;0;0
07/04/2018;13:04:00;193;com vítima;190,442;BR-163/MS;Norte;Capotamento;1;0;0;0;0;0;0;0;0;0;0;1;0;0;0
07/04/2018;16:17:00;260;com vítima;354;BR-163/MS;Norte;Capotamento;0;0;0;0;0;0;0;0;0;1;2;2;1;0;0
07/04/2018;21:17:00;318;sem vítima;533;BR-163/MS;Norte;;1;0;0;0;0;0;0;0;0;0;1;0;0;0;0
07/04/2018;21:32:00;323;sem vítima;544;BR-163/MS;Norte;Saídas de pista;1;0;0;0;0;0;0;0;0;0;3;0;0;0;0
08/04/2018;13:25:00;146;com vítima;268,272;BR-163/MS;Norte;Tombamento de moto;0;0;0;1;0;0;0;0;0;0;0;2;0;0;0
08/04/2018;18:39:00;225;com vítima;479;BR-163/MS;Norte;Colisão lateral no mesmo sentido;1;0;0;1;0;0;0;0;0;0;4;1;1;1;0
09/04/2018;01:06:00;12;com vítima;104;BR-163/MS;Norte;Tombamento de moto;0;0;0;1;0;0;0;0;0;0;0;1;0;0;0
09/04/2018;11:19:00;183;sem vítima;472;BR-163/MS;Norte;Colisão c/ obstáculos;0;0;1;0;0;0;0;0;0;0;1;0;0;0;0
09/04/2018;14:17:00;244;com vítima;306;BR-163/MS;Norte;Tombamento;0;0;1;0;0;0;0;0;0;0;0;1;0;0;0
10/04/2018;11:13:00;172;com vítima;481;BR-163/MS;Norte;Colisão com veículos (traseira);0;0;0;1;0;2;0;0;0;0;2;1;1;0;0
10/04/2018;11:36:00;179;com vítima;466;BR-163/MS;Norte;Tombamento de moto;0;0;0;1;0;0;0;0;0;0;0;1;0;0;0
10/04/2018;16:59:00;257;sem vítima;479,751;BR-163/MS;Sul;Colisão com veículos (traseira);1;0;1;0;0;1;0;0;0;0;4;0;0;0;0
10/04/2018;22:13:00;314;com vítima;448,43;BR-163/MS;Sul;Capotamento;1;0;0;0;0;0;0;0;0;0;0;2;0;0;0
11/04/2018;07:22:00;84;sem vítima;327;BR-163/MS;Norte;Capotamento;2;0;0;0;0;0;0;0;0;0;2;0;0;0;0
11/04/2018;17:25:00;275;sem vítima;280;BR-163/MS;Sul;;0;0;0;1;0;0;0;0;0;0;1;0;0;0;0
11/04/2018;20:53:00;319;sem vítima;563,2;BR-163/MS;Sul;Atropelamento de animais;1;0;0;0;0;0;0;0;0;0;1;0;0;0;0
12/04/2018;05:00:00;34;sem vítima;402;BR-163/MS;Norte;Atropelamento de animais;0;0;0;0;0;0;0;0;0;1;8;0;0;0;0
13/04/2018;06:45:00;69;com vítima;13;BR-163/MS;Sul;Tombamento de moto;0;0;0;1;0;0;0;0;0;0;0;1;0;0;0
13/04/2018;13:27:00;238;com vítima;486;BR-163/MS;Norte;Capotamento;0;0;0;0;0;1;0;0;0;1;1;1;0;0;0
13/04/2018;17:48:00;303;com vítima;475,5;BR-163/MS;Sul;Tombamento de moto;0;0;0;1;0;0;0;0;0;0;0;1;0;0;0
13/04/2018;18:48:00;318;com vítima;499,8;BR-163/MS;Sul;Atropelamento de pedestre;0;0;0;1;0;0;0;0;0;0;0;2;0;0;0
14/04/2018;13:42:00;222;com vítima;219;BR-163/MS;Sul;Colisão lateral no sentido contrário;2;0;0;0;0;0;0;0;0;0;3;1;0;0;0
14/04/2018;18:48:00;314;sem vítima;554,458;BR-163/MS;Norte;Atropelamento de animais;2;0;0;0;0;0;0;0;0;0;5;0;0;0;0
14/04/2018;18:56:00;316;com vítima;383,116;BR-163/MS;Sul;Colisão c/ obstáculos;1;0;0;0;0;0;0;0;0;0;0;3;0;1;0
14/04/2018;19:34:00;324;com vítima;615,443;BR-163/MS;Norte;Colisão lateral no sentido contrário;1;0;0;0;0;0;0;0;0;1;2;1;0;0;0
15/04/2018;03:45:00;28;sem vítima;265,299;BR-163/MS;Norte;Saídas de pista;1;0;0;0;0;0;0;0;0;0;1;0;0;0;0
15/04/2018;06:39:00;60;sem vítima;290;BR-163/MS;Norte;Colisão c/ obstáculos;1;0;0;0;0;0;0;0;0;0;1;0;0;0;0
15/04/2018;10:25:00;142;com vítima;257;BR-163/MS;Sul;Tombamento;0;1;0;0;0;0;0;0;0;0;0;1;0;0;0
15/04/2018;18:03:00;255;com vítima;211,981;BR-163/MS;Norte;Colisão lateral no sentido contrário;2;0;0;0;0;0;0;0;0;0;1;4;0;0;0
15/04/2018;19:55:00;281;sem vítima;803,684;BR-163/MS;Norte;Capotamento;1;0;0;0;0;1;0;0;0;0;3;0;0;0;0
15/04/2018;22:22:00;307;com vítima;236;BR-163/MS;Norte;Saídas de pista;0;0;0;0;0;0;0;0;0;1;0;1;0;0;0
16/04/2018;06:44:00;66;sem vítima;1,6;BR-163/MS;Sul;;0;0;0;1;0;0;0;0;0;0;1;0;0;0;0
17/04/2018;15:33:00;256;sem vítima;548;BR-163/MS;Norte;Colisão lateral no sentido contrário;0;1;0;1;0;0;0;0;0;0;2;0;0;0;0
17/04/2018;18:03:00;287;com vítima;479,59;BR-163/MS;Sul;Colisão com veículos (traseira);0;1;0;1;0;0;0;0;0;0;1;1;0;0;0
17/04/2018;18:22:00;288;com vítima;487,996;BR-163/MS;Norte;Tombamento de moto;0;0;0;1;0;0;0;0;0;0;0;0;1;0;0
17/04/2018;18:54:00;292;sem vítima;494;BR-163/MS;Norte;Atropelamento de animais;0;0;0;0;0;0;0;0;0;1;4;0;0;0;0
17/04/2018;22:14:00;316;sem vítima;667;BR-163/MS;Norte;Saídas de pista;0;0;1;0;0;2;0;0;0;0;3;0;0;0;0
18/04/2018;05:45:00;31;sem vítima;211,2;BR-163/MS;Norte;Atropelamento de animais;0;0;0;0;0;0;0;0;0;1;1;0;0;0;0
18/04/2018;06:45:00;53;com vítima;466,49;BR-163/MS;Sul;Tombamento;0;0;1;0;0;1;0;0;0;0;1;1;0;0;0
18/04/2018;18:10:00;331;com vítima;728,22;BR-163/MS;Sul;Atropelamento de pedestre;0;0;0;1;0;0;0;0;0;0;0;1;1;0;0
18/04/2018;19:01:00;344;sem vítima;395;BR-163/MS;Norte;Atropelamento de animais;0;0;1;0;0;0;0;0;0;0;1;0;0;0;0
18/04/2018;22:11:00;383;sem vítima;659,695;BR-163/MS;Sul;Atropelamento de animais;1;0;0;0;0;0;0;0;0;0;2;0;0;0;0
19/04/2018;02:05:00;13;sem vítima;290;BR-163/MS;Norte;;1;0;0;0;0;0;0;0;0;0;1;0;0;0;0
19/04/2018;02:09:00;14;sem vítima;342;BR-163/MS;Sul;Atropelamento de animais;1;0;0;0;0;0;0;0;0;0;1;0;0;0;0
19/04/2018;09:17:00;117;com vítima;282,9;BR-163/MS;Sul;Tombamento de moto;0;0;0;1;0;0;0;0;0;0;0;1;0;0;0
19/04/2018;10:43:00;146;com vítima;481,641;BR-163/MS;Sul;Colisão com veículos (traseira);1;0;0;1;0;0;0;0;0;0;2;1;0;0;0
19/04/2018;12:33:00;184;com vítima;20;BR-163/MS;Sul;Tombamento;0;0;1;0;0;1;0;0;0;0;1;1;0;0;0
19/04/2018;14:53:00;230;sem vítima;359,65;BR-163/MS;Norte;Saídas de pista;1;0;0;0;0;0;0;0;0;0;1;0;0;0;0
19/04/2018;18:06:00;295;sem vítima;22,9;BR-163/MS;Sul;Colisão com veículos (traseira);2;0;0;0;0;0;0;0;0;0;2;0;0;0;0
20/04/2018;07:09:00;47;com vítima;575,271;BR-163/MS;Norte;Colisão lateral no sentido contrário;1;0;1;0;0;1;0;0;0;0;2;1;0;0;0