data;horario;n_da_ocorrencia;tipo_de_ocorrencia;km;trecho;sentido;tipo_de_acidente;automovel;bicicleta;caminhao;moto;onibus;outros;tracao_animal;transporte_de_cargas_especiais;trator_maquinas;utilitarios;ilesos;levemente_feridos;moderadamente_feridos;gravemente_feridos;mortos
16/10/2018;10:33:00;183;sem vítima;484,457;BR-163/MS;Norte;Colisão com veículos (traseira);0;0;2;0;0;2;0;0;0;0;4;0;0;0;0
16/10/2018;18:22:00;326;com vítima;580;BR-163/MS;Norte;Tombamento de moto;0;0;0;1;0;0;0;0;0;0;1;0;1;0;0
16/10/2018;06:22:00;65;sem vítima;40,426;BR-163/MS;Norte;Tombamento;0;0;1;0;0;1;0;0;0;0;2;0;0;0;0
16/10/2018;09:05:00;142;com vítima;682;BR-163/MS;Sul;Colisão lateral no sentido contrário;1;0;1;0;0;0;0;0;0;0;1;2;0;0;0
18/10/2018;07:22:00;107;sem vítima;506,78;BR-163/MS;Sul;Colisão c/ obstáculos;1;0;0;0;0;0;0;0;0;0;1;0;0;0;0
18/10/2018;09:16:00;172;com vítima;117;BR-163/MS;Sul;Colisão lateral no sentido contrário;2;0;0;0;0;0;0;0;0;0;3;1;0;0;0
18/10/2018;14:33:00;276;com vítima;167;BR-163/MS;Sul;Colisão com veículos (frontal);0;0;2;0;0;1;0;0;0;0;1;0;1;2;0
19/10/2018;15:05:00;345;com vítima;613,442;BR-163/MS;Sul;Colisão com veículos (traseira);2;0;0;0;0;0;0;0;0;0;2;1;0;0;0
19/10/2018;18:46:00;407;sem vítima;359,87;BR-163/MS;Sul;Atropelamento de animais;1;0;0;0;0;0;0;0;0;0;1;0;0;0;0
19/10/2018;19:00:00;412;com vítima;225,123;BR-163/MS;Sul;Colisão lateral no mesmo sentido;1;0;1;0;0;2;0;0;0;0;7;1;0;0;0
20/10/2018;21:59:00;380;sem vítima;271,693;BR-163/MS;Norte;Outros;1;0;1;0;0;1;0;0;0;0;3;0;0;0;0
21/10/2018;04:12:00;38;com vítima;508,372;BR-163/MS;Sul;Capotamento;1;0;0;0;0;0;0;0;0;0;0;0;1;0;1
22/10/2018;09:40:00;161;sem vítima;466,464;BR-163/MS;Sul;Tombamento;0;0;1;0;0;2;0;0;0;0;3;0;0;0;0
22/10/2018;09:49:00;165;sem vítima;479,948;BR-163/MS;Sul;Colisão com veículos (traseira);0;0;2;0;0;4;0;0;0;0;6;0;0;0;0
22/10/2018;18:29:00;324;sem vítima;330;BR-163/MS;Norte;Atropelamento de animais;1;0;0;0;0;0;0;0;0;0;4;0;0;0;0
22/10/2018;23:42:00;377;sem vítima;699,634;BR-163/MS;Sul;Atropelamento de animais;0;0;1;0;0;0;0;0;0;0;2;0;0;0;0
23/10/2018;11:49:00;213;sem vítima;229,224;BR-163/MS;Sul;Tombamento;0;0;1;0;0;2;0;0;0;0;3;0;0;0;0
23/10/2018;12:14:00;220;com vítima;678;BR-163/MS;Norte;Colisão lateral no sentido contrário;1;0;0;0;0;0;0;0;0;1;1;0;1;0;0
23/10/2018;13:49:00;249;sem vítima;494,939;BR-163/MS;Norte;Saídas de pista;1;0;0;0;0;0;0;0;0;0;1;0;0;0;0
23/10/2018;15:38:00;288;com vítima;106,292;BR-163/MS;Sul;Colisão c/ obstáculos;1;0;0;0;0;0;0;0;0;0;0;1;0;0;0
23/10/2018;19:09:00;334;sem vítima;380;BR-163/MS;Norte;Atropelamento de animais;0;0;0;0;1;0;0;0;0;0;23;0;0;0;0
24/10/2018;11:23:00;173;com vítima;455;BR-163/MS;Norte;Saídas de pista;1;0;0;0;0;0;0;0;0;0;1;1;0;0;0
24/10/2018;15:33:00;237;sem vítima;774,56;BR-163/MS;Sul;Saídas de pista;0;0;0;0;0;0;0;0;0;1;2;0;0;0;0
24/10/2018;18:13:00;275;sem vítima;18,829;BR-163/MS;Norte;Colisão lateral no sentido contrário;2;0;0;0;0;0;0;0;0;0;5;0;0;0;0
24/10/2018;18:48:00;283;sem vítima;478;BR-163/MS;Norte;Colisão lateral no mesmo sentido;1;0;0;0;0;1;0;0;0;0;2;0;0;0;0
24/10/2018;21:56:00;308;sem vítima;559;BR-163/MS;Norte;Atropelamento de animais;1;0;0;0;0;0;0;0;0;0;3;0;0;0;0
24/10/2018;22:24:00;312;sem vítima;363,503;BR-163/MS;Norte;Atropelamento de animais;0;0;0;0;0;1;0;0;0;1;3;0;0;0;0
25/10/2018;02:10:00;36;sem vítima;92,656;BR-163/MS;Sul;Saídas de pista;0;0;1;0;0;0;0;0;0;0;3;0;0;0;0
25/10/2018;04:33:00;44;sem vítima;124,777;BR-163/MS;Sul;Saídas de pista;1;0;0;0;0;0;0;0;0;0;2;0;0;0;0
25/10/2018;09:47:00;146;sem vítima;775,215;BR-163/MS;Sul;Tombamento;0;0;1;0;0;2;0;0;0;0;3;0;0;0;0
25/10/2018;10:12:00;153;com vítima;477,877;BR-163/MS;Norte;Colisão com veículos (frontal);0;0;0;1;0;0;0;0;0;1;1;1;0;0;0
25/10/2018;11:16:00;176;sem vítima;18,9;BR-163/MS;Sul;Colisão lateral no sentido contrário;2;0;0;0;0;0;0;0;0;0;3;0;0;0;0
25/10/2018;12:35:00;195;sem vítima;59,159;BR-163/MS;Norte;Colisão c/ obstáculos;1;0;0;0;0;0;0;0;0;0;1;0;0;0;0
25/10/2018;20:29:00;348;sem vítima;615;BR-163/MS;Norte;Colisão lateral no mesmo sentido;1;0;1;0;0;0;0;0;0;0;2;0;0;0;0
25/10/2018;22:46:00;368;sem vítima;316,391;BR-163/MS;Norte;Saídas de pista;1;0;0;0;0;0;0;0;0;0;1;0;0;0;0
26/10/2018;03:54:00;46;sem vítima;30,68;BR-163/MS;Sul;Colisão c/ obstáculos;0;0;0;0;0;0;0;0;0;1;1;0;0;0;0
26/10/2018;12:47:00;269;com vítima;61,396;BR-163/MS;Norte;Capotamento;1;0;0;0;0;1;0;0;0;0;2;1;0;0;0
26/10/2018;18:36:00;385;sem vítima;190;BR-163/MS;Sul;Atropelamento de animais;0;0;0;0;0;0;0;0;0;1;2;0;0;0;0
26/10/2018;19:53:00;408;com vítima;462;BR-163/MS;Sul;Atropelamento de pedestre;0;0;0;0;0;0;0;0;0;1;2;0;0;0;1
26/10/2018;20:45:00;418;sem vítima;739;BR-163/MS;Norte;Atropelamento de animais;0;0;0;0;0;0;0;0;0;1;2;0;0;0;0
26/10/2018;21:07:00;424;sem vítima;500,681;BR-163/MS;Norte;Atropelamento de animais;0;0;0;0;0;0;0;0;0;1;3;0;0;0;0
26/10/2018;22:22:00;437;sem vítima;446,672;BR-163/MS;Sul;Capotamento;1;0;0;0;0;0;0;0;0;0;1;0;0;0;0
27/10/2018;05:04:00;19;sem vítima;366;BR-163/MS;Sul;Colisão c/ obstáculos;1;0;0;0;0;0;0;0;0;0;1;0;0;0;0
27/10/2018;21:42:00;328;com vítima;483,898;BR-163/MS;Norte;Engavetamento;3;0;0;0;0;1;0;0;0;0;1;6;0;0;0
27/10/2018;22:16:00;332;sem vítima;726,935;BR-163/MS;Sul;Tombamento de moto;0;0;0;1;0;0;0;0;0;0;1;0;0;0;0
28/10/2018;16:02:00;183;com vítima;503,46;BR-163/MS;Sul;Colisão c/ obstáculos;1;0;0;0;0;0;0;0;0;0;0;0;2;0;0
28/10/2018;19:08:00;229;sem vítima;490;BR-163/MS;Norte;Tombamento;0;0;1;0;0;0;0;0;0;0;2;0;0;0;0
28/10/2018;19:09:00;230;com vítima;680,757;BR-163/MS;Norte;Colisão lateral no sentido contrário;0;0;0;1;0;1;0;0;0;0;1;2;0;0;0
28/10/2018;19:51:00;235;sem vítima;348;BR-163/MS;Norte;Colisão com veículos (traseira);0;0;0;1;0;0;0;0;0;0;1;0;0;0;0
29/10/2018;02:41:00;8;com vítima;241;BR-163/MS;Norte;Saídas de pista;0;0;0;0;0;0;0;0;0;1;0;1;0;0;0
29/10/2018;12:22:00;220;com vítima;154,424;BR-163/MS;Sul;Saídas de pista;0;0;1;1;0;2;0;0;0;0;3;1;0;0;0
29/10/2018;16:03:00;293;com vítima;257,3;BR-163/MS;Sul;Capotamento;1;0;0;0;0;0;0;0;0;0;0;1;0;0;0
29/10/2018;23:38:00;371;com vítima;52,505;BR-163/MS;Sul;Colisão lateral no mesmo sentido;0;0;1;0;0;2;0;0;0;1;3;2;0;0;0
30/10/2018;04:58:00;47;com vítima;686;BR-163/MS;Norte;Tombamento de moto;0;0;0;1;0;0;0;0;0;0;0;1;0;0;0
30/10/2018;06:07:00;56;com vítima;548,31;BR-163/MS;Sul;Colisão lateral no sentido contrário;1;0;0;0;0;0;0;0;0;1;3;1;0;0;0
30/10/2018;07:50:00;112;com vítima;142,325;BR-163/MS;Norte;Colisão lateral no sentido contrário;1;0;1;0;0;2;0;0;0;0;3;1;0;0;0
30/10/2018;09:45:00;172;sem vítima;125,157;BR-163/MS;Sul;Colisão lateral no mesmo sentido;0;0;1;0;0;0;0;0;0;1;4;0;0;0;0
31/10/2018;03:45:00;54;sem vítima;430;BR-163/MS;Norte;Colisão c/ obstáculos;0;0;1;0;0;2;0;0;0;0;3;0;0;0;0
31/10/2018;05:01:00;62;com vítima;341,271;BR-163/MS;Norte;Colisão lateral no mesmo sentido;1;0;0;1;0;0;0;0;0;0;2;1;0;0;0
31/10/2018;09:18:00;169;sem vítima;432;BR-163/MS;Sul;Colisão com veículos (traseira);0;0;2;0;0;0;0;0;0;0;2;0;0;0;0
31/10/2018;18:16:00;376;sem vítima;168;BR-163/MS;Sul;Saídas de pista;1;0;0;0;0;0;0;0;0;0;3;0;0;0;0
31/10/2018;18:23:00;378;sem vítima;626,631;BR-163/MS;Sul;Colisão lateral no mesmo sentido;1;0;0;0;0;0;0;0;0;1;2;0;0;0;0
31/10/2018;18:36:00;383;com vítima;801,58;BR-163/MS;Norte;Tombamento de moto;0;0;0;1;0;0;0;0;0;0;1;1;0;0;0
31/10/2018;18:39:00;384;com vítima;264;BR-163/MS;Norte;Atropelamento de pedestre;0;1;0;0;0;1;0;0;0;0;1;0;1;0;0
31/10/2018;21:58:00;418;sem vítima;49;BR-163/MS;Sul;Atropelamento de animais;1;0;0;0;0;0;0;0;0;0;1;0;0;0;0
31/10/2018;23:38:00;428;com vítima;525,323;BR-163/MS;Norte;Saídas de pista;1;0;0;0;0;0;0;0;0;0;0;3;0;0;0
01/11/2018;06:12:00;71;com vítima;165,734;BR-163/MS;Sul;Colisão lateral no mesmo sentido;0;0;3;0;0;5;0;0;0;0;6;2;0;0;0
01/11/2018;07:57:00;105;sem vítima;50;BR-163/MS;Norte;Colisão c/ obstáculos;0;0;0;0;0;0;0;0;0;1;1;0;0;0;0
01/11/2018;11:48:00;174;com vítima;348;BR-163/MS;Norte;Saídas de pista;1;0;0;0;0;1;0;0;0;0;1;1;0;0;0
01/11/2018;14:06:00;205;sem vítima;374,17;BR-163/MS;Sul;Colisão c/ obstáculos;0;0;1;0;0;0;0;0;0;0;1;0;0;0;0
01/11/2018;14:41:00;215;sem vítima;454,4;BR-163/MS;Sul;Capotamento;1;0;0;0;0;0;0;0;0;0;2;0;0;0;0
01/11/2018;14:47:00;216;sem vítima;364,419;BR-163/MS;Norte;Colisão c/ obstáculos;1;0;0;0;0;1;0;0;0;0;7;0;0;0;0
02/11/2018;06:51:00;63;com vítima;295,366;BR-163/MS;Norte;Capotamento;0;0;0;0;0;0;0;0;0;1;1;2;0;0;0
02/11/2018;13:46:00;245;com vítima;767;BR-163/MS;Sul;Colisão com veículos (traseira);1;0;1;0;0;0;0;0;0;0;2;2;0;0;0
02/11/2018;19:11:00;348;sem vítima;20,195;BR-163/MS;Norte;Colisão c/ obstáculos;1;0;0;0;0;0;0;0;0;0;1;0;0;0;0
03/11/2018;04:30:00;42;sem vítima;537;BR-163/MS;Norte;Atropelamento de animais;1;0;0;0;0;0;0;0;0;0;2;0;0;0;0
03/11/2018;15:00:00;331;com vítima;490;BR-163/MS;Sul;Tombamento de moto;0;0;0;1;0;0;0;0;0;0;0;1;0;0;0
03/11/2018;15:21:00;340;sem vítima;74;BR-163/MS;Norte;Saídas de pista;1;0;0;0;0;0;0;0;0;0;1;0;0;0;0
03/11/2018;16:34:00;361;sem vítima;526;BR-163/MS;Sul;Colisão com veículos (traseira);1;0;2;0;0;3;0;0;0;0;12;0;0;0;0
03/11/2018;18:41:00;394;com vítima;613,536;BR-163/MS;Norte;Colisão com veículos (frontal);1;1;0;0;0;0;0;0;0;1;1;1;0;0;1
04/11/2018;19:39:00;314;sem vítima;403,51;BR-163/MS;Norte;Colisão lateral no sentido contrário;0;0;0;0;0;1;0;0;0;1;2;0;0;0;0
04/11/2018;23:37:00;357;sem vítima;767;BR-163/MS;Norte;Atropelamento de animais;0;0;0;0;0;0;0;0;0;1;1;0;0;0;0
05/11/2018;09:38:00;156;sem vítima;528;BR-163/MS;Sul;Colisão lateral no mesmo sentido;0;0;0;0;0;0;0;0;0;2;5;0;0;0;0
05/11/2018;23:17:00;386;sem vítima;345;BR-163/MS;Norte;Atropelamento de animais;1;0;0;0;0;0;0;0;0;0;1;0;0;0;0
06/11/2018;07:21:00;77;com vítima;485,1;BR-163/MS;Sul;Colisão lateral no sentido contrário;1;0;0;1;0;0;0;0;0;0;2;1;0;0;0
06/11/2018;12:05:00;195;com vítima;250,5;BR-163/MS;Sul;Colisão lateral no mesmo sentido;0;0;0;1;0;1;0;0;0;0;1;2;0;0;0
06/11/2018;12:52:00;210;com vítima;375;BR-163/MS;Norte;Colisão c/ obstáculos;0;0;0;0;0;0;0;0;0;1;0;1;0;0;0
07/11/2018;08:05:00;103;sem vítima;348,515;BR-163/MS;Norte;Colisão com veículos (traseira);0;0;2;0;0;2;0;0;0;0;4;0;0;0;0
07/11/2018;11:10:00;202;com vítima;18,523;BR-163/MS;Norte;Colisão lateral no sentido contrário;1;0;0;1;0;0;0;0;0;0;2;1;0;0;0
07/11/2018;11:43:00;210;com vítima;80,983;BR-163/MS;Norte;Colisão com veículos (traseira);1;0;0;0;0;1;0;0;0;0;4;1;0;0;0
07/11/2018;15:14:00;291;sem vítima;383,78;BR-163/MS;Norte;Engavetamento;0;0;2;0;0;3;0;0;0;0;5;0;0;0;0
07/11/2018;15:34:00;294;com vítima;482,13;BR-163/MS;Sul;Colisão lateral no sentido contrário;0;0;1;1;0;2;0;0;0;0;4;0;0;0;1
07/11/2018;21:01:00;370;com vítima;10,69;BR-163/MS;Sul;Colisão lateral no sentido contrário;1;0;1;0;0;2;0;0;0;0;3;0;1;1;0
07/11/2018;22:37:00;381;sem vítima;346,272;BR-163/MS;Sul;Atropelamento de animais;1;0;0;0;0;0;0;0;0;0;1;0;0;0;0
08/11/2018;08:54:00;134;com vítima;516,731;BR-163/MS;Norte;Tombamento de moto;0;0;0;1;0;0;0;0;0;0;0;1;0;0;0
08/11/2018;11:37:00;204;com vítima;77,855;BR-163/MS;Sul;Atropelamento de pedestre;0;0;1;0;0;0;0;0;0;0;1;0;1;1;0
09/11/2018;10:47:00;194;sem vítima;466,422;BR-163/MS;Sul;Colisão com veículos (traseira);1;0;1;0;0;0;0;0;0;0;3;0;0;0;0
09/11/2018;11:42:00;223;sem vítima;420,5;BR-163/MS;Sul;Tombamento;0;0;2;0;0;0;0;0;0;0;2;0;0;0;0
10/11/2018;02:28:00;10;sem vítima;505,49;BR-163/MS;Sul;Atropelamento de animais;1;0;0;0;0;0;0;0;0;0;1;0;0;0;0
10/11/2018;03:27:00;18;sem vítima;475,643;BR-163/MS;Norte;Colisão com veículos (traseira);0;0;0;0;0;0;0;0;0;2;3;0;0;0;0
10/11/2018;03:38:00;20;com vítima;485,306;BR-163/MS;Norte;Colisão com veículos (frontal);2;0;0;0;0;1;0;0;0;0;1;2;0;0;0
10/11/2018;13:04:00;195;com vítima;450;BR-163/MS;Sul;Tombamento de moto;0;0;0;1;0;0;0;0;0;0;0;1;0;0;0
10/11/2018;16:44:00;257;sem vítima;497,54;BR-163/MS;Norte;Colisão lateral no mesmo sentido;1;0;0;0;0;0;0;0;0;1;5;0;0;0;0
10/11/2018;17:21:00;269;com vítima;696;BR-163/MS;Sul;Tombamento de moto;0;0;0;1;0;0;0;0;0;0;0;1;0;0;0
10/11/2018;22:23:00;346;com vítima;667,93;BR-163/MS;Norte;Tombamento de moto;0;0;0;1;0;0;0;0;0;0;0;2;0;0;0
11/11/2018;00:27:00;4;sem vítima;819,516;BR-163/MS;Norte;Tombamento de moto;1;0;0;0;0;0;0;0;0;0;4;0;0;0;0
11/11/2018;15:17:00;210;com vítima;116;BR-163/MS;Sul;Tombamento de moto;0;0;0;1;0;0;0;0;0;0;0;0;1;0;0
12/11/2018;06:41:00;58;sem vítima;329,837;BR-163/MS;Sul;Capotamento;0;0;0;0;0;0;0;0;0;1;3;0;0;0;0
13/11/2018;04:33:00;56;sem vítima;693,414;BR-163/MS;Norte;Atropelamento de animais;0;0;1;0;0;2;0;0;0;0;3;0;0;0;0
13/11/2018;05:09:00;59;sem vítima;330,739;BR-163/MS;Sul;Atropelamento de animais;0;0;0;0;0;0;0;0;0;1;4;0;0;0;0
13/11/2018;06:58:00;87;com vítima;490;BR-163/MS;Sul;Colisão com veículos (traseira);1;0;1;0;0;0;0;0;0;0;1;1;0;0;0
13/11/2018;15:44:00;271;sem vítima;87,252;BR-163/MS;Norte;Colisão com veículos (frontal);1;0;1;0;0;2;0;0;0;0;4;0;0;0;0
13/11/2018;17:07:00;291;com vítima;468;BR-163/MS;Sul;Colisão com veículos (frontal);0;0;0;1;0;0;0;0;0;1;3;0;1;0;0
13/11/2018;21:07:00;355;sem vítima;693,7;BR-163/MS;Norte;Atropelamento de animais;1;0;0;0;0;0;0;0;0;0;3;0;0;0;0
14/11/2018;08:31:00;113;sem vítima;24,9;BR-163/MS;Sul;Colisão com veículos (traseira);1;0;0;0;0;0;0;0;0;1;4;0;0;0;0
14/11/2018;09:35:00;143;com vítima;173;BR-163/MS;Norte;Tombamento de moto;0;0;0;1;0;0;0;0;0;0;0;1;0;0;0
14/11/2018;13:08:00;216;sem vítima;350;BR-163/MS;Sul;Capotamento;0;0;0;0;0;0;0;0;0;1;3;0;0;0;0
14/11/2018;16:16:00;285;com vítima;71,25;BR-163/MS;Sul;Colisão com veículos (frontal);0;0;1;0;0;0;0;0;0;1;1;0;0;1;1
15/11/2018;05:20:00;49;com vítima;626;BR-163/MS;Norte;Colisão lateral no mesmo sentido;1;0;0;0;0;0;0;0;1;0;2;2;1;0;0
15/11/2018;05:47:00;52;sem vítima;831;BR-163/MS;Sul;Atropelamento de animais;1;0;0;0;0;0;0;0;0;0;3;0;0;0;0
15/11/2018;15:45:00;252;sem vítima;206,166;BR-163/MS;Norte;Capotamento;0;0;1;0;0;0;0;0;0;0;1;0;0;0;0
16/11/2018;02:14:00;12;sem vítima;822;BR-163/MS;Norte;Colisão c/ obstáculos;0;0;0;0;1;0;0;0;0;0;30;0;0;0;0
16/11/2018;05:19:00;66;com vítima;259,107;BR-163/MS;Norte;Colisão lateral no mesmo sentido;1;0;0;1;0;0;0;0;0;0;1;1;0;0;0
16/11/2018;05:37:00;69;sem vítima;472,878;BR-163/MS;Sul;Colisão lateral no mesmo sentido;1;0;0;0;0;0;0;0;0;1;4;0;0;0;0
16/11/2018;07:42:00;106;com vítima;255,95;BR-163/MS;Sul;Colisão com veículos (traseira);1;0;0;1;0;0;0;0;0;0;1;1;0;0;0
16/11/2018;12:08:00;222;com vítima;658;BR-163/MS;Sul;Colisão lateral no mesmo sentido;1;0;0;0;0;0;0;0;0;1;1;1;0;0;0
16/11/2018;13:14:00;241;com vítima;310,352;BR-163/MS;Sul;Colisão lateral no mesmo sentido;1;0;1;0;0;0;0;0;0;0;6;2;0;0;0
16/11/2018;16:01:00;296;sem vítima;323,889;BR-163/MS;Norte;Atropelamento de animais;1;0;0;0;0;0;0;0;0;0;3;0;0;0;0
16/11/2018;16:08:00;300;com vítima;762,3;BR-163/MS;Norte;Engavetamento;1;0;2;0;0;1;0;0;0;0;4;2;0;0;0
16/11/2018;17:53:00;327;com vítima;402,723;BR-163/MS;Sul;Colisão lateral no sentido contrário;2;0;0;0;0;0;0;0;0;0;3;2;0;0;0
17/11/2018;03:03:00;21;sem vítima;306,621;BR-163/MS;Sul;Capotamento;1;0;0;0;0;0;0;0;0;0;2;0;0;0;0
17/11/2018;09:59:00;166;com vítima;529,93;BR-163/MS;Norte;Colisão lateral no mesmo sentido;2;0;0;0;0;0;0;0;0;0;3;1;0;0;0
17/11/2018;18:05:00;346;sem vítima;225,3;BR-163/MS;Norte;Colisão lateral no mesmo sentido;1;0;0;0;0;1;0;0;0;0;6;0;0;0;0
17/11/2018;20:35:00;385;sem vítima;312,171;BR-163/MS;Norte;Atropelamento de animais;1;0;0;0;0;0;0;0;0;0;2;0;0;0;0
17/11/2018;20:50:00;387;com vítima;262,933;BR-163/MS;Norte;Tombamento de moto;0;0;0;1;0;0;0;0;0;0;0;1;0;0;0
18/11/2018;01:57:00;15;sem vítima;410,875;BR-163/MS;Sul;Saídas de pista;0;0;0;0;0;0;0;0;0;1;2;0;0;0;0
18/11/2018;05:43:00;29;com vítima;551,544;BR-163/MS;Sul;Capotamento;1;0;0;0;0;0;0;0;0;1;1;3;3;1;0
18/11/2018;14:50:00;191;sem vítima;341,8;BR-163/MS;Norte;Colisão com veículos (traseira);0;0;2;0;0;1;0;0;0;0;3;0;0;0;0
18/11/2018;15:36:00;203;sem vítima;348,196;BR-163/MS;Sul;Colisão c/ obstáculos;1;0;0;0;0;0;0;0;0;0;2;0;0;0;0
18/11/2018;15:43:00;205;sem vítima;309,117;BR-163/MS;Sul;Saídas de pista;0;0;1;0;0;1;0;0;0;0;3;0;0;0;0
18/11/2018;20:51:00;285;sem vítima;715;BR-163/MS;Norte;Saídas de pista;0;0;0;0;0;0;0;0;0;1;1;0;0;0;0
19/11/2018;14:09:00;246;com vítima;308;BR-163/MS;Sul;Colisão com veículos (frontal);1;0;2;0;0;1;0;0;0;0;2;1;1;0;0
19/11/2018;16:08:00;286;sem vítima;788,2;BR-163/MS;Norte;Capotamento;1;0;0;0;0;0;0;0;0;0;2;0;0;0;0
20/11/2018;05:02:00;43;sem vítima;600,599;BR-163/MS;Sul;Atropelamento de animais;0;0;0;0;0;0;0;0;0;1;3;0;0;0;0
20/11/2018;06:21:00;64;sem vítima;327;BR-163/MS;Sul;Colisão com veículos (traseira);2;0;0;0;0;0;0;0;0;0;4;0;0;0;0
20/11/2018;07:38:00;89;com vítima;484,8;BR-163/MS;Norte;Colisão com veículos (traseira);1;0;0;1;0;0;0;0;0;2;6;1;0;0;0
20/11/2018;10:50:00;164;sem vítima;308;BR-163/MS;Sul;Colisão com veículos (traseira);2;0;0;0;0;0;0;0;0;0;4;0;0;0;0
20/11/2018;15:52:00;257;com vítima;554,184;BR-163/MS;Norte;Colisão com veículos (frontal);0;0;1;0;0;4;0;0;0;1;5;1;0;0;1
20/11/2018;18:37:00;293;sem vítima;190;BR-163/MS;Norte;Engavetamento;0;0;2;0;0;1;0;0;0;0;5;0;0;0;0
20/11/2018;19:15:00;312;com vítima;477;BR-163/MS;Sul;Colisão com veículos (traseira);0;0;1;1;0;0;0;0;0;0;1;1;1;0;0
21/11/2018;15:19:00;236;com vítima;189,462;BR-163/MS;Norte;Colisão lateral no mesmo sentido;0;0;1;0;0;1;0;0;0;0;1;1;0;0;0
21/11/2018;20:51:00;316;sem vítima;490;BR-163/MS;Sul;Atropelamento de animais;1;0;0;0;0;0;0;0;0;0;2;0;0;0;0
21/11/2018;21:08:00;321;sem vítima;388,888;BR-163/MS;Sul;Colisão c/ obstáculos;1;0;0;0;0;0;0;0;0;0;1;0;0;0;0
21/11/2018;13:51:00;216;com vítima;479;BR-163/MS;Norte;Colisão lateral no mesmo sentido;1;0;0;1;0;0;0;0;0;0;2;1;0;0;0
21/11/2018;21:11:00;323;sem vítima;388,108;BR-163/MS;Sul;Atropelamento de animais;0;0;1;0;0;2;0;0;0;0;3;0;0;0;0
22/11/2018;08:38:00;136;sem vítima;736,16;BR-163/MS;Norte;Capotamento;1;0;0;0;0;0;0;0;0;0;1;0;0;0;0
22/11/2018;12:28:00;212;sem vítima;738,695;BR-163/MS;Norte;Tombamento;1;0;0;0;0;0;0;0;0;0;1;0;0;0;0
22/11/2018;22:15:00;365;sem vítima;432;BR-163/MS;Sul;Atropelamento de animais;1;0;0;0;0;0;0;0;0;0;1;0;0;0;0
23/11/2018;13:29:00;214;com vítima;800;BR-163/MS;Sul;Colisão com veículos (traseira);0;0;1;0;0;0;0;0;0;1;1;3;0;0;0
23/11/2018;17:17:00;300;com vítima;473;BR-163/MS;Sul;Colisão c/ obstáculos;0;0;1;1;0;0;0;0;0;0;1;1;0;0;0
23/11/2018;19:38:00;329;com vítima;450,284;BR-163/MS;Norte;Colisão com veículos (frontal);1;0;0;0;0;0;0;0;0;1;0;2;1;2;0
24/11/2018;00:40:00;7;com vítima;562,49;BR-163/MS;Sul;Capotamento;1;0;0;0;0;0;0;0;0;0;0;2;1;0;1
24/11/2018;05:01:00;41;com vítima;486,578;BR-163/MS;Sul;Atropelamento de pedestre;1;0;0;0;0;0;0;0;0;0;1;0;0;1;0
24/11/2018;06:05:00;46;com vítima;371;BR-163/MS;Norte;Capotamento;1;0;0;0;0;0;0;0;0;0;0;1;0;0;0
25/11/2018;00:00:00;1;sem vítima;674,838;BR-163/MS;Sul;Colisão c/ obstáculos;1;0;0;0;0;0;0;0;0;0;1;0;0;0;0
25/11/2018;19:02:00;218;com vítima;324,155;BR-163/MS;Sul;Colisão com veículos (traseira);2;0;0;0;0;1;0;0;0;0;8;0;1;0;0
26/11/2018;03:57:00;34;sem vítima;41,153;BR-163/MS;Norte;Colisão c/ obstáculos;1;0;0;0;0;0;0;0;0;0;1;0;0;0;0
26/11/2018;05:12:00;51;com vítima;598,21;BR-163/MS;Norte;Capotamento;1;0;0;0;0;0;0;0;0;0;1;1;0;0;0
26/11/2018;06:52:00;74;com vítima;424;BR-163/MS;Sul;Tombamento;0;1;0;0;0;0;0;0;0;0;0;1;0;0;0
26/11/2018;10:40:00;182;sem vítima;0;BR-163/MS;Norte;Colisão lateral no sentido contrário;0;0;0;0;0;0;0;0;0;2;4;0;0;0;0
26/11/2018;17:12:00;309;com vítima;478;BR-163/MS;Sul;Colisão lateral no mesmo sentido;0;0;0;2;0;0;0;0;0;0;0;1;1;0;0
26/11/2018;18:23:00;340;com vítima;266;BR-163/MS;Norte;Colisão lateral no mesmo sentido;0;1;0;0;0;0;0;0;0;1;2;1;0;0;0
27/11/2018;04:52:00;41;com vítima;263;BR-163/MS;Norte;Colisão c/ obstáculos;1;0;0;1;0;0;0;0;0;0;1;1;0;0;0
27/11/2018;10:06:00;156;com vítima;642,713;BR-163/MS;Sul;Tombamento de moto;0;0;0;1;0;0;0;0;0;0;0;1;0;0;0
27/11/2018;18:51:00;321;sem vítima;456,522;BR-163/MS;Sul;Tombamento;0;0;1;0;0;1;0;0;0;0;2;0;0;0;0
28/11/2018;00:09:00;3;com vítima;477,695;BR-163/MS;Sul;Colisão c/ obstáculos;0;0;0;0;0;0;0;0;0;1;0;0;0;0;1
28/11/2018;01:09:00;9;sem vítima;388,515;BR-163/MS;Norte;Colisão c/ obstáculos;0;0;0;0;0;0;0;0;0;1;2;0;0;0;0
28/11/2018;21:45:00;390;com vítima;699,515;BR-163/MS;Norte;Colisão com veículos (traseira);0;0;1;0;0;0;0;0;0;1;2;0;1;0;0
29/11/2018;11:46:00;203;com vítima;611;BR-163/MS;Sul;Engavetamento;0;0;2;0;1;1;0;0;0;0;26;2;0;0;0