data;horario;n_da_ocorrencia;tipo_de_ocorrencia;km;trecho;sentido;tipo_de_acidente;automovel;bicicleta;caminhao;moto;onibus;outros;tracao_animal;transporte_de_cargas_especiais;trator_maquinas;utilitarios;ilesos;levemente_feridos;moderadamente_feridos;gravemente_feridos;mortos
22/04/2019;14:57:00;210;sem vítima;341,681;BR-163/MS;Norte;Colisão com veículos (traseira);2;0;0;0;0;0;0;0;0;0;7;0;0;0;0
22/04/2019;17:52:00;255;sem vítima;230,106;BR-163/MS;Norte;Atropelamento de animais;1;0;0;0;0;0;0;0;0;0;2;0;0;0;0
23/04/2019;18:06:00;303;com vítima;19,856;BR-163/MS;Sul;Colisão com veículos (frontal);0;2;0;0;0;0;0;0;0;0;0;2;0;0;0
23/04/2019;20:01:00;330;sem vítima;462,169;BR-163/MS;Sul;Colisão com veículos (traseira);1;0;0;0;0;1;0;0;0;0;2;0;0;0;0
24/04/2019;08:33:00;95;sem vítima;535;BR-163/MS;Norte;Atropelamento de animais;1;0;0;0;0;0;0;0;0;0;2;0;0;0;0
24/04/2019;15:07:00;247;com vítima;725;BR-163/MS;Norte;Colisão lateral no mesmo sentido;1;0;2;0;0;0;0;0;0;0;0;6;1;1;0
25/04/2019;18:59:00;347;com vítima;259,47;BR-163/MS;Sul;Atropelamento de animais;0;0;0;1;0;0;0;0;0;0;0;1;0;0;0
25/04/2019;19:41:00;354;sem vítima;259,47;BR-163/MS;Sul;Colisão c/ obstáculos;1;0;0;1;0;0;0;0;0;1;3;0;0;0;0
26/04/2019;14:21:00;260;sem vítima;39,529;BR-163/MS;Norte;Colisão com veículos (traseira);1;0;0;1;0;0;0;0;0;0;2;0;0;0;0
26/04/2019;17:47:00;337;com vítima;182,519;BR-163/MS;Sul;Colisão lateral no mesmo sentido;1;0;0;0;0;1;0;0;0;0;1;1;0;0;0
26/04/2019;19:30:00;366;sem vítima;817,687;BR-163/MS;Norte;Colisão c/ obstáculos;1;0;0;0;0;1;0;0;0;0;4;0;0;0;0
26/04/2019;22:46:00;403;com vítima;9,338;BR-163/MS;Sul;Colisão com veículos (traseira);1;0;0;0;0;1;0;0;0;0;1;1;0;0;0
26/04/2019;23:24:00;406;sem vítima;819,708;BR-163/MS;Sul;Tombamento;0;0;1;0;0;2;0;0;0;0;3;0;0;0;0
27/04/2019;01:03:00;5;sem vítima;187,46;BR-163/MS;Norte;Saídas de pista;1;0;0;0;0;0;0;0;0;0;1;0;0;0;0
27/04/2019;06:36:00;37;sem vítima;364;BR-163/MS;Norte;Colisão lateral no mesmo sentido;0;0;0;1;0;0;0;0;0;1;2;0;0;0;0
27/04/2019;10:03:00;129;com vítima;609;BR-163/MS;Sul;Tombamento;0;0;1;0;0;2;0;0;0;0;2;0;1;0;0
27/04/2019;17:22:00;260;sem vítima;253,9;BR-163/MS;Norte;Colisão lateral no mesmo sentido;0;0;1;0;0;1;0;0;0;1;4;0;0;0;0
27/04/2019;23:47:00;318;com vítima;16;BR-163/MS;Sul;Tombamento de moto;0;0;0;1;0;0;0;0;0;0;0;0;0;1;0
28/04/2019;02:46:00;13;sem vítima;499,2;BR-163/MS;Sul;Saídas de pista;1;0;0;0;0;0;0;0;0;0;1;0;0;0;0
28/04/2019;15:23:00;180;com vítima;253;BR-163/MS;Sul;Tombamento de moto;0;0;0;1;0;0;0;0;0;0;0;2;0;0;0
28/04/2019;16:21:00;195;sem vítima;258;BR-163/MS;Sul;Tombamento de moto;0;0;0;1;0;0;0;0;0;0;1;0;0;0;0
28/04/2019;16:50:00;204;sem vítima;29,5;BR-163/MS;Sul;Tombamento;1;0;0;0;0;0;0;0;0;0;2;0;0;0;0
29/04/2019;05:30:00;20;sem vítima;97,589;BR-163/MS;Sul;Tombamento;1;0;0;0;0;0;0;0;0;0;1;0;0;0;0
29/04/2019;12:57:00;196;com vítima;669;BR-163/MS;Norte;Capotamento;0;0;1;0;0;0;0;0;0;0;0;2;0;0;0
29/04/2019;13:31:00;203;sem vítima;484;BR-163/MS;Norte;Colisão lateral no sentido contrário;1;0;0;1;0;0;0;0;0;0;2;0;0;0;0
29/04/2019;14:21:00;223;sem vítima;669;BR-163/MS;Sul;Colisão com veículos (traseira);0;0;2;0;0;0;0;0;0;0;2;0;0;0;0
29/04/2019;17:44:00;282;com vítima;478;BR-163/MS;Sul;Tombamento de moto;0;0;0;1;0;0;0;0;0;0;0;1;0;0;0
29/04/2019;22:19:00;324;sem vítima;501,32;BR-163/MS;Norte;Saídas de pista;0;0;1;0;0;0;0;0;0;0;1;0;0;0;0
30/04/2019;18:09:00;304;com vítima;680,164;BR-163/MS;Sul;Atropelamento de pedestre;0;0;0;0;0;1;0;0;0;0;1;1;0;0;0
30/04/2019;19:23:00;314;sem vítima;327;BR-163/MS;Sul;Saídas de pista;1;0;0;0;0;0;0;0;0;0;1;0;0;0;0
30/04/2019;20:13:00;323;sem vítima;258;BR-163/MS;Norte;Colisão lateral no mesmo sentido;1;0;0;0;0;0;0;0;0;1;2;0;0;0;0
30/04/2019;21:05:00;329;sem vítima;384,901;BR-163/MS;Sul;Saídas de pista;0;0;0;0;0;0;0;0;0;1;2;0;0;0;0
30/04/2019;21:33:00;333;sem vítima;453,146;BR-163/MS;Norte;Capotamento;1;0;0;0;0;0;0;0;0;0;1;0;0;0;0
01/06/2019;05:12:00;31;com vítima;492,476;BR-163/MS;Norte;Colisão com veículos (frontal);0;0;0;0;0;0;0;0;0;2;1;0;2;0;0
01/06/2019;07:52:00;69;com vítima;479,2;BR-163/MS;Sul;Colisão lateral no sentido contrário;1;0;1;1;0;0;0;0;0;0;2;0;1;0;0
01/06/2019;09:45:00;117;sem vítima;484,412;BR-163/MS;Sul;Colisão lateral no mesmo sentido;1;0;1;0;0;0;0;0;0;0;3;0;0;0;0
01/06/2019;17:46:00;257;sem vítima;322,974;BR-163/MS;Sul;Colisão lateral no sentido contrário;1;0;1;0;0;2;0;0;0;0;5;0;0;0;0
02/06/2019;00:16:00;6;com vítima;466;BR-163/MS;Norte;Tombamento de moto;0;0;0;1;0;0;0;0;0;0;0;0;0;1;0
02/06/2019;00:58:00;10;sem vítima;163,591;BR-163/MS;Sul;Colisão com veículos (traseira);1;0;0;0;0;1;0;0;0;0;2;0;0;0;0
02/06/2019;02:26:00;16;sem vítima;462,991;BR-163/MS;Sul;Colisão com veículos (traseira);1;0;0;0;0;0;0;0;0;1;2;0;0;0;0
02/06/2019;04:54:00;25;sem vítima;331,26;BR-163/MS;Norte;Saídas de pista;0;0;1;0;0;1;0;0;0;0;2;0;0;0;0
02/06/2019;16:06:00;181;sem vítima;173;BR-163/MS;Sul;Colisão lateral no mesmo sentido;1;0;0;1;0;0;0;0;0;0;3;0;0;0;0
02/06/2019;16:51:00;192;sem vítima;535;BR-163/MS;Sul;Colisão com veículos (traseira);1;0;0;0;0;1;0;0;0;0;6;0;0;0;0
02/06/2019;18:16:00;212;com vítima;485;BR-163/MS;Norte;Colisão com veículos (traseira);1;0;0;1;0;0;0;0;0;0;3;0;0;1;0
02/06/2019;18:43:00;218;com vítima;240,15;BR-163/MS;Sul;Colisão lateral no mesmo sentido;1;0;0;0;0;0;0;0;0;2;0;7;0;0;0
03/06/2019;14:18:00;233;com vítima;603;BR-163/MS;Norte;Colisão c/ obstáculos;0;0;1;0;0;0;0;0;0;0;0;1;0;0;0
03/06/2019;18:24:00;303;com vítima;262,941;BR-163/MS;Norte;Colisão com veículos (traseira);1;0;0;1;0;0;0;0;0;0;5;1;0;0;0
04/06/2019;18:01:00;332;com vítima;271;BR-163/MS;Norte;Colisão c/ obstáculos;0;1;0;0;0;0;0;0;0;0;0;0;1;0;0
04/06/2019;18:21:00;337;sem vítima;817,723;BR-163/MS;Norte;Colisão c/ obstáculos;1;0;0;0;0;0;0;0;0;0;4;0;0;0;0
04/06/2019;23:28:00;379;com vítima;405,52;BR-163/MS;Norte;Atropelamento de animais;1;0;0;0;0;0;0;0;0;0;1;1;0;0;0
05/06/2019;15:00:00;264;sem vítima;566,9;BR-163/MS;Norte;Saídas de pista;1;0;1;0;0;0;0;0;0;0;2;0;0;0;0
06/06/2019;14:33:00;253;com vítima;215;BR-163/MS;Sul;Colisão com veículos (traseira);1;0;1;0;0;0;0;0;0;0;0;6;0;0;0
06/06/2019;17:08:00;304;sem vítima;225,7;BR-163/MS;Sul;Colisão lateral no mesmo sentido;0;0;1;0;0;0;0;0;0;1;3;0;0;0;0
06/06/2019;18:57:00;327;com vítima;258;BR-163/MS;Norte;Colisão com veículos (traseira);1;0;0;1;0;0;0;0;0;0;1;0;1;0;0
06/06/2019;20:03:00;339;sem vítima;287;BR-163/MS;Norte;Atropelamento de animais;0;0;0;0;0;1;0;0;0;1;2;0;0;0;0
07/06/2019;05:03:00;20;sem vítima;351;BR-163/MS;Sul;Capotamento;0;0;0;0;0;0;0;0;0;1;1;0;0;0;0
07/06/2019;07:25:00;64;sem vítima;477,98;BR-163/MS;Norte;Colisão lateral no mesmo sentido;0;0;1;1;0;0;0;0;0;0;2;0;0;0;0
07/06/2019;13:19:00;214;sem vítima;117,382;BR-163/MS;Sul;Engavetamento;2;0;0;0;0;1;0;0;0;1;6;0;0;0;0
07/06/2019;22:18:00;376;sem vítima;21,534;BR-163/MS;Norte;Colisão c/ obstáculos;2;0;0;0;0;0;0;0;0;0;3;0;0;0;0
08/06/2019;03:40:00;22;com vítima;556,945;BR-163/MS;Norte;Atropelamento de pedestre;0;0;0;0;0;0;0;0;0;1;0;1;1;0;0
08/06/2019;04:40:00;25;sem vítima;375,135;BR-163/MS;Norte;Tombamento;0;0;1;0;0;2;0;0;0;0;3;0;0;0;0
08/06/2019;08:55:00;93;sem vítima;690;BR-163/MS;Norte;Colisão com veículos (traseira);0;0;1;0;0;1;0;0;0;1;5;0;0;0;0
08/06/2019;12:42:00;158;com vítima;351,291;BR-163/MS;Norte;Colisão lateral no sentido contrário;1;0;0;1;1;0;0;0;0;0;3;1;0;0;0
08/06/2019;14:02:00;182;com vítima;270;BR-163/MS;Sul;Colisão com veículos (traseira);2;0;0;0;0;0;0;0;0;0;3;1;0;0;0
08/06/2019;14:10:00;184;sem vítima;41;BR-163/MS;Norte;Colisão c/ obstáculos;1;0;0;0;0;0;0;0;0;0;1;0;0;0;0
08/06/2019;16:22:00;226;sem vítima;3;BR-163/MS;Norte;Colisão com veículos (traseira);1;0;0;0;0;0;0;0;0;1;5;0;0;0;0
08/06/2019;17:55:00;243;sem vítima;567,5;BR-163/MS;Norte;Atropelamento de animais;0;0;1;0;0;0;0;0;0;0;1;0;0;0;0
08/06/2019;19:20:00;260;com vítima;837,496;BR-163/MS;Norte;Colisão c/ obstáculos;1;0;0;0;0;0;0;0;0;0;3;1;0;0;0
09/06/2019;08:36:00;78;sem vítima;290,623;BR-163/MS;Norte;Colisão c/ obstáculos;1;0;0;0;0;0;0;0;0;0;2;0;0;0;0
09/06/2019;11:18:00;111;com vítima;460;BR-163/MS;Norte;Tombamento de moto;0;0;0;1;0;0;0;0;0;0;0;1;1;0;0
09/06/2019;13:26:00;144;com vítima;487,429;BR-163/MS;Norte;Colisão lateral no sentido contrário;2;0;0;0;0;0;0;0;0;0;1;0;1;0;0
09/06/2019;21:00:00;242;sem vítima;569;BR-163/MS;Sul;Atropelamento de animais;0;0;0;0;0;0;0;0;0;1;6;0;0;0;0
09/06/2019;22:26:00;250;sem vítima;251,823;BR-163/MS;Norte;Colisão com veículos (frontal);1;0;0;0;0;0;0;0;0;1;2;0;0;0;0
10/06/2019;05:06:00;14;sem vítima;279,12;BR-163/MS;Sul;Atropelamento de animais;0;0;0;1;0;0;0;0;0;0;1;0;0;0;0
10/06/2019;06:59:00;40;sem vítima;533;BR-163/MS;Norte;Colisão lateral no sentido contrário;2;0;0;0;0;0;0;0;0;0;6;0;0;0;0
10/06/2019;13:36:00;210;sem vítima;12,1;BR-163/MS;Sul;Colisão c/ obstáculos;0;0;1;0;0;0;0;0;0;0;2;0;0;0;0
11/06/2019;07:08:00;55;sem vítima;265;BR-163/MS;Sul;Colisão lateral no mesmo sentido;1;0;0;1;0;0;0;0;0;0;2;0;0;0;0
11/06/2019;15:14:00;272;sem vítima;526;BR-163/MS;Norte;Engavetamento;0;0;4;0;0;2;0;0;0;0;6;0;0;0;0
11/06/2019;20:50:00;347;com vítima;131,478;BR-163/MS;Norte;Colisão com veículos (frontal);0;0;1;1;0;1;0;0;0;0;1;1;0;0;1
12/06/2019;07:48:00;72;sem vítima;341,766;BR-163/MS;Norte;Colisão com veículos (traseira);0;0;2;0;0;0;0;0;0;0;2;0;0;0;0
12/06/2019;17:08:00;357;sem vítima;289;BR-163/MS;Norte;Atropelamento de animais;1;0;0;0;0;0;0;0;0;0;3;0;0;0;0
12/06/2019;17:42:00;366;com vítima;485,76;BR-163/MS;Norte;Atropelamento de pedestre;0;0;0;1;0;0;0;0;0;0;0;1;0;1;0
12/06/2019;18:54:00;386;sem vítima;437,46;BR-163/MS;Norte;Colisão com veículos (traseira);1;0;0;0;0;0;0;0;0;1;3;0;0;0;0
13/06/2019;04:15:00;25;sem vítima;603,458;BR-163/MS;Norte;Atropelamento de animais;1;0;0;0;0;0;0;0;0;0;2;0;0;0;0
13/06/2019;07:13:00;60;com vítima;615,396;BR-163/MS;Norte;Colisão lateral no sentido contrário;1;0;0;0;0;0;0;0;0;1;3;2;0;0;0
14/06/2019;08:02:00;97;com vítima;277;BR-163/MS;Norte;Atropelamento de pedestre;0;0;1;0;0;0;0;0;0;0;1;1;0;0;0
14/06/2019;11:37:00;213;sem vítima;413;BR-163/MS;Norte;Colisão com veículos (traseira);1;0;0;0;0;0;0;0;0;1;5;0;0;0;0
14/06/2019;15:51:00;305;sem vítima;257,29;BR-163/MS;Sul;Colisão com veículos (traseira);1;0;0;0;0;0;0;0;0;1;3;0;0;0;0
14/06/2019;16:17:00;313;sem vítima;256;BR-163/MS;Sul;Colisão com veículos (traseira);0;0;1;1;1;0;0;0;0;0;5;0;0;0;0
14/06/2019;21:47:00;374;sem vítima;142,257;BR-163/MS;Sul;Atropelamento de animais;1;0;0;0;0;0;0;0;0;0;4;0;0;0;0
15/06/2019;09:10:00;113;sem vítima;301;BR-163/MS;Sul;Colisão lateral no mesmo sentido;2;0;0;0;0;0;0;0;0;0;2;0;0;0;0
15/06/2019;14:21:00;215;com vítima;2;BR-163/MS;Sul;Colisão com veículos (traseira);0;0;0;1;0;1;0;0;0;1;2;2;0;0;0
15/06/2019;19:56:00;291;sem vítima;536,992;BR-163/MS;Norte;Atropelamento de animais;0;0;0;0;0;0;0;0;0;1;2;0;0;0;0
16/06/2019;03:42:00;15;sem vítima;720,29;BR-163/MS;Sul;Saídas de pista;0;0;0;0;0;0;0;0;0;1;4;0;0;0;0
16/06/2019;20:12:00;288;com vítima;416,812;BR-163/MS;Norte;Colisão com veículos (traseira);2;0;0;0;0;0;0;0;0;0;1;2;0;1;1
16/06/2019;23:27:00;306;sem vítima;60,517;BR-163/MS;Sul;Capotamento;1;0;0;0;0;0;0;0;0;0;1;0;0;0;0
17/06/2019;07:42:00;69;sem vítima;428,705;BR-163/MS;Norte;Colisão c/ obstáculos;0;0;1;0;0;0;0;0;0;1;4;0;0;0;0
17/06/2019;13:43:00;233;com vítima;138,304;BR-163/MS;Sul;Saídas de pista;0;0;1;0;0;0;0;0;0;0;0;2;0;0;0
17/06/2019;14:43:00;258;sem vítima;445,15;BR-163/MS;Sul;Colisão c/ obstáculos;0;0;1;0;1;1;0;0;0;0;16;0;0;0;0
17/06/2019;15:32:00;273;sem vítima;181,506;BR-163/MS;Sul;Tombamento;0;0;1;0;0;2;0;0;0;0;3;0;0;0;0
17/06/2019;23:02:00;369;com vítima;111,7;BR-163/MS;Sul;Saídas de pista;1;0;0;0;0;0;0;0;0;0;0;1;0;0;0
18/06/2019;08:26:00;106;sem vítima;220,8;BR-163/MS;Norte;Engavetamento;1;0;2;0;0;1;0;0;0;0;4;0;0;0;0
18/06/2019;11:40:00;206;sem vítima;500,337;BR-163/MS;Sul;Colisão c/ obstáculos;0;0;0;0;0;0;0;0;0;1;1;0;0;0;0
18/06/2019;11:51:00;211;com vítima;501,11;BR-163/MS;Norte;Tombamento de moto;0;0;0;1;0;0;0;0;0;0;0;2;0;0;0
19/06/2019;05:20:00;25;com vítima;136;BR-163/MS;Norte;Saídas de pista;0;0;0;0;1;0;0;0;0;0;8;1;0;4;0
19/06/2019;15:45:00;245;sem vítima;236,742;BR-163/MS;Norte;Capotamento;1;0;0;0;0;0;0;0;0;0;4;0;0;0;0
19/06/2019;17:35:00;285;com vítima;260,125;BR-163/MS;Norte;Tombamento de moto;0;0;0;1;0;0;0;0;0;0;1;1;0;0;0
19/06/2019;17:44:00;288;sem vítima;124,742;BR-163/MS;Norte;Atropelamento de animais;1;0;0;0;0;0;0;0;0;0;1;0;0;0;0
19/06/2019;18:00:00;289;sem vítima;473;BR-163/MS;Norte;Colisão com veículos (traseira);0;0;1;0;0;1;0;0;0;1;5;0;0;0;0
19/06/2019;18:28:00;294;sem vítima;17,216;BR-163/MS;Norte;Colisão com veículos (traseira);2;0;0;0;0;0;0;0;0;0;4;0;0;0;0
19/06/2019;19:36:00;311;com vítima;158,636;BR-163/MS;Norte;Colisão com veículos (frontal);0;0;0;0;1;0;0;0;0;2;17;3;1;0;0
20/06/2019;05:17:00;26;com vítima;697;BR-163/MS;Norte;Saídas de pista;1;0;0;0;0;0;0;0;0;0;0;1;0;0;0
20/06/2019;05:52:00;30;sem vítima;665,94;BR-163/MS;Sul;Tombamento;0;0;1;0;0;2;0;0;0;0;3;0;0;0;0
20/06/2019;16:52:00;193;sem vítima;152,103;BR-163/MS;Sul;Colisão lateral no sentido contrário;1;0;1;0;0;2;0;0;0;0;5;0;0;0;0
20/06/2019;18:10:00;215;com vítima;19,841;BR-163/MS;Sul;Colisão c/ obstáculos;0;0;0;1;0;0;0;0;0;0;0;1;0;0;0
21/06/2019;02:23:00;14;sem vítima;629;BR-163/MS;Norte;Colisão c/ obstáculos;0;0;0;0;0;0;0;0;0;1;1;0;0;0;0
21/06/2019;08:04:00;94;com vítima;212,858;BR-163/MS;Sul;Colisão c/ obstáculos;1;0;0;0;0;0;0;0;0;0;0;1;0;0;0
21/06/2019;14:28:00;259;sem vítima;242,107;BR-163/MS;Norte;Saídas de pista;1;0;0;0;0;0;0;0;0;0;1;0;0;0;0
21/06/2019;15:42:00;287;sem vítima;676,572;BR-163/MS;Norte;Colisão com veículos (traseira);0;0;2;0;0;2;0;0;0;0;4;0;0;0;0
21/06/2019;17:54:00;326;sem vítima;220,348;BR-163/MS;Norte;Engavetamento;2;0;0;0;0;0;0;0;0;2;6;0;0;0;0
21/06/2019;18:50:00;338;com vítima;74;BR-163/MS;Sul;Tombamento de moto;0;0;0;1;0;0;0;0;0;0;0;1;0;0;0
22/06/2019;03:21:00;10;sem vítima;458,97;BR-163/MS;Norte;Atropelamento de animais;0;0;1;0;0;0;0;0;0;0;2;0;0;0;0
22/06/2019;12:10:00;196;com vítima;12,9;BR-163/MS;Norte;Colisão lateral no mesmo sentido;0;0;1;0;0;1;0;0;0;1;3;1;0;0;0
22/06/2019;16:40:00;281;com vítima;38;BR-163/MS;Norte;Colisão lateral no sentido contrário;0;0;0;1;0;0;0;0;0;1;1;1;0;0;0
23/06/2019;04:38:00;21;com vítima;681;BR-163/MS;Norte;Colisão c/ obstáculos;0;0;0;1;0;0;0;0;0;0;0;1;0;0;0
23/06/2019;10:46:00;119;com vítima;615,415;BR-163/MS;Norte;Colisão lateral no sentido contrário;0;0;0;1;0;0;0;0;0;1;1;0;0;1;0
23/06/2019;16:42:00;215;com vítima;683;BR-163/MS;Norte;Colisão lateral no sentido contrário;1;0;0;0;0;0;0;0;0;1;0;3;2;0;0
23/06/2019;16:52:00;219;sem vítima;725;BR-163/MS;Sul;Colisão lateral no mesmo sentido;2;0;0;0;0;0;0;0;0;0;9;0;0;0;0
23/06/2019;17:18:00;229;com vítima;509;BR-163/MS;Sul;Tombamento de moto;0;0;0;1;0;0;0;0;0;0;0;0;2;0;0
24/06/2019;17:54:00;278;sem vítima;526;BR-163/MS;Norte;Colisão com veículos (traseira);1;0;1;0;0;1;0;0;0;1;5;0;0;0;0
24/06/2019;18:30:00;283;sem vítima;274,33;BR-163/MS;Sul;Atropelamento de animais;1;0;0;0;0;0;0;0;0;0;3;0;0;0;0
25/06/2019;05:25:00;40;sem vítima;636,533;BR-163/MS;Norte;Tombamento;0;0;1;0;0;2;0;0;0;0;3;0;0;0;0
25/06/2019;07:09:00;63;sem vítima;413;BR-163/MS;Sul;Colisão com veículos (traseira);1;0;0;0;0;1;0;0;0;0;4;0;0;0;0
25/06/2019;08:26:00;97;com vítima;315,965;BR-163/MS;Sul;Tombamento;0;0;1;0;0;1;0;0;0;0;1;3;0;0;0
25/06/2019;10:10:00;141;com vítima;466;BR-163/MS;Norte;Colisão com veículos (traseira);0;0;1;0;0;1;0;0;0;1;3;2;0;0;0
25/06/2019;13:42:00;201;sem vítima;526,5;BR-163/MS;Norte;Colisão com veículos (traseira);1;0;1;0;0;2;0;0;0;0;4;0;0;0;0
25/06/2019;17:07:00;265;sem vítima;18,1;BR-163/MS;Norte;Colisão com veículos (traseira);1;0;0;0;0;0;0;0;0;1;3;0;0;0;0
25/06/2019;18:43:00;283;sem vítima;690,573;BR-163/MS;Norte;Atropelamento de animais;1;0;0;0;0;0;0;0;0;0;2;0;0;0;0
25/06/2019;21:49:00;326;sem vítima;770;BR-163/MS;Norte;Atropelamento de animais;0;0;0;0;0;0;0;0;0;1;4;0;0;0;0
26/06/2019;06:54:00;35;com vítima;465,408;BR-163/MS;Norte;Tombamento de moto;0;0;0;1;0;0;0;0;0;0;0;2;0;0;0
26/06/2019;11:12:00;160;com vítima;77;BR-163/MS;Norte;Colisão lateral no sentido contrário;1;0;0;1;0;0;0;0;0;0;1;1;0;0;0
26/06/2019;11:17:00;162;com vítima;18,547;BR-163/MS;Norte;Colisão com veículos (frontal);2;0;0;0;0;0;0;0;0;0;2;1;0;0;0
26/06/2019;11:35:00;164;com vítima;486,694;BR-163/MS;Norte;Colisão lateral no sentido contrário;1;0;0;1;0;0;0;0;0;0;1;1;0;0;0
26/06/2019;11:36:00;165;sem vítima;690,149;BR-163/MS;Norte;Colisão com veículos (traseira);0;0;2;0;0;1;0;0;0;0;3;0;0;0;0
26/06/2019;13:43:00;203;sem vítima;788;BR-163/MS;Norte;Colisão c/ obstáculos;1;0;0;0;0;0;0;0;0;0;1;0;0;0;0
27/06/2019;09:36:00;121;com vítima;625,746;BR-163/MS;Norte;Colisão com veículos (traseira);0;0;2;0;0;0;0;0;0;0;2;1;0;0;0
27/06/2019;10:19:00;144;com vítima;578,119;BR-163/MS;Norte;Capotamento;0;0;1;0;0;0;0;0;0;0;0;2;0;0;0
27/06/2019;18:22:00;300;sem vítima;293,194;BR-163/MS;Norte;Atropelamento de animais;1;0;0;0;0;0;0;0;0;0;3;0;0;0;0
27/06/2019;18:55:00;307;sem vítima;293,194;BR-163/MS;Norte;Atropelamento de animais;1;0;0;0;0;0;0;0;0;0;1;0;0;0;0
28/06/2019;06:40:00;37;sem vítima;214;BR-163/MS;Norte;Atropelamento de animais;1;0;0;0;0;0;0;0;0;0;1;0;0;0;0
28/06/2019;07:05:00;46;com vítima;248;BR-163/MS;Norte;Tombamento de moto;0;0;0;1;0;0;0;0;0;0;0;1;0;0;0
28/06/2019;08:18:00;83;sem vítima;245;BR-163/MS;Sul;Colisão com veículos (traseira);1;0;1;0;0;0;0;0;0;0;5;0;0;0;0
28/06/2019;17:57:00;310;sem vítima;342;BR-163/MS;Sul;Engavetamento;3;0;0;0;0;0;0;0;0;0;6;0;0;0;0
29/06/2019;00:17:00;3;sem vítima;746,5;BR-163/MS;Sul;Atropelamento de animais;1;0;0;0;0;0;0;0;0;0;2;0;0;0;0
29/06/2019;05:04:00;33;com vítima;351,3;BR-163/MS;Norte;Tombamento;0;0;1;0;0;2;0;0;0;0;2;1;0;0;0
29/06/2019;11:21:00;145;sem vítima;422;BR-163/MS;Sul;Colisão lateral no sentido contrário;1;0;0;0;0;0;0;0;0;1;4;0;0;0;0
29/06/2019;12:43:00;170;sem vítima;485;BR-163/MS;Norte;Colisão com veículos (traseira);0;0;1;0;0;0;0;0;0;1;2;0;0;0;0
29/06/2019;18:58:00;290;sem vítima;183,5;BR-163/MS;Norte;Colisão lateral no sentido contrário;1;0;1;0;0;1;0;0;0;0;4;0;0;0;0
29/06/2019;23:10:00;328;sem vítima;43,8;BR-163/MS;Sul;Capotamento;1;0;0;0;0;1;0;0;0;0;2;0;0;0;0
30/06/2019;00:08:00;3;com vítima;341,1;BR-163/MS;Sul;Colisão lateral no mesmo sentido;0;1;0;0;1;0;0;0;0;0;24;0;0;0;1
30/06/2019;09:46:00;80;com vítima;572;BR-163/MS;Sul;Tombamento de moto;0;0;0;1;0;0;0;0;0;0;1;1;0;0;0
30/06/2019;10:05:00;83;sem vítima;492,5;BR-163/MS;Sul;Tombamento;0;0;1;0;0;3;0;0;0;0;1;0;0;0;0
30/06/2019;21:03:00;221;sem vítima;463,387;BR-163/MS;Sul;Colisão c/ obstáculos;1;0;0;0;0;0;0;0;0;0;6;0;0;0;0
30/06/2019;22:06:00;230;com vítima;124;BR-163/MS;Norte;Capotamento;1;0;0;0;0;0;0;0;0;0;0;0;1;0;0
30/06/2019;22:32:00;234;sem vítima;750,265;BR-163/MS;Sul;Capotamento;1;0;0;0;0;0;0;0;0;0;1;0;0;0;0
01/05/2019;06:01:00;21;sem vítima;311,414;BR-163/MS;Norte;Saídas de pista;1;0;0;0;0;0;0;0;0;0;1;0;0;0;0
01/05/2019;06:36:00;26;sem vítima;446,352;BR-163/MS;Norte;Colisão lateral no mesmo sentido;0;0;1;0;0;1;0;0;0;0;2;0;0;0;0
01/05/2019;12:03:00;141;sem vítima;598,334;BR-163/MS;Norte;Colisão c/ obstáculos;0;0;0;0;0;0;0;0;0;1;2;0;0;0;0
01/05/2019;16:16:00;216;com vítima;837,85;BR-163/MS;Sul;Colisão com veículos (traseira);0;0;0;1;0;0;0;0;0;1;4;1;0;0;0
01/05/2019;18:49:00;251;sem vítima;317,652;BR-163/MS;Sul;Colisão com veículos (traseira);1;0;0;0;0;0;0;0;0;1;2;0;0;0;0
02/05/2019;05:08:00;12;com vítima;614,875;BR-163/MS;Sul;Atropelamento de animais;0;0;0;1;0;0;0;0;0;0;0;1;0;0;0
02/05/2019;08:07:00;61;com vítima;515;BR-163/MS;Sul;Tombamento de moto;0;0;0;1;0;0;0;0;0;0;0;1;0;0;0
02/05/2019;18:44:00;334;com vítima;264;BR-163/MS;Norte;Colisão c/ obstáculos;0;0;0;1;0;0;0;0;0;0;0;1;0;0;0
03/05/2019;06:55:00;45;com vítima;258;BR-163/MS;Sul;Colisão lateral no mesmo sentido;0;1;0;1;0;0;0;0;0;0;0;2;0;0;0
03/05/2019;12:31:00;190;sem vítima;401,294;BR-163/MS;Norte;Colisão lateral no mesmo sentido;1;0;0;0;0;0;0;0;0;1;5;0;0;0;0
03/05/2019;13:04:00;198;sem vítima;371;BR-163/MS;Sul;Capotamento;1;0;0;0;0;0;0;0;0;0;2;0;0;0;0
03/05/2019;13:31:00;209;com vítima;371,5;BR-163/MS;Norte;Saídas de pista;1;0;0;0;0;0;0;0;0;0;0;2;0;0;0
03/05/2019;15:06:00;224;sem vítima;456;BR-163/MS;Sul;Saídas de pista;1;0;0;0;0;0;0;0;0;0;2;0;0;0;0