data;horario;n_da_ocorrencia;tipo_de_ocorrencia;km;trecho;sentido;tipo_de_acidente;automovel;bicicleta;caminhao;moto;onibus;outros;tracao_animal;transporte_de_cargas_especiais;trator_maquinas;utilitarios;ilesos;levemente_feridos;moderadamente_feridos;gravemente_feridos;mortos
03/05/2019;18:13:00;271;sem vítima;226,753;BR-163/MS;Norte;Atropelamento de animais;1;0;0;0;0;0;0;0;0;0;1;0;0;0;0
03/05/2019;18:33:00;280;sem vítima;569,5;BR-163/MS;Norte;Atropelamento de animais;1;0;0;0;0;0;0;0;0;0;5;0;0;0;0
04/05/2019;08:00:00;62;com vítima;640,638;BR-163/MS;Norte;Colisão c/ obstáculos;0;0;1;0;0;2;0;0;0;0;2;1;0;0;0
04/05/2019;10:01:00;106;sem vítima;151;BR-163/MS;Norte;Colisão c/ obstáculos;0;0;0;0;0;0;0;0;0;1;5;0;0;0;0
04/05/2019;18:58:00;240;sem vítima;295,644;BR-163/MS;Norte;Atropelamento de animais;0;0;0;0;0;0;0;0;0;1;2;0;0;0;0
04/05/2019;20:48:00;252;sem vítima;261,648;BR-163/MS;Sul;Colisão c/ obstáculos;1;0;0;0;0;0;0;0;0;0;1;0;0;0;0
06/05/2019;03:54:00;21;sem vítima;443,703;BR-163/MS;Sul;Atropelamento de animais;1;0;0;0;0;0;0;0;0;0;1;0;0;0;0
06/05/2019;08:03:00;85;sem vítima;124,815;BR-163/MS;Norte;Tombamento;0;0;1;0;0;1;0;0;0;0;2;0;0;0;0
06/05/2019;14:05:00;243;sem vítima;13;BR-163/MS;Norte;Colisão lateral no mesmo sentido;2;0;0;0;0;0;0;0;0;0;4;0;0;0;0
06/05/2019;19:28:00;340;sem vítima;88,894;BR-163/MS;Norte;Saídas de pista;0;0;0;0;0;0;0;0;0;1;1;0;0;0;0
06/05/2019;22:08:00;362;com vítima;651,191;BR-163/MS;Norte;Colisão c/ obstáculos;1;0;0;0;0;0;0;0;0;0;0;1;0;0;0
07/05/2019;00:47:00;2;sem vítima;492,293;BR-163/MS;Norte;Colisão lateral no mesmo sentido;1;0;0;0;0;1;0;0;0;0;3;0;0;0;0
07/05/2019;14:26:00;274;sem vítima;260;BR-163/MS;Sul;Tombamento de moto;0;0;0;1;0;0;0;0;0;0;2;0;0;0;0
07/05/2019;16:03:00;315;com vítima;492,376;BR-163/MS;Norte;Colisão com veículos (traseira);1;0;1;0;0;0;0;0;0;0;2;1;0;0;0
07/05/2019;18:55:00;371;sem vítima;124,721;BR-163/MS;Norte;Atropelamento de animais;0;0;1;0;0;1;0;0;0;0;3;0;0;0;0
07/05/2019;20:21:00;386;com vítima;34,91;BR-163/MS;Sul;Colisão com veículos (frontal);1;0;2;0;0;2;0;0;0;0;2;0;0;3;0
09/05/2019;06:39:00;35;sem vítima;273,886;BR-163/MS;Norte;Colisão lateral no mesmo sentido;0;0;1;0;1;0;0;0;0;0;14;0;0;0;0
09/05/2019;07:22:00;55;sem vítima;408;BR-163/MS;Sul;Atropelamento de animais;0;0;0;0;0;0;0;0;0;1;1;0;0;0;0
09/05/2019;16:38:00;316;com vítima;487;BR-163/MS;Norte;Tombamento de moto;0;0;0;1;0;0;0;0;0;1;1;1;0;0;0
09/05/2019;18:13:00;344;sem vítima;224,406;BR-163/MS;Norte;Atropelamento de animais;1;0;0;0;0;0;0;0;0;0;4;0;0;0;0
10/05/2019;08:49:00;134;sem vítima;485,489;BR-163/MS;Sul;Colisão lateral no sentido contrário;0;0;0;0;0;0;0;0;0;3;3;0;0;0;0
10/05/2019;11:04:00;200;com vítima;485;BR-163/MS;Sul;Tombamento de moto;0;0;0;1;0;0;0;0;0;0;1;1;0;0;0
10/05/2019;14:15:00;285;com vítima;542,172;BR-163/MS;Sul;Colisão com veículos (frontal);2;0;0;0;0;0;0;0;0;0;0;1;3;0;1
10/05/2019;14:16:00;286;sem vítima;541;BR-163/MS;Norte;Outros;1;0;0;0;0;0;0;0;0;0;1;0;0;0;0
10/05/2019;15:08:00;302;sem vítima;346,52;BR-163/MS;Sul;Capotamento;1;0;0;0;0;0;0;0;0;0;1;0;0;0;0
10/05/2019;18:32:00;345;com vítima;484,429;BR-163/MS;Norte;Colisão lateral no sentido contrário;0;0;0;2;0;0;0;0;0;0;0;2;0;0;0
11/05/2019;13:24:00;218;com vítima;514,35;BR-163/MS;Norte;Colisão c/ obstáculos;1;0;0;0;0;0;0;0;0;0;0;1;1;0;0
11/05/2019;14:15:00;235;sem vítima;191;BR-163/MS;Norte;Colisão com veículos (traseira);0;0;2;0;0;1;0;0;0;0;4;0;0;0;0
11/05/2019;15:22:00;258;com vítima;478,65;BR-163/MS;Sul;Colisão com veículos (traseira);1;0;1;0;0;2;0;0;0;0;3;1;1;0;0
11/05/2019;17:58:00;302;com vítima;74,9;BR-163/MS;Norte;Capotamento;0;0;1;0;0;1;0;0;0;0;1;1;0;0;0
11/05/2019;20:13:00;333;com vítima;485,483;BR-163/MS;Norte;Colisão c/ obstáculos;1;0;0;0;0;0;0;0;0;1;1;1;0;0;0
11/05/2019;23:41:00;360;sem vítima;374,917;BR-163/MS;Norte;Saídas de pista;1;0;0;0;0;0;0;0;0;0;1;0;0;0;0
12/05/2019;03:09:00;15;com vítima;485,793;BR-163/MS;Sul;Colisão com veículos (frontal);1;0;0;0;0;0;0;0;0;1;2;1;0;3;0
12/05/2019;07:43:00;53;com vítima;260;BR-163/MS;Norte;Capotamento;1;1;0;0;0;0;0;0;0;0;1;1;0;0;0
12/05/2019;14:25:00;173;sem vítima;617,143;BR-163/MS;Sul;Colisão com veículos (traseira);1;0;0;0;0;0;0;0;0;1;2;0;0;0;0
12/05/2019;19:52:00;272;com vítima;149,52;BR-163/MS;Norte;Colisão com veículos (frontal);2;0;0;0;0;0;0;0;0;0;2;1;0;0;0
12/05/2019;21:52:00;289;sem vítima;38,453;BR-163/MS;Sul;Colisão c/ obstáculos;0;0;0;1;0;0;0;0;0;1;2;0;0;0;0
13/05/2019;14:29:00;256;sem vítima;656;BR-163/MS;Sul;Colisão c/ obstáculos;1;0;0;0;0;0;0;0;0;0;1;0;0;0;0
13/05/2019;15:31:00;277;sem vítima;522,5;BR-163/MS;Norte;Saídas de pista;1;0;0;0;0;0;0;0;0;0;1;0;0;0;0
13/05/2019;19:18:00;334;sem vítima;375,765;BR-163/MS;Sul;Colisão c/ obstáculos;0;0;1;0;0;0;0;0;0;0;1;0;0;0;0
14/05/2019;00:47:00;4;com vítima;0;BR-163/MS;Sul;Tombamento;0;0;1;0;0;1;0;0;0;0;1;1;0;0;0
14/05/2019;17:23:00;292;sem vítima;327,855;BR-163/MS;Norte;Atropelamento de animais;1;0;0;0;0;0;0;0;0;0;3;0;0;0;0
14/05/2019;18:18:00;302;sem vítima;711,761;BR-163/MS;Norte;Atropelamento de animais;0;0;0;1;0;0;0;0;0;0;1;0;0;0;0
15/05/2019;10:02:00;162;com vítima;474;BR-163/MS;Sul;Colisão lateral no sentido contrário;1;0;0;0;0;0;0;0;0;1;5;2;0;0;0
15/05/2019;11:19:00;191;sem vítima;506,89;BR-163/MS;Norte;Capotamento;0;0;0;0;0;0;0;0;0;1;1;0;0;0;0
15/05/2019;13:14:00;228;com vítima;485;BR-163/MS;Norte;Colisão lateral no mesmo sentido;1;0;0;1;0;0;0;0;0;0;1;2;0;0;0
15/05/2019;17:48:00;334;com vítima;265;BR-163/MS;Sul;Atropelamento de pedestre;1;0;0;1;0;0;0;0;0;0;1;1;0;1;0
15/05/2019;18:57:00;358;sem vítima;264;BR-163/MS;Norte;Colisão com veículos (traseira);2;0;0;0;0;0;0;0;0;0;4;0;0;0;0
15/05/2019;19:22:00;365;sem vítima;796,95;BR-163/MS;Sul;Atropelamento de animais;0;0;0;0;0;0;0;0;0;1;2;0;0;0;0
15/05/2019;20:34:00;382;sem vítima;248;BR-163/MS;Sul;Tombamento de moto;0;0;0;1;0;0;0;0;0;0;1;0;0;0;0
16/05/2019;05:09:00;27;sem vítima;17,544;BR-163/MS;Norte;Colisão c/ obstáculos;0;0;0;0;0;0;0;0;0;1;1;0;0;0;0
16/05/2019;11:16:00;193;sem vítima;469,287;BR-163/MS;Norte;Colisão lateral no mesmo sentido;0;0;2;0;0;0;0;0;0;0;2;0;0;0;0
16/05/2019;17:11:00;295;sem vítima;476,687;BR-163/MS;Sul;Colisão com veículos (traseira);0;0;2;0;0;0;0;0;0;0;2;0;0;0;0
17/05/2019;07:22:00;70;com vítima;485;BR-163/MS;Norte;Colisão lateral no mesmo sentido;0;0;0;2;0;0;0;0;0;0;2;1;0;0;0
17/05/2019;09:12:00;142;sem vítima;258;BR-163/MS;Sul;Colisão com veículos (traseira);1;0;1;0;0;0;0;0;0;0;2;0;0;0;0
17/05/2019;14:16:00;250;com vítima;384,5;BR-163/MS;Sul;Saídas de pista;1;0;0;0;0;0;0;0;0;0;2;1;0;0;0
17/05/2019;21:13:00;346;com vítima;486;BR-163/MS;Norte;Colisão c/ obstáculos;1;0;0;1;0;0;0;0;0;0;2;1;0;0;0
18/05/2019;01:47:00;13;com vítima;256,265;BR-163/MS;Sul;Atropelamento de animais;1;0;0;0;0;0;0;0;0;0;0;1;0;0;0
18/05/2019;02:52:00;14;com vítima;593;BR-163/MS;Norte;Saídas de pista;0;0;1;0;0;2;0;0;0;0;2;1;0;0;0
18/05/2019;12:10:00;188;sem vítima;178;BR-163/MS;Norte;Saídas de pista;1;0;0;0;0;0;0;0;0;0;3;0;0;0;0
18/05/2019;13:06:00;200;com vítima;676;BR-163/MS;Sul;Colisão com veículos (traseira);1;0;0;0;0;0;0;0;0;1;4;2;0;0;0
18/05/2019;18:55:00;296;com vítima;490,504;BR-163/MS;Norte;Colisão lateral no mesmo sentido;0;0;0;1;0;1;0;0;0;0;1;2;0;0;0
19/05/2019;07:05:00;47;sem vítima;278;BR-163/MS;Sul;Colisão c/ obstáculos;1;0;0;0;0;0;0;0;0;1;2;0;0;0;0
19/05/2019;21:19:00;300;com vítima;172,383;BR-163/MS;Norte;Colisão com veículos (traseira);0;0;0;1;0;1;0;0;0;0;1;1;0;0;0
19/05/2019;22:35:00;307;com vítima;843,628;BR-163/MS;Norte;Colisão com veículos (frontal);0;0;1;1;0;0;0;0;0;0;1;0;0;0;1
20/05/2019;07:06:00;44;com vítima;476,701;BR-163/MS;Norte;Colisão com veículos (frontal);2;0;0;0;0;0;0;0;0;0;0;2;0;0;0
20/05/2019;13:26:00;218;com vítima;258;BR-163/MS;Norte;Colisão lateral no mesmo sentido;0;1;0;0;0;0;0;0;0;1;1;1;0;0;0
20/05/2019;14:52:00;247;com vítima;53,9;BR-163/MS;Norte;Atropelamento de pedestre;0;1;0;0;0;1;0;0;0;0;1;0;1;0;0
20/05/2019;17:46:00;309;com vítima;488,809;BR-163/MS;Norte;Colisão com veículos (traseira);0;1;0;1;0;0;0;0;0;0;0;2;0;0;0
20/05/2019;17:52:00;311;sem vítima;475,277;BR-163/MS;Norte;Colisão lateral no sentido contrário;2;0;0;0;0;0;0;0;0;0;3;0;0;0;0
20/05/2019;18:29:00;318;com vítima;152,463;BR-163/MS;Norte;Capotamento;0;0;1;0;0;1;0;0;0;0;1;0;0;1;0
21/05/2019;16:23:00;310;com vítima;650;BR-163/MS;Sul;Capotamento;1;0;0;0;0;0;0;0;0;0;0;1;0;0;0
21/05/2019;17:32:00;328;com vítima;484;BR-163/MS;Norte;Colisão c/ obstáculos;1;0;0;1;0;0;0;0;0;0;1;2;0;0;0
21/05/2019;17:43:00;330;sem vítima;486;BR-163/MS;Norte;Atropelamento de animais;0;0;0;1;0;0;0;0;0;0;1;0;0;0;0
22/05/2019;04:00:00;31;sem vítima;507,42;BR-163/MS;Sul;Colisão c/ obstáculos;0;0;0;0;0;0;0;0;0;1;2;0;0;0;0
22/05/2019;15:09:00;294;com vítima;107;BR-163/MS;Sul;Colisão com veículos (traseira);0;0;2;0;0;0;0;0;0;0;1;0;1;0;0
22/05/2019;18:56:00;353;com vítima;336,308;BR-163/MS;Norte;Engavetamento;1;0;1;0;0;2;0;0;0;1;6;0;1;0;0
23/05/2019;03:43:00;15;sem vítima;661,867;BR-163/MS;Sul;Atropelamento de animais;1;0;0;0;0;0;0;0;0;0;2;0;0;0;0
23/05/2019;04:38:00;19;sem vítima;102,396;BR-163/MS;Sul;Colisão c/ obstáculos;1;0;0;0;0;0;0;0;0;0;2;0;0;0;0
23/05/2019;14:38:00;250;sem vítima;754;BR-163/MS;Sul;Colisão com veículos (traseira);0;0;2;0;0;2;0;0;0;0;4;0;0;0;0
23/05/2019;17:42:00;301;com vítima;476,804;BR-163/MS;Sul;Engavetamento;2;0;0;2;0;0;0;0;0;0;2;2;0;0;0
23/05/2019;19:27:00;319;sem vítima;266,852;BR-163/MS;Sul;Saídas de pista;1;0;0;0;0;0;0;0;0;0;1;0;0;0;0
24/05/2019;17:03:00;262;com vítima;479,965;BR-163/MS;Sul;Tombamento de moto;0;0;0;1;0;0;0;0;0;0;0;1;0;0;0
24/05/2019;20:01:00;298;sem vítima;261,548;BR-163/MS;Norte;Colisão c/ obstáculos;1;0;0;0;0;0;0;0;0;0;5;0;0;0;0
26/05/2019;04:05:00;16;sem vítima;636,507;BR-163/MS;Sul;Colisão c/ obstáculos;0;0;0;0;0;0;0;0;0;1;1;0;0;0;0
27/05/2019;11:55:00;187;com vítima;492;BR-163/MS;Norte;Capotamento;1;0;0;0;0;0;0;0;0;0;0;1;0;0;0
27/05/2019;12:59:00;203;sem vítima;285,5;BR-163/MS;Sul;Saídas de pista;1;0;0;0;0;0;0;0;0;0;2;0;0;0;0
28/05/2019;19:47:00;340;sem vítima;6,441;BR-163/MS;Sul;Colisão c/ obstáculos;0;0;0;0;0;0;0;0;0;1;1;0;0;0;0
28/05/2019;22:57:00;366;com vítima;498,573;BR-163/MS;Sul;Tombamento;0;0;1;0;0;0;0;0;0;0;1;1;0;0;0
29/05/2019;00:39:00;4;sem vítima;258,253;BR-163/MS;Sul;Colisão c/ obstáculos;1;0;0;0;0;0;0;0;0;0;1;0;0;0;0
29/05/2019;14:40:00;280;sem vítima;462;BR-163/MS;Norte;Colisão lateral no mesmo sentido;1;0;1;0;0;0;0;0;0;0;2;0;0;0;0
29/05/2019;18:14:00;353;com vítima;809;BR-163/MS;Sul;Tombamento de moto;0;0;0;1;0;1;0;0;0;0;1;0;1;0;0
29/05/2019;20:14:00;380;sem vítima;10;BR-163/MS;Norte;Atropelamento de animais;0;0;0;0;0;0;0;0;0;1;1;0;0;0;0
29/05/2019;21:31:00;394;com vítima;330,338;BR-163/MS;Sul;Tombamento de moto;0;0;0;1;0;0;0;0;0;0;1;1;0;0;0
30/05/2019;08:02:00;117;sem vítima;313;BR-163/MS;Norte;Colisão com veículos (traseira);1;0;1;0;0;0;0;0;0;0;3;0;0;0;0
30/05/2019;17:41:00;345;com vítima;7,45;BR-163/MS;Sul;Colisão c/ obstáculos;0;0;0;0;0;0;0;0;0;1;0;1;0;0;0
31/05/2019;10:10:00;169;sem vítima;666;BR-163/MS;Sul;Outros;1;0;0;0;0;0;0;0;0;0;1;0;0;0;0
31/05/2019;16:19:00;283;sem vítima;256,969;BR-163/MS;Norte;Colisão c/ obstáculos;0;0;1;0;0;0;0;0;0;0;1;0;0;0;0
31/05/2019;20:36:00;352;sem vítima;549;BR-163/MS;Sul;Atropelamento de animais;1;0;0;0;0;0;0;0;0;0;2;0;0;0;0
31/05/2019;20:50:00;353;sem vítima;93,767;BR-163/MS;Norte;Colisão lateral no mesmo sentido;1;0;1;0;0;0;0;0;0;0;2;0;0;0;0
31/05/2019;20:54:00;354;sem vítima;316,731;BR-163/MS;Norte;Colisão c/ obstáculos;1;0;0;0;0;0;0;0;0;0;3;0;0;0;0
31/05/2019;21:55:00;360;com vítima;264,887;BR-163/MS;Norte;Colisão c/ obstáculos;0;0;0;1;0;0;0;0;0;0;1;1;0;0;0
31/05/2019;22:07:00;361;sem vítima;842,842;BR-163/MS;Norte;Tombamento;0;0;1;0;0;2;0;0;0;0;3;0;0;0;0
01/09/2019;01:28:00;7;com vítima;356,403;BR-163/MS;Sul;Colisão lateral no mesmo sentido;0;0;1;1;0;0;0;0;0;0;3;0;0;0;1
01/09/2019;02:39:00;12;com vítima;837,584;BR-163/MS;Norte;Colisão c/ obstáculos;0;0;0;1;0;0;0;0;0;0;0;1;0;0;0
01/09/2019;19:46:00;275;sem vítima;240,9;BR-163/MS;Sul;Capotamento;1;0;0;0;0;1;0;0;0;0;2;0;0;0;0
02/09/2019;06:18:00;29;sem vítima;364;BR-163/MS;Norte;Saídas de pista;1;0;0;0;0;0;0;0;0;0;1;0;0;0;0
02/09/2019;06:47:00;41;com vítima;484,398;BR-163/MS;Norte;Colisão lateral no sentido contrário;1;0;0;0;0;0;0;0;0;1;2;1;0;0;0
02/09/2019;14:22:00;245;com vítima;214,5;BR-163/MS;Norte;Colisão lateral no mesmo sentido;0;1;0;0;0;1;0;0;0;0;1;1;0;0;0
03/09/2019;04:18:00;29;sem vítima;461,89;BR-163/MS;Norte;Saídas de pista;0;0;0;0;0;0;0;0;0;1;1;0;0;0;0
04/09/2019;06:56:00;49;com vítima;520,188;BR-163/MS;Norte;Colisão c/ obstáculos;0;0;1;0;0;0;0;0;0;0;0;1;0;0;0
04/09/2019;10:47:00;176;sem vítima;113;BR-163/MS;Norte;Colisão com veículos (traseira);1;0;1;0;0;0;0;0;0;0;3;0;0;0;0
04/09/2019;11:21:00;191;com vítima;610;BR-163/MS;Norte;Capotamento;0;0;0;0;0;0;0;0;0;1;0;1;0;0;0
04/09/2019;12:29:00;215;sem vítima;708;BR-163/MS;Sul;Tombamento;0;0;0;0;0;1;0;0;0;1;2;0;0;0;0
05/09/2019;12:29:00;229;sem vítima;666,73;BR-163/MS;Sul;Tombamento;0;0;1;0;0;0;0;0;0;0;1;0;0;0;0
05/09/2019;13:46:00;263;com vítima;376,777;BR-163/MS;Norte;Tombamento de moto;0;0;0;1;0;0;0;0;0;0;0;2;0;0;0
06/09/2019;10:52:00;174;com vítima;40;BR-163/MS;Sul;Tombamento de moto;0;0;0;1;0;0;0;0;0;0;0;0;1;0;0
06/09/2019;18:15:00;318;sem vítima;551,7;BR-163/MS;Norte;Atropelamento de animais;1;0;0;0;0;0;0;0;0;0;1;0;0;0;0
06/09/2019;23:12:00;398;com vítima;484,435;BR-163/MS;Norte;Tombamento de moto;1;0;0;1;0;0;0;0;0;0;1;1;0;0;0
06/09/2019;23:52:00;401;sem vítima;349,549;BR-163/MS;Sul;Atropelamento de animais;1;0;0;0;0;0;0;0;0;0;2;0;0;0;0
07/09/2019;00:09:00;1;sem vítima;551,2;BR-163/MS;Sul;Saídas de pista;1;0;0;0;0;0;0;0;0;0;1;0;0;0;0
07/09/2019;03:00:00;14;com vítima;285,268;BR-163/MS;Sul;Tombamento de moto;0;0;0;1;0;0;0;0;0;0;0;2;0;0;0
07/09/2019;17:43:00;263;sem vítima;577;BR-163/MS;Sul;Colisão lateral no mesmo sentido;1;0;1;0;0;1;0;0;0;0;3;0;0;0;0
07/09/2019;18:38:00;281;com vítima;403,848;BR-163/MS;Norte;Colisão com veículos (traseira);2;0;0;0;0;0;0;0;0;0;0;2;1;1;0
07/09/2019;19:28:00;296;sem vítima;300,147;BR-163/MS;Sul;Colisão com veículos (traseira);0;0;0;0;0;1;0;0;0;1;2;0;0;0;0
08/09/2019;01:32:00;7;com vítima;264,694;BR-163/MS;Norte;Colisão com veículos (traseira);0;1;0;0;0;0;0;0;0;1;1;0;0;0;1
08/09/2019;05:44:00;26;sem vítima;1,461;BR-163/MS;Sul;Colisão c/ obstáculos;0;0;0;1;0;0;0;0;0;0;1;0;0;0;0
08/09/2019;18:18:00;265;sem vítima;548,5;BR-163/MS;Sul;Colisão lateral no mesmo sentido;1;0;0;0;0;0;0;0;0;1;4;0;0;0;0
09/09/2019;17:26:00;306;com vítima;761,141;BR-163/MS;Sul;Tombamento de moto;0;0;0;1;0;0;0;0;0;0;0;2;0;0;0
09/09/2019;17:43:00;310;sem vítima;477,391;BR-163/MS;Sul;Engavetamento;3;0;0;0;0;1;0;0;0;0;8;0;0;0;0
10/09/2019;01:17:00;8;sem vítima;738,42;BR-163/MS;Sul;Atropelamento de animais;0;0;1;0;0;0;0;0;0;0;1;0;0;0;0
10/09/2019;11:07:00;199;sem vítima;648,131;BR-163/MS;Norte;Capotamento;0;0;0;0;0;0;0;0;0;1;1;0;0;0;0
10/09/2019;12:51:00;244;sem vítima;187;BR-163/MS;Norte;Colisão lateral no mesmo sentido;0;0;1;0;0;0;0;0;0;1;6;0;0;0;0
10/09/2019;13:57:00;265;sem vítima;37,569;BR-163/MS;Sul;Colisão c/ obstáculos;1;0;0;0;0;0;0;0;0;0;1;0;0;0;0
10/09/2019;17:27:00;343;sem vítima;478;BR-163/MS;Norte;Colisão com veículos (traseira);1;0;0;1;0;0;0;0;0;0;2;0;0;0;0
11/09/2019;04:55:00;22;com vítima;76,74;BR-163/MS;Sul;Tombamento;0;0;1;0;0;0;0;0;0;0;0;1;0;0;0
11/09/2019;10:47:00;161;sem vítima;100,778;BR-163/MS;Norte;Capotamento;1;0;0;0;0;0;0;0;0;0;1;0;0;0;0
11/09/2019;11:01:00;163;com vítima;844;BR-163/MS;Sul;Tombamento;0;0;1;0;0;1;0;0;0;0;1;1;0;0;0
11/09/2019;16:36:00;258;com vítima;461;BR-163/MS;Sul;Tombamento de moto;0;0;0;1;0;0;0;0;0;0;0;2;0;0;0
11/09/2019;19:15:00;305;com vítima;741,5;BR-163/MS;Sul;Capotamento;0;0;0;0;0;0;0;0;0;1;0;1;0;0;0
11/09/2019;22:20:00;335;com vítima;256,3;BR-163/MS;Norte;Colisão com veículos (traseira);0;1;0;1;0;0;0;0;0;0;0;2;0;0;0
12/09/2019;03:07:00;20;sem vítima;402,27;BR-163/MS;Norte;Colisão c/ obstáculos;0;0;1;0;0;1;0;0;0;0;2;0;0;0;0
12/09/2019;14:24:00;257;sem vítima;787,196;BR-163/MS;Norte;Colisão com veículos (traseira);0;0;2;0;0;0;0;0;0;0;2;0;0;0;0
12/09/2019;17:29:00;301;com vítima;479,174;BR-163/MS;Sul;Colisão lateral no mesmo sentido;1;0;0;1;0;0;0;0;0;0;1;1;1;0;0
13/09/2019;01:33:00;13;sem vítima;144;BR-163/MS;Sul;Saídas de pista;0;0;1;0;0;2;0;0;0;0;3;0;0;0;0
13/09/2019;01:34:00;15;sem vítima;382,87;BR-163/MS;Sul;Atropelamento de animais;1;0;0;0;0;0;0;0;0;0;2;0;0;0;0
13/09/2019;07:15:00;71;com vítima;215,185;BR-163/MS;Sul;Tombamento de moto;0;0;0;1;0;0;0;0;0;0;1;1;0;0;0
13/09/2019;23:13:00;415;sem vítima;281,122;BR-163/MS;Sul;Colisão c/ obstáculos;1;0;0;0;0;0;0;0;0;0;1;0;0;0;0
13/09/2019;23:36:00;419;com vítima;840,473;BR-163/MS;Norte;Colisão lateral no mesmo sentido;1;0;0;1;0;0;0;0;0;0;2;0;1;0;0
14/09/2019;01:35:00;7;com vítima;551,492;BR-163/MS;Sul;Colisão com veículos (frontal);1;0;1;0;0;1;0;0;0;0;2;0;0;1;0
14/09/2019;01:38:00;8;com vítima;13,7;BR-163/MS;Norte;Colisão c/ obstáculos;1;0;0;0;0;0;0;0;0;0;0;0;0;1;0
14/09/2019;15:50:00;240;com vítima;580,642;BR-163/MS;Sul;Tombamento;0;0;1;0;0;2;0;0;0;0;2;1;0;0;0
15/09/2019;03:08:00;17;sem vítima;459,134;BR-163/MS;Sul;Atropelamento de animais;1;0;0;0;0;0;0;0;0;0;1;0;0;0;0
15/09/2019;05:20:00;27;com vítima;837,681;BR-163/MS;Sul;Colisão com veículos (traseira);1;0;0;0;0;1;0;0;0;0;2;1;0;0;0
15/09/2019;07:05:00;50;com vítima;501,99;BR-163/MS;Sul;Colisão c/ obstáculos;1;0;0;0;0;0;0;0;0;0;1;1;0;0;0
15/09/2019;12:20:00;161;sem vítima;89,485;BR-163/MS;Sul;Colisão c/ obstáculos;1;0;0;0;0;0;0;0;0;0;1;0;0;0;0
15/09/2019;15:22:00;235;com vítima;522;BR-163/MS;Norte;Colisão c/ obstáculos;1;0;0;0;0;0;0;0;0;0;0;1;0;0;0
15/09/2019;18:19:00;314;com vítima;486,241;BR-163/MS;Sul;Colisão com veículos (traseira);0;1;0;1;0;0;0;0;0;0;0;1;1;0;0
15/09/2019;18:52:00;324;com vítima;348,668;BR-163/MS;Norte;Colisão lateral no sentido contrário;1;0;1;0;0;2;0;0;0;0;3;1;0;0;0
16/09/2019;00:13:00;3;sem vítima;114,621;BR-163/MS;Sul;Atropelamento de animais;0;0;1;0;0;1;0;0;0;0;2;0;0;0;0
16/09/2019;06:19:00;39;com vítima;127,2;BR-163/MS;Sul;Tombamento de moto;0;0;0;1;0;0;0;0;0;0;0;1;0;0;0
16/09/2019;08:17:00;95;com vítima;134;BR-163/MS;Sul;Capotamento;1;0;0;0;0;0;0;0;0;0;0;1;0;0;0
16/09/2019;08:32:00;105;sem vítima;15;BR-163/MS;Sul;Colisão c/ obstáculos;1;0;0;0;0;0;0;0;0;0;1;0;0;0;0
16/09/2019;11:27:00;178;com vítima;241;BR-163/MS;Sul;Tombamento de moto;0;0;0;1;0;0;0;0;0;0;0;2;0;0;0
16/09/2019;18:58:00;344;com vítima;261;BR-163/MS;Norte;Tombamento de moto;0;0;0;1;0;0;0;0;0;0;0;0;0;1;0
17/09/2019;05:17:00;42;sem vítima;367,901;BR-163/MS;Norte;Colisão com veículos (traseira);1;0;0;0;0;2;0;0;0;0;4;0;0;0;0
17/09/2019;06:47:00;63;com vítima;482,331;BR-163/MS;Norte;Tombamento de moto;0;0;0;1;0;0;0;0;0;0;0;1;0;0;0
17/09/2019;16:52:00;320;com vítima;485;BR-163/MS;Sul;Colisão lateral no mesmo sentido;1;0;0;1;0;0;0;0;0;0;3;1;0;0;0
17/09/2019;20:48:00;380;sem vítima;701,64;BR-163/MS;Norte;Atropelamento de animais;0;0;0;0;0;0;0;0;0;1;3;0;0;0;0
17/09/2019;22:15:00;394;sem vítima;262,977;BR-163/MS;Norte;Tombamento;0;0;0;1;0;0;0;0;0;1;3;0;0;0;0
18/09/2019;19:14:00;385;com vítima;75,75;BR-163/MS;Norte;Colisão lateral no mesmo sentido;0;0;0;1;0;0;0;0;0;1;1;1;0;0;0
18/09/2019;19:31:00;389;com vítima;260,5;BR-163/MS;Norte;Atropelamento de animais;0;0;0;1;0;0;0;0;0;0;1;1;0;0;0
18/09/2019;22:18:00;419;sem vítima;667,782;BR-163/MS;Sul;Atropelamento de animais;1;0;0;0;0;0;0;0;0;0;1;0;0;0;0
19/09/2019;00:27:00;1;com vítima;648,41;BR-163/MS;Sul;Colisão c/ obstáculos;1;0;0;0;0;0;0;0;0;0;3;2;0;0;0
20/09/2019;13:34:00;233;com vítima;681,483;BR-163/MS;Sul;Atropelamento de pedestre;0;0;0;0;0;0;0;0;0;1;0;1;1;0;0
20/09/2019;16:43:00;297;com vítima;373,135;BR-163/MS;Norte;Capotamento;1;0;0;0;0;0;0;0;0;0;0;3;0;0;0
21/09/2019;03:35:00;22;sem vítima;254,123;BR-163/MS;Norte;Colisão c/ obstáculos;0;0;0;0;0;0;0;0;0;1;1;0;0;0;0
21/09/2019;19:13:00;326;com vítima;18,1;BR-163/MS;Norte;Colisão com veículos (traseira);1;0;0;2;0;0;0;0;0;0;1;2;0;0;0
21/09/2019;19:41:00;329;sem vítima;677,147;BR-163/MS;Norte;Tombamento;1;0;0;0;0;0;0;0;0;0;1;0;0;0;0
21/09/2019;23:52:00;370;sem vítima;20,231;BR-163/MS;Norte;Colisão c/ obstáculos;1;0;0;0;0;0;0;0;0;0;1;0;0;0;0