data;horario;n_da_ocorrencia;tipo_de_ocorrencia;km;trecho;sentido;tipo_de_acidente;automovel;bicicleta;caminhao;moto;onibus;outros;tracao_animal;transporte_de_cargas_especiais;trator_maquinas;utilitarios;ilesos;levemente_feridos;moderadamente_feridos;gravemente_feridos;mortos
01/08/2019;15:29:00;242;sem vítima;609;BR-163/MS;Sul;Colisão com veículos (traseira);0;0;2;0;0;0;0;0;0;0;3;0;0;0;0
02/08/2019;05:57:00;43;com vítima;19,857;BR-163/MS;Sul;Colisão lateral no mesmo sentido;0;0;1;1;0;0;0;0;0;0;1;0;0;0;1
02/08/2019;07:33:00;72;com vítima;503,45;BR-163/MS;Sul;Tombamento de moto;0;0;0;1;0;1;0;0;0;0;1;0;1;0;0
02/08/2019;09:28:00;150;sem vítima;818;BR-163/MS;Norte;Colisão com veículos (traseira);1;0;0;0;0;0;0;0;0;1;6;0;0;0;0
02/08/2019;13:40:00;248;com vítima;748,8;BR-163/MS;Norte;Capotamento;1;0;0;0;0;0;0;0;0;0;0;0;2;0;0
02/08/2019;14:16:00;261;sem vítima;466;BR-163/MS;Sul;Colisão com veículos (traseira);1;0;0;0;0;0;0;0;0;1;5;0;0;0;0
02/08/2019;18:26:00;340;sem vítima;821,425;BR-163/MS;Norte;Atropelamento de animais;0;0;0;0;0;0;0;0;0;1;2;0;0;0;0
02/08/2019;19:09:00;350;sem vítima;670,359;BR-163/MS;Norte;Atropelamento de animais;0;0;0;0;0;0;0;0;0;1;2;0;0;0;0
03/08/2019;09:27:00;96;sem vítima;818,73;BR-163/MS;Norte;Colisão com veículos (traseira);0;0;2;0;0;3;0;0;0;0;5;0;0;0;0
03/08/2019;10:21:00;112;com vítima;640,537;BR-163/MS;Norte;Tombamento;0;0;1;0;0;2;0;0;0;0;2;1;0;0;0
04/08/2019;03:27:00;14;sem vítima;256;BR-163/MS;Sul;Colisão com veículos (frontal);1;0;0;0;0;0;0;0;0;1;5;0;0;0;0
04/08/2019;07:30:00;43;sem vítima;245;BR-163/MS;Norte;Saídas de pista;1;0;0;0;0;1;0;0;0;0;4;0;0;0;0
04/08/2019;08:02:00;55;com vítima;113;BR-163/MS;Norte;Tombamento de moto;0;0;0;1;0;0;0;0;0;0;1;1;0;0;0
04/08/2019;08:11:00;57;sem vítima;124,844;BR-163/MS;Norte;Tombamento;0;0;1;0;0;0;0;0;0;0;1;0;0;0;0
04/08/2019;20:29:00;255;sem vítima;91,3;BR-163/MS;Norte;Colisão com veículos (traseira);1;0;1;0;0;0;0;0;0;0;3;0;0;0;0
05/08/2019;18:33:00;291;sem vítima;485;BR-163/MS;Norte;Colisão com veículos (traseira);1;0;0;0;0;1;0;0;0;0;2;0;0;0;0
05/08/2019;19:20:00;302;sem vítima;385,235;BR-163/MS;Norte;Colisão c/ obstáculos;0;0;1;0;0;1;0;0;0;0;2;0;0;0;0
07/08/2019;03:34:00;13;sem vítima;460,709;BR-163/MS;Sul;Tombamento;0;0;1;0;0;0;0;0;0;0;1;0;0;0;0
07/08/2019;09:44:00;144;com vítima;614,768;BR-163/MS;Norte;Colisão lateral no sentido contrário;1;0;1;0;0;0;0;0;0;0;1;1;0;0;0
07/08/2019;13:58:00;265;com vítima;475,936;BR-163/MS;Norte;Colisão com veículos (traseira);1;0;0;1;0;0;0;0;0;0;1;1;0;0;0
07/08/2019;15:12:00;302;com vítima;462,501;BR-163/MS;Norte;Colisão lateral no sentido contrário;1;0;1;0;0;0;0;0;0;0;0;4;0;1;0
07/08/2019;18:28:00;386;sem vítima;732,978;BR-163/MS;Sul;Atropelamento de animais;1;0;0;0;0;0;0;0;0;0;1;0;0;0;0
07/08/2019;23:12:00;446;sem vítima;484,399;BR-163/MS;Norte;Colisão lateral no mesmo sentido;2;0;0;0;0;0;0;0;0;0;3;0;0;0;0
08/08/2019;11:32:00;196;sem vítima;91,51;BR-163/MS;Norte;Colisão com veículos (traseira);0;0;2;0;0;1;0;0;0;0;5;0;0;0;0
08/08/2019;13:25:00;233;sem vítima;258,881;BR-163/MS;Norte;Capotamento;1;0;0;0;0;0;0;0;0;0;1;0;0;0;0
08/08/2019;17:08:00;316;com vítima;246,548;BR-163/MS;Norte;Colisão com veículos (frontal);2;0;1;0;0;1;0;0;0;0;3;1;0;0;0
09/08/2019;07:33:00;73;com vítima;485;BR-163/MS;Sul;Colisão com veículos (traseira);1;0;0;1;0;0;0;0;0;0;1;1;0;0;0
10/08/2019;06:04:00;39;sem vítima;221;BR-163/MS;Sul;Colisão lateral no mesmo sentido;1;0;1;0;0;0;0;0;0;0;3;0;0;0;0
10/08/2019;17:47:00;303;com vítima;258;BR-163/MS;Sul;Colisão com veículos (traseira);0;0;0;1;0;1;0;0;0;0;1;1;0;0;0
10/08/2019;19:32:00;332;com vítima;258,795;BR-163/MS;Sul;Colisão lateral no sentido contrário;1;1;0;0;0;0;0;0;0;0;3;0;0;0;1
10/08/2019;20:52:00;351;com vítima;494,158;BR-163/MS;Norte;Colisão com veículos (traseira);0;0;1;1;0;1;0;0;0;0;2;0;0;1;0
11/08/2019;05:07:00;26;sem vítima;349;BR-163/MS;Norte;Saídas de pista;0;0;0;0;0;0;0;0;0;1;1;0;0;0;0
11/08/2019;15:58:00;196;com vítima;191,8;BR-163/MS;Norte;Tombamento de moto;0;0;0;1;0;0;0;0;0;0;0;1;0;0;0
11/08/2019;18:06:00;242;sem vítima;654;BR-163/MS;Sul;Tombamento de moto;0;0;0;1;0;0;0;0;0;0;1;0;0;0;0
12/08/2019;05:36:00;47;sem vítima;485;BR-163/MS;Norte;Colisão com veículos (traseira);0;0;1;0;0;0;0;0;0;1;2;0;0;0;0
12/08/2019;06:56:00;65;com vítima;284,752;BR-163/MS;Norte;Colisão c/ obstáculos;0;0;0;1;0;0;0;0;0;0;0;0;0;1;0
12/08/2019;08:59:00;130;sem vítima;409,249;BR-163/MS;Norte;Saídas de pista;0;0;0;0;0;1;0;0;0;1;4;0;0;0;0
12/08/2019;09:37:00;147;sem vítima;490;BR-163/MS;Norte;Saídas de pista;1;0;0;0;0;0;0;0;0;0;1;0;0;0;0
13/08/2019;05:15:00;20;sem vítima;697,356;BR-163/MS;Norte;Saídas de pista;0;0;1;0;0;2;0;0;0;0;3;0;0;0;0
13/08/2019;16:04:00;184;com vítima;159;BR-163/MS;Norte;Colisão com veículos (traseira);1;0;2;0;0;3;0;0;0;0;6;1;0;0;0
13/08/2019;18:06:00;208;com vítima;470,968;BR-163/MS;Norte;Colisão com veículos (traseira);0;1;0;0;0;1;0;0;0;0;1;0;0;1;0
13/08/2019;19:21:00;222;com vítima;134,51;BR-163/MS;Norte;Atropelamento de pedestre;0;0;1;0;0;1;0;0;0;0;2;0;0;0;1
14/08/2019;08:36:00;82;com vítima;264;BR-163/MS;Norte;Tombamento de moto;0;0;0;1;0;0;0;0;0;0;0;1;0;0;0
14/08/2019;11:36:00;163;sem vítima;408;BR-163/MS;Sul;Saídas de pista;1;0;0;0;0;0;0;0;0;0;1;0;0;0;0
14/08/2019;15:35:00;223;com vítima;316,609;BR-163/MS;Sul;Tombamento;0;0;1;0;0;2;0;0;0;0;2;1;0;0;0
14/08/2019;16:29:00;243;com vítima;518;BR-163/MS;Norte;Tombamento;0;0;0;1;0;0;0;0;0;0;0;2;0;0;0
14/08/2019;18:24:00;265;com vítima;433,749;BR-163/MS;Norte;Colisão lateral no mesmo sentido;0;0;0;1;0;0;0;0;0;1;1;0;0;1;0
14/08/2019;18:35:00;267;sem vítima;251,3;BR-163/MS;Sul;Saídas de pista;1;0;0;0;0;0;0;0;0;0;3;0;0;0;0
14/08/2019;19:55:00;284;sem vítima;388;BR-163/MS;Sul;Atropelamento de animais;0;0;0;0;0;0;0;0;0;1;1;0;0;0;0
14/08/2019;20:48:00;291;com vítima;484,38;BR-163/MS;Norte;Colisão c/ obstáculos;0;1;0;1;0;1;0;0;0;0;1;1;0;0;1
15/08/2019;00:47:00;9;sem vítima;260;BR-163/MS;Norte;Atropelamento de animais;1;0;0;0;0;0;0;0;0;0;1;0;0;0;0
15/08/2019;15:06:00;277;sem vítima;477,427;BR-163/MS;Norte;Colisão com veículos (frontal);1;0;0;0;0;0;0;0;0;1;2;0;0;0;0
15/08/2019;17:49:00;323;sem vítima;204,9;BR-163/MS;Sul;Tombamento;0;0;1;0;0;2;0;0;0;0;3;0;0;0;0
15/08/2019;18:08:00;332;com vítima;485,731;BR-163/MS;Norte;Colisão lateral no mesmo sentido;1;0;0;1;0;0;0;0;0;0;1;1;0;0;0
15/08/2019;23:07:00;391;sem vítima;248;BR-163/MS;Sul;Atropelamento de animais;1;0;0;0;0;0;0;0;0;0;1;0;0;0;0
16/08/2019;09:27:00;137;com vítima;172,48;BR-163/MS;Sul;Colisão com veículos (traseira);2;0;0;0;0;0;0;0;0;0;1;1;0;0;0
16/08/2019;19:03:00;341;sem vítima;355;BR-163/MS;Sul;Atropelamento de animais;1;0;0;0;0;0;0;0;0;0;1;0;0;0;0
16/08/2019;23:59:00;382;sem vítima;316,65;BR-163/MS;Sul;Saídas de pista;1;0;0;0;0;0;0;0;0;0;2;0;0;0;0
17/08/2019;14:32:00;223;com vítima;740,19;BR-163/MS;Norte;Tombamento de moto;0;0;0;1;0;0;0;0;0;0;1;0;1;0;0
17/08/2019;15:04:00;231;com vítima;266,952;BR-163/MS;Norte;Colisão lateral no mesmo sentido;0;0;0;1;0;1;0;0;0;0;1;1;0;0;1
17/08/2019;18:57:00;314;com vítima;567,46;BR-163/MS;Sul;Capotamento;1;0;0;0;0;1;0;0;0;0;1;3;0;0;0
17/08/2019;20:16:00;325;com vítima;403,18;BR-163/MS;Norte;Atropelamento de animais;0;0;0;0;0;0;0;0;0;1;2;1;0;0;0
17/08/2019;23:18:00;358;com vítima;409,445;BR-163/MS;Norte;Colisão c/ obstáculos;0;0;0;1;0;0;0;0;0;0;0;0;1;0;0
17/08/2019;23:38:00;360;com vítima;479,123;BR-163/MS;Norte;Capotamento;1;0;0;0;0;0;0;0;0;0;0;1;0;0;0
18/08/2019;06:30:00;35;com vítima;694,908;BR-163/MS;Sul;Saídas de pista;0;0;0;0;0;0;0;0;0;1;0;1;0;0;0
18/08/2019;07:04:00;46;com vítima;280,227;BR-163/MS;Norte;Colisão c/ obstáculos;1;0;0;0;0;0;0;0;0;0;1;1;0;0;0
18/08/2019;10:47:00;115;com vítima;459,93;BR-163/MS;Sul;Tombamento de moto;0;0;0;1;0;0;0;0;0;0;0;2;0;0;0
18/08/2019;15:50:00;224;com vítima;464,586;BR-163/MS;Norte;Capotamento;2;0;0;0;0;0;0;0;0;0;7;1;0;0;0
19/08/2019;04:50:00;20;sem vítima;570,189;BR-163/MS;Norte;Saídas de pista;0;0;1;0;0;0;0;0;0;0;1;0;0;0;0
19/08/2019;07:15:00;53;com vítima;632;BR-163/MS;Sul;Tombamento de moto;0;0;0;1;0;0;0;0;0;0;0;1;0;0;0
19/08/2019;09:03:00;110;sem vítima;6;BR-163/MS;Norte;Colisão com veículos (traseira);2;0;0;0;0;0;0;0;0;0;5;0;0;0;0
19/08/2019;09:24:00;123;sem vítima;103;BR-163/MS;Norte;Colisão com veículos (traseira);0;0;2;0;0;0;0;0;0;0;2;0;0;0;0
20/08/2019;03:41:00;25;sem vítima;706,376;BR-163/MS;Norte;Colisão c/ obstáculos;0;0;0;0;0;0;0;0;0;1;1;0;0;0;0
20/08/2019;08:37:00;120;com vítima;475;BR-163/MS;Sul;Tombamento de moto;0;0;0;1;0;0;0;0;0;0;1;1;0;0;0
20/08/2019;14:32:00;256;com vítima;484;BR-163/MS;Sul;Tombamento de moto;0;0;0;1;0;0;0;0;0;0;0;1;0;0;0
20/08/2019;15:19:00;268;sem vítima;461;BR-163/MS;Sul;Saídas de pista;0;0;0;0;1;0;0;0;0;0;1;0;0;0;0
20/08/2019;17:14:00;293;com vítima;36,342;BR-163/MS;Norte;Colisão com veículos (traseira);1;0;1;0;0;1;0;0;0;0;2;0;2;0;0
20/08/2019;17:47:00;297;sem vítima;36,8;BR-163/MS;Sul;Colisão com veículos (traseira);0;0;2;0;0;2;0;0;0;0;4;0;0;0;0
20/08/2019;18:21:00;299;sem vítima;266,899;BR-163/MS;Sul;Colisão com veículos (traseira);1;0;0;0;0;1;0;0;0;0;3;0;0;0;0
20/08/2019;18:57:00;303;sem vítima;328,426;BR-163/MS;Sul;Colisão c/ obstáculos;1;0;0;0;0;0;0;0;0;0;2;0;0;0;0
20/08/2019;20:34:00;324;sem vítima;40,6;BR-163/MS;Norte;Colisão lateral no sentido contrário;1;0;1;0;0;2;0;0;0;0;4;0;0;0;0
20/08/2019;21:12:00;327;sem vítima;817;BR-163/MS;Norte;Colisão c/ obstáculos;0;0;0;0;0;0;0;0;0;1;1;0;0;0;0
21/08/2019;05:47:00;29;com vítima;367,318;BR-163/MS;Sul;Tombamento de moto;0;0;0;1;0;0;0;0;0;0;0;1;0;0;0
21/08/2019;07:54:00;86;com vítima;213,57;BR-163/MS;Norte;Colisão com veículos (frontal);0;0;4;0;0;3;0;0;0;0;4;1;1;1;1
21/08/2019;08:59:00;121;sem vítima;822,6;BR-163/MS;Norte;Colisão com veículos (traseira);0;0;0;0;0;1;0;0;0;2;4;0;0;0;0
22/08/2019;00:04:00;1;com vítima;599,259;BR-163/MS;Norte;Capotamento;1;0;0;0;0;0;0;0;0;0;0;1;0;0;0
23/08/2019;01:15:00;5;sem vítima;546,557;BR-163/MS;Norte;Atropelamento de animais;1;0;0;0;0;0;0;0;0;0;1;0;0;0;0
23/08/2019;15:21:00;247;com vítima;128;BR-163/MS;Norte;Tombamento de moto;0;0;0;1;0;0;0;0;0;0;0;1;0;0;0
23/08/2019;16:59:00;278;com vítima;742,1;BR-163/MS;Norte;Atropelamento de animais;0;0;0;0;0;0;0;0;0;1;3;1;0;0;0
23/08/2019;20:32:00;343;sem vítima;175,841;BR-163/MS;Sul;Atropelamento de animais;1;0;0;0;0;0;0;0;0;0;3;0;0;0;0
24/08/2019;04:24:00;30;com vítima;793,146;BR-163/MS;Norte;Tombamento de moto;0;0;1;1;0;0;0;0;0;0;1;0;0;1;0
24/08/2019;11:48:00;171;com vítima;74;BR-163/MS;Sul;Tombamento de moto;0;0;0;1;0;0;0;0;0;0;0;0;1;0;0
24/08/2019;14:27:00;216;com vítima;730;BR-163/MS;Norte;Colisão lateral no mesmo sentido;0;0;0;1;0;0;0;0;0;1;3;1;0;0;0
25/08/2019;04:35:00;33;sem vítima;458,983;BR-163/MS;Sul;Atropelamento de animais;1;0;0;0;0;0;0;0;0;0;2;0;0;0;0
25/08/2019;16:27:00;243;com vítima;377,111;BR-163/MS;Sul;Tombamento de moto;0;0;0;1;0;0;0;0;0;0;0;1;0;0;0
25/08/2019;17:07:00;254;com vítima;330;BR-163/MS;Norte;Tombamento de moto;0;0;0;1;0;0;0;0;0;0;0;2;0;0;0
25/08/2019;20:51:00;303;sem vítima;485,216;BR-163/MS;Norte;Tombamento de moto;0;0;0;1;0;0;0;0;0;0;1;0;0;0;0
25/08/2019;23:05:00;321;com vítima;279,886;BR-163/MS;Sul;Colisão c/ obstáculos;0;0;0;0;0;0;0;0;0;1;1;1;0;0;0
26/08/2019;10:41:00;150;sem vítima;208,672;BR-163/MS;Sul;Colisão lateral no sentido contrário;1;0;0;0;0;0;0;0;0;1;2;0;0;0;0
26/08/2019;17:26:00;294;com vítima;456,507;BR-163/MS;Norte;Tombamento de moto;0;0;0;1;0;0;0;0;0;0;0;1;0;0;0
26/08/2019;20:03:00;334;sem vítima;6,267;BR-163/MS;Norte;Saídas de pista;1;0;0;0;0;0;0;0;0;0;4;0;0;0;0
27/08/2019;07:55:00;57;sem vítima;7;BR-163/MS;Sul;Colisão c/ obstáculos;1;0;0;0;0;0;0;0;0;0;1;0;0;0;0
27/08/2019;08:52:00;79;com vítima;680;BR-163/MS;Norte;Colisão lateral no mesmo sentido;1;0;0;1;0;0;0;0;0;0;1;1;0;0;0
27/08/2019;21:37:00;317;sem vítima;403,714;BR-163/MS;Norte;Atropelamento de animais;0;0;0;0;0;0;0;0;0;1;1;0;0;0;0
28/08/2019;00:41:00;3;com vítima;325,948;BR-163/MS;Norte;Colisão lateral no mesmo sentido;0;1;1;0;0;0;0;0;0;0;1;1;0;0;0
28/08/2019;06:12:00;23;com vítima;475,739;BR-163/MS;Norte;Tombamento de moto;0;0;0;1;0;0;0;0;0;0;0;1;0;0;0
28/08/2019;08:56:00;118;sem vítima;253,9;BR-163/MS;Norte;Colisão com veículos (traseira);0;0;1;0;0;0;0;0;0;1;3;0;0;0;0
28/08/2019;17:06:00;287;com vítima;208;BR-163/MS;Norte;Colisão c/ obstáculos;0;1;0;0;0;1;0;0;0;0;1;1;0;0;0
28/08/2019;17:25:00;292;com vítima;169,86;BR-163/MS;Norte;Engavetamento;1;0;2;0;0;3;0;0;0;0;5;2;0;0;0
28/08/2019;18:06:00;300;com vítima;679,69;BR-163/MS;Sul;Atropelamento de pedestre;0;0;1;0;0;0;0;0;0;0;1;0;0;0;1
29/08/2019;15:29:00;275;sem vítima;575;BR-163/MS;Norte;Atropelamento de animais;0;0;0;0;0;0;0;0;0;1;1;0;0;0;0
29/08/2019;18:16:00;327;sem vítima;477;BR-163/MS;Sul;Colisão com veículos (traseira);0;0;1;0;0;1;0;0;0;0;3;0;0;0;0
29/08/2019;23:07:00;399;com vítima;355,145;BR-163/MS;Norte;Capotamento;1;0;1;0;0;0;0;0;0;0;1;2;0;0;0
30/08/2019;10:29:00;172;com vítima;755,9;BR-163/MS;Sul;Tombamento de moto;0;0;0;1;0;0;0;0;0;0;0;1;0;0;0
30/08/2019;12:10:00;200;com vítima;841,231;BR-163/MS;Sul;Colisão com veículos (traseira);2;0;0;0;0;0;0;0;0;0;4;1;0;0;0
30/08/2019;19:00:00;323;com vítima;507,42;BR-163/MS;Sul;Capotamento;0;0;0;0;0;0;0;0;0;1;0;0;1;0;0
30/08/2019;20:21:00;348;sem vítima;446,174;BR-163/MS;Sul;Colisão c/ obstáculos;1;0;0;0;0;0;0;0;0;0;1;0;0;0;0
30/08/2019;22:47:00;369;com vítima;256;BR-163/MS;Norte;Colisão com veículos (frontal);0;2;0;0;0;0;0;0;0;0;0;0;0;1;1
31/08/2019;00:16:00;1;sem vítima;370,719;BR-163/MS;Norte;Atropelamento de animais;1;0;0;0;0;0;0;0;0;0;1;0;0;0;0
31/08/2019;05:42:00;26;sem vítima;296,215;BR-163/MS;Norte;Colisão com veículos (traseira);0;0;0;0;0;1;0;0;0;1;6;0;0;0;0
31/08/2019;08:52:00;84;sem vítima;258,412;BR-163/MS;Norte;Tombamento de moto;0;0;0;1;0;0;0;0;0;0;1;0;0;0;0
31/08/2019;11:04:00;131;com vítima;265,66;BR-163/MS;Sul;Colisão com veículos (traseira);0;0;0;1;0;1;0;0;0;1;2;1;0;0;0
31/08/2019;12:11:00;147;com vítima;572;BR-163/MS;Norte;Colisão com veículos (traseira);1;0;0;0;0;1;0;0;0;0;4;1;0;0;0
01/11/2019;17:45:00;313;com vítima;492;BR-163/MS;Norte;Colisão com veículos (traseira);1;0;1;0;0;0;0;0;0;0;1;1;0;0;0
01/11/2019;17:45:00;315;sem vítima;576;BR-163/MS;Norte;Saídas de pista;0;0;1;0;0;0;0;0;0;0;1;0;0;0;0
01/11/2019;18:05:00;318;sem vítima;579,4;BR-163/MS;Norte;Saídas de pista;1;0;0;0;0;0;0;0;0;0;1;0;0;0;0
02/11/2019;05:04:00;34;com vítima;455;BR-163/MS;Sul;Colisão lateral no mesmo sentido;1;0;1;0;0;0;0;0;0;1;4;1;0;0;0
02/11/2019;06:48:00;61;com vítima;255,977;BR-163/MS;Norte;Tombamento de moto;0;0;0;1;0;0;0;0;0;0;0;1;0;0;0
02/11/2019;07:41:00;80;sem vítima;47,308;BR-163/MS;Sul;Colisão com veículos (traseira);1;0;0;0;0;1;0;0;0;0;4;0;0;0;0
02/11/2019;17:50:00;304;sem vítima;17,534;BR-163/MS;Norte;Capotamento;1;0;0;0;0;0;0;0;0;0;2;0;0;0;0
02/11/2019;19:46:00;339;sem vítima;834,758;BR-163/MS;Sul;Atropelamento de animais;1;0;0;0;0;0;0;0;0;0;2;0;0;0;0
02/11/2019;20:13:00;345;sem vítima;698,293;BR-163/MS;Sul;Colisão c/ obstáculos;0;0;0;0;0;0;0;0;0;1;1;0;0;0;0
03/11/2019;13:33:00;178;sem vítima;6;BR-163/MS;Sul;Tombamento;0;0;1;0;0;0;0;0;0;0;2;0;0;0;0
03/11/2019;18:50:00;283;sem vítima;485,63;BR-163/MS;Sul;Colisão com veículos (traseira);0;0;1;0;0;0;0;0;0;1;2;0;0;0;0
03/11/2019;19:07:00;291;sem vítima;572,908;BR-163/MS;Norte;Atropelamento de animais;0;0;0;0;0;0;0;0;0;1;5;0;0;0;0
03/11/2019;21:13:00;322;sem vítima;706,127;BR-163/MS;Sul;Colisão c/ obstáculos;1;0;0;0;0;0;0;0;0;0;1;0;0;0;0
04/11/2019;14:42:00;270;sem vítima;732,363;BR-163/MS;Sul;Colisão lateral no sentido contrário;0;0;2;0;0;1;0;0;0;0;3;0;0;0;0
04/11/2019;18:42:00;363;com vítima;473,246;BR-163/MS;Norte;Colisão lateral no sentido contrário;0;0;1;1;0;0;0;0;0;0;1;0;1;0;0
04/11/2019;20:05:00;388;com vítima;192,172;BR-163/MS;Sul;Tombamento;0;0;1;0;0;2;0;0;0;0;2;1;0;0;0
05/11/2019;12:48:00;221;sem vítima;18,13;BR-163/MS;Norte;Colisão c/ obstáculos;0;0;1;0;1;2;0;0;0;0;22;0;0;0;0
05/11/2019;14:37:00;258;com vítima;355,498;BR-163/MS;Norte;Tombamento de moto;0;0;0;1;0;0;0;0;0;0;0;2;0;0;0
05/11/2019;18:29:00;346;sem vítima;266;BR-163/MS;Sul;Colisão c/ obstáculos;0;0;0;0;0;0;0;0;0;1;1;0;0;0;0
06/11/2019;11:07:00;183;sem vítima;18,107;BR-163/MS;Norte;Tombamento;0;0;1;0;0;2;0;0;0;0;3;0;0;0;0
06/11/2019;13:42:00;237;com vítima;24,215;BR-163/MS;Sul;Colisão com veículos (traseira);1;0;1;0;0;0;0;0;0;0;2;1;0;0;0
06/11/2019;18:10:00;336;com vítima;486,774;BR-163/MS;Norte;Tombamento de moto;0;0;0;1;0;0;0;0;0;0;0;1;0;0;0
06/11/2019;18:47:00;350;sem vítima;443,777;BR-163/MS;Sul;Atropelamento de animais;1;0;0;0;0;0;0;0;0;0;3;0;0;0;0
06/11/2019;19:06:00;354;sem vítima;443,5;BR-163/MS;Sul;Atropelamento de animais;1;0;0;0;0;0;0;0;0;0;5;0;0;0;0
06/11/2019;19:43:00;359;com vítima;443,828;BR-163/MS;Norte;Tombamento de moto;0;0;0;1;0;0;0;0;0;0;0;0;2;0;0
06/11/2019;20:40:00;370;sem vítima;78,99;BR-163/MS;Norte;Colisão lateral no sentido contrário;1;0;1;0;0;0;0;0;0;0;5;0;0;0;0
06/11/2019;22:09:00;386;com vítima;480,442;BR-163/MS;Norte;Colisão com veículos (traseira);0;1;0;1;0;0;0;0;0;0;0;0;0;2;0
07/11/2019;15:18:00;306;sem vítima;499,418;BR-163/MS;Norte;Saídas de pista;1;0;0;0;0;0;0;0;0;0;1;0;0;0;0
08/11/2019;05:11:00;29;sem vítima;243,558;BR-163/MS;Norte;Saídas de pista;0;0;0;0;0;0;0;0;0;1;1;0;0;0;0
08/11/2019;16:59:00;320;com vítima;485,577;BR-163/MS;Norte;Colisão c/ obstáculos;0;0;0;1;0;0;0;0;0;0;0;0;0;1;0
08/11/2019;18:41:00;356;com vítima;261,5;BR-163/MS;Norte;Colisão com veículos (frontal);0;2;0;0;0;0;0;0;0;0;1;1;0;0;0
08/11/2019;22:27:00;402;com vítima;263,8;BR-163/MS;Norte;Tombamento de moto;0;0;0;1;0;0;0;0;0;0;0;1;0;0;0
09/11/2019;15:08:00;253;sem vítima;248;BR-163/MS;Norte;Saídas de pista;1;0;0;0;0;0;0;0;0;0;4;0;0;0;0
09/11/2019;18:06:00;317;com vítima;473,205;BR-163/MS;Norte;Colisão lateral no sentido contrário;2;0;0;0;0;0;0;0;0;0;0;3;1;1;0
09/11/2019;19:26:00;342;com vítima;258,973;BR-163/MS;Norte;Atropelamento de pedestre;1;0;0;0;0;0;0;0;0;0;4;0;0;1;0
09/11/2019;23:11:00;374;sem vítima;23,975;BR-163/MS;Sul;Saídas de pista;1;0;0;0;0;0;0;0;0;0;4;0;0;0;0
10/11/2019;09:23:00;112;sem vítima;144,545;BR-163/MS;Sul;Colisão c/ obstáculos;0;0;0;0;0;0;0;0;0;1;1;0;0;0;0
09/11/2019;10:36:00;174;com vítima;6,56;BR-163/MS;Norte;Colisão lateral no sentido contrário;2;0;0;0;0;0;0;0;0;0;5;1;0;0;0
09/11/2019;12:04:00;204;sem vítima;656;BR-163/MS;Norte;Colisão c/ obstáculos;1;0;0;0;0;0;0;0;0;0;1;0;0;0;0
09/11/2019;12:44:00;220;sem vítima;215,593;BR-163/MS;Norte;Saídas de pista;0;0;1;0;0;2;0;0;0;0;3;0;0;0;0
15/11/2019;04:47:00;20;com vítima;191;BR-163/MS;Sul;Tombamento de moto;0;0;0;1;0;0;0;0;0;0;0;1;0;0;0
15/11/2019;19:38:00;329;sem vítima;528;BR-163/MS;Norte;Saídas de pista;1;0;0;0;0;0;0;0;0;0;1;0;0;0;0
16/11/2019;05:17:00;34;sem vítima;219,57;BR-163/MS;Sul;Colisão c/ obstáculos;1;0;0;0;0;0;0;0;0;0;2;0;0;0;0
25/11/2019;00:18:00;3;sem vítima;283,25;BR-163/MS;Norte;Colisão lateral no mesmo sentido;1;0;0;0;0;1;0;0;0;1;5;0;0;0;0
25/11/2019;04:18:00;22;sem vítima;824,109;BR-163/MS;Sul;Atropelamento de animais;1;0;0;0;0;0;0;0;0;0;4;0;0;0;0
25/11/2019;05:27:00;37;com vítima;615,655;BR-163/MS;Norte;Colisão lateral no sentido contrário;0;0;0;1;0;0;0;0;0;1;1;0;1;0;0
25/11/2019;05:33:00;41;com vítima;775;BR-163/MS;Norte;Colisão com veículos (traseira);0;0;1;1;0;0;0;0;0;0;1;0;1;0;0
25/11/2019;08:47:00;125;com vítima;182;BR-163/MS;Sul;Tombamento;0;0;1;0;0;0;0;0;0;0;0;1;0;0;0
25/11/2019;18:17:00;333;com vítima;486,1;BR-163/MS;Norte;Colisão lateral no sentido contrário;1;1;0;0;0;0;0;0;0;0;2;1;0;0;0
10/11/2019;14:48:00;195;com vítima;5,6;BR-163/MS;Norte;Colisão lateral no sentido contrário;2;0;0;0;0;0;0;0;0;0;3;1;1;0;0
10/11/2019;15:36:00;207;com vítima;466;BR-163/MS;Norte;Colisão com veículos (traseira);2;0;0;0;0;0;0;0;0;0;4;2;0;0;0
11/11/2019;05:19:00;34;sem vítima;138,7;BR-163/MS;Norte;Capotamento;1;0;0;0;0;0;0;0;0;0;1;0;0;0;0
11/11/2019;14:30:00;292;com vítima;520,345;BR-163/MS;Norte;Colisão com veículos (traseira);1;0;0;0;0;0;0;0;0;1;3;1;0;0;0
11/11/2019;16:09:00;329;sem vítima;770;BR-163/MS;Sul;Tombamento de moto;0;0;0;1;0;0;0;0;0;0;1;0;0;0;0
11/11/2019;16:36:00;341;com vítima;251,843;BR-163/MS;Norte;Colisão com veículos (frontal);1;0;1;0;0;2;0;0;0;0;5;0;0;0;1