data;horario;n_da_ocorrencia;tipo_de_ocorrencia;km;trecho;sentido;tipo_de_acidente;automovel;bicicleta;caminhao;moto;onibus;outros;tracao_animal;transporte_de_cargas_especiais;trator_maquinas;utilitarios;ilesos;levemente_feridos;moderadamente_feridos;gravemente_feridos;mortos
11/11/2019;17:08:00;351;com vítima;485,44;BR-163/MS;Norte;Colisão com veículos (traseira);1;0;0;1;0;0;0;0;0;0;2;1;0;0;0
11/11/2019;17:44:00;362;com vítima;466,517;BR-163/MS;Sul;Tombamento de moto;0;0;0;1;0;0;0;0;0;0;0;1;0;0;0
11/11/2019;19:21:00;393;sem vítima;834,848;BR-163/MS;Norte;Atropelamento de animais;1;0;0;0;0;0;0;0;0;0;5;0;0;0;0
12/11/2019;01:24:00;6;sem vítima;660,989;BR-163/MS;Sul;Colisão c/ obstáculos;1;0;0;0;0;0;0;0;0;0;1;0;0;0;0
12/11/2019;04:17:00;11;com vítima;86,74;BR-163/MS;Sul;Capotamento;1;0;0;0;0;0;0;0;0;0;2;0;1;0;0
12/11/2019;21:24:00;392;com vítima;43;BR-163/MS;Norte;Tombamento;0;0;0;1;0;1;0;0;0;0;1;1;0;1;0
13/11/2019;12:42:00;241;sem vítima;207,34;BR-163/MS;Norte;Colisão c/ obstáculos;0;0;1;0;0;1;0;0;0;0;2;0;0;0;0
13/11/2019;17:27:00;346;sem vítima;475,5;BR-163/MS;Sul;Colisão lateral no sentido contrário;2;0;0;0;0;0;0;0;0;0;3;0;0;0;0
13/11/2019;18:44:00;367;sem vítima;565,97;BR-163/MS;Norte;Colisão com veículos (traseira);0;0;0;0;0;0;0;0;0;2;4;0;0;0;0
13/11/2019;19:00:00;373;sem vítima;544,547;BR-163/MS;Norte;Colisão lateral no mesmo sentido;1;0;1;0;0;0;0;0;0;0;3;0;0;0;0
14/11/2019;14:11:00;249;sem vítima;600,697;BR-163/MS;Sul;Colisão com veículos (traseira);0;0;0;0;0;0;0;0;0;2;3;0;0;0;0
14/11/2019;20:55:00;386;sem vítima;303,237;BR-163/MS;Norte;Atropelamento de animais;0;0;0;0;0;0;0;0;0;1;2;0;0;0;0
14/11/2019;22:09:00;393;sem vítima;407,294;BR-163/MS;Sul;Atropelamento de animais;1;0;0;0;0;0;0;0;0;0;2;0;0;0;0
16/11/2019;11:21:00;150;com vítima;555,55;BR-163/MS;Norte;Tombamento;0;0;1;0;0;2;0;0;0;0;2;1;0;0;0
16/11/2019;16:18:00;238;sem vítima;144;BR-163/MS;Norte;Saídas de pista;1;0;0;0;0;0;0;0;0;0;2;0;0;0;0
16/11/2019;19:51:00;306;sem vítima;756,24;BR-163/MS;Norte;Atropelamento de animais;0;0;0;0;0;0;0;0;0;1;2;0;0;0;0
17/11/2019;10:44:00;132;com vítima;260,311;BR-163/MS;Norte;Colisão com veículos (traseira);0;0;0;2;0;0;0;0;0;0;1;1;0;0;0
17/11/2019;15:45:00;231;sem vítima;470;BR-163/MS;Norte;Colisão lateral no sentido contrário;0;0;0;1;0;0;0;0;0;1;3;0;0;0;0
17/11/2019;16:59:00;251;com vítima;626,203;BR-163/MS;Sul;Colisão com veículos (traseira);0;0;0;0;0;0;0;0;0;2;0;2;0;0;0
17/11/2019;18:43:00;282;sem vítima;260,117;BR-163/MS;Sul;Colisão c/ obstáculos;1;0;0;0;0;0;0;0;0;0;1;0;0;0;0
17/11/2019;18:49:00;286;com vítima;175,122;BR-163/MS;Sul;Colisão com veículos (traseira);0;0;0;1;0;0;0;0;0;1;1;1;1;0;0
17/11/2019;19:12:00;294;sem vítima;558,556;BR-163/MS;Sul;Tombamento;0;0;1;0;0;0;0;0;0;0;3;0;0;0;0
18/11/2019;10:00:00;147;com vítima;27,674;BR-163/MS;Norte;Tombamento de moto;0;0;0;1;0;0;0;0;0;0;0;1;0;0;0
18/11/2019;19:08:00;332;sem vítima;262,44;BR-163/MS;Norte;Colisão com veículos (traseira);1;0;0;0;0;0;0;0;0;1;2;0;0;0;0
18/11/2019;22:34:00;360;sem vítima;796,52;BR-163/MS;Sul;Atropelamento de animais;0;0;1;0;0;0;0;0;0;0;2;0;0;0;0
19/11/2019;14:13:00;257;sem vítima;434,9;BR-163/MS;Sul;Saídas de pista;1;0;0;0;0;0;0;0;0;0;2;0;0;0;0
19/11/2019;14:43:00;269;sem vítima;648,99;BR-163/MS;Sul;Tombamento;0;0;1;0;0;2;0;0;0;0;3;0;0;0;0
19/11/2019;18:36:00;373;com vítima;21;BR-163/MS;Sul;Colisão com veículos (traseira);1;0;0;0;0;0;0;0;0;1;1;1;0;0;0
20/11/2019;07:17:00;77;sem vítima;526,3;BR-163/MS;Sul;Tombamento;0;0;1;0;0;0;0;0;0;0;1;0;0;0;0
20/11/2019;19:15:00;370;com vítima;258;BR-163/MS;Norte;Atropelamento de pedestre;1;1;0;0;0;0;0;0;0;0;3;1;0;0;0
21/11/2019;05:49:00;53;com vítima;735,802;BR-163/MS;Sul;Tombamento;0;0;1;0;0;1;0;0;0;0;1;1;0;0;0
21/11/2019;17:35:00;351;sem vítima;19,199;BR-163/MS;Norte;Colisão c/ obstáculos;0;0;0;0;0;0;0;0;0;1;1;0;0;0;0
22/11/2019;13:39:00;211;sem vítima;520,442;BR-163/MS;Norte;Tombamento;0;0;1;0;0;0;0;0;0;0;1;0;0;0;0
22/11/2019;16:18:00;277;sem vítima;616,821;BR-163/MS;Norte;Saídas de pista;0;0;1;0;0;1;0;0;0;0;2;0;0;0;0
22/11/2019;21:27:00;361;sem vítima;711,5;BR-163/MS;Norte;Atropelamento de animais;0;0;0;0;0;0;0;0;0;1;1;0;0;0;0
23/11/2019;04:05:00;23;sem vítima;195,739;BR-163/MS;Norte;Capotamento;0;0;1;0;0;2;0;0;0;0;3;0;0;0;0
23/11/2019;05:45:00;34;sem vítima;647,147;BR-163/MS;Sul;Colisão c/ obstáculos;0;0;0;0;0;0;0;0;0;1;3;0;0;0;0
23/11/2019;06:49:00;45;com vítima;364,186;BR-163/MS;Norte;Tombamento de moto;0;0;0;1;0;0;0;0;0;0;1;1;0;0;0
23/11/2019;22:32:00;341;sem vítima;564,541;BR-163/MS;Norte;Saídas de pista;1;0;0;0;0;0;0;0;0;0;1;0;0;0;0
23/11/2019;23:04:00;345;com vítima;774;BR-163/MS;Norte;Tombamento de moto;0;0;0;1;0;0;0;0;0;0;0;0;1;1;0
24/11/2019;03:48:00;20;sem vítima;401,989;BR-163/MS;Norte;Saídas de pista;0;0;1;0;0;2;0;0;0;0;4;0;0;0;0
24/11/2019;07:19:00;60;com vítima;87,907;BR-163/MS;Sul;Capotamento;1;0;0;0;0;0;0;0;0;0;0;1;0;0;0
24/11/2019;07:20:00;61;com vítima;52,303;BR-163/MS;Sul;Colisão com veículos (frontal);2;0;0;0;0;0;0;0;0;0;0;0;3;2;1
24/11/2019;07:28:00;66;com vítima;838,9;BR-163/MS;Norte;Tombamento;0;0;1;0;0;1;0;0;0;0;1;2;0;0;0
24/11/2019;11:05:00;129;com vítima;146,546;BR-163/MS;Norte;Colisão lateral no mesmo sentido;1;0;2;0;0;2;0;0;0;0;4;0;0;1;3
24/11/2019;17:59:00;222;sem vítima;227;BR-163/MS;Norte;Colisão com veículos (traseira);1;0;1;0;0;0;0;0;0;0;3;0;0;0;0
26/11/2019;12:46:00;199;sem vítima;12,75;BR-163/MS;Norte;Saídas de pista;1;0;0;0;0;0;0;0;0;0;1;0;0;0;0
26/11/2019;14:43:00;224;sem vítima;366,525;BR-163/MS;Sul;Colisão com veículos (traseira);2;0;0;0;0;0;0;0;0;0;4;0;0;0;0
26/11/2019;19:25:00;286;sem vítima;726;BR-163/MS;Sul;Colisão lateral no sentido contrário;0;0;1;0;0;0;0;0;0;1;3;0;0;0;0
26/11/2019;20:37:00;302;com vítima;238,546;BR-163/MS;Norte;Colisão c/ obstáculos;0;0;1;0;0;0;0;0;0;0;0;1;0;0;0
26/11/2019;23:05:00;322;com vítima;445;BR-163/MS;Norte;Atropelamento de animais;1;0;0;0;0;0;0;0;0;0;2;2;0;0;0
27/11/2019;12:54:00;185;com vítima;481,357;BR-163/MS;Norte;Colisão c/ obstáculos;1;0;0;0;0;0;0;0;0;0;1;2;0;0;0
27/11/2019;13:58:00;203;sem vítima;364;BR-163/MS;Norte;Tombamento;0;0;1;0;0;1;0;0;0;0;2;0;0;0;0
27/11/2019;21:24:00;315;sem vítima;565;BR-163/MS;Norte;Colisão com veículos (traseira);0;0;2;0;0;2;0;0;0;0;5;0;0;0;0
28/11/2019;01:41:00;7;sem vítima;238,623;BR-163/MS;Norte;Tombamento;0;0;1;0;0;0;0;0;0;0;1;0;0;0;0
29/11/2019;03:32:00;19;com vítima;466,948;BR-163/MS;Sul;Atropelamento de pedestre;0;0;0;0;0;1;0;0;0;0;1;0;0;0;1
29/11/2019;15:21:00;280;com vítima;36,643;BR-163/MS;Norte;Tombamento;0;0;1;0;0;1;0;0;0;0;1;0;1;0;0
29/11/2019;16:53:00;307;sem vítima;523;BR-163/MS;Norte;Outros;1;0;0;0;0;0;0;0;0;0;1;0;0;0;0
29/11/2019;18:06:00;335;sem vítima;260,848;BR-163/MS;Sul;Atropelamento de animais;1;0;0;0;0;0;0;0;0;0;1;0;0;0;0
29/11/2019;19:26:00;358;com vítima;486;BR-163/MS;Norte;Capotamento;0;0;1;0;0;0;0;0;0;1;1;0;0;4;0
30/11/2019;01:40:00;11;sem vítima;650;BR-163/MS;Sul;Colisão c/ obstáculos;1;0;0;0;0;0;0;0;0;0;5;0;0;0;0
30/11/2019;16:01:00;250;sem vítima;136,45;BR-163/MS;Sul;Tombamento;0;0;1;0;0;2;0;0;0;0;5;0;0;0;0
01/10/2019;06:26:00;54;com vítima;674,759;BR-163/MS;Sul;Tombamento;0;0;1;0;0;1;0;0;0;0;1;1;0;0;0
01/10/2019;18:24:00;346;sem vítima;270,38;BR-163/MS;Norte;Tombamento de moto;0;0;0;1;0;0;0;0;0;0;1;0;0;0;0
01/10/2019;19:53:00;369;sem vítima;252,714;BR-163/MS;Sul;Atropelamento de animais;1;0;0;0;0;0;0;0;0;0;3;0;0;0;0
01/10/2019;20:52:00;382;sem vítima;599,414;BR-163/MS;Norte;Tombamento;0;0;1;0;0;1;0;0;0;0;2;0;0;0;0
01/10/2019;22:25:00;401;com vítima;281,82;BR-163/MS;Sul;Colisão com veículos (traseira);0;0;1;1;0;0;0;0;0;0;1;0;1;0;1
02/10/2019;02:04:00;9;com vítima;21,339;BR-163/MS;Norte;Capotamento;0;0;1;0;0;0;0;0;0;0;2;1;0;0;0
02/10/2019;04:33:00;20;sem vítima;436,2;BR-163/MS;Sul;Atropelamento de animais;1;0;0;0;0;0;0;0;0;0;3;0;0;0;0
02/10/2019;06:56:00;48;com vítima;486,544;BR-163/MS;Sul;Colisão lateral no sentido contrário;1;0;0;1;0;0;0;0;0;0;1;2;0;0;0
02/10/2019;08:31:00;104;com vítima;227,14;BR-163/MS;Sul;Tombamento de moto;0;0;0;1;0;0;0;0;0;0;0;1;0;0;0
02/10/2019;12:10:00;200;com vítima;48;BR-163/MS;Norte;Tombamento de moto;0;0;0;1;0;0;0;0;0;0;1;1;0;0;0
02/10/2019;17:12:00;310;com vítima;375,8;BR-163/MS;Sul;Capotamento;1;0;0;0;0;0;0;0;0;0;0;1;0;0;0
02/10/2019;19:27:00;352;com vítima;124;BR-163/MS;Norte;Tombamento de moto;0;0;0;1;0;0;0;0;0;0;0;1;0;0;0
03/10/2019;00:57:00;6;sem vítima;248,524;BR-163/MS;Sul;Saídas de pista;1;0;0;0;0;0;0;0;0;0;2;0;0;0;0
03/10/2019;12:04:00;197;sem vítima;142,405;BR-163/MS;Norte;Colisão com veículos (traseira);0;0;1;0;0;0;0;0;0;1;5;0;0;0;0
03/10/2019;12:14:00;200;sem vítima;348,5;BR-163/MS;Norte;Saídas de pista;1;0;0;0;0;1;0;0;0;0;2;0;0;0;0
03/10/2019;21:50:00;372;sem vítima;452;BR-163/MS;Sul;Atropelamento de animais;1;0;0;0;0;0;0;0;0;0;2;0;0;0;0
03/10/2019;22:41:00;381;sem vítima;552;BR-163/MS;Sul;Atropelamento de animais;0;0;0;0;0;0;0;0;0;1;2;0;0;0;0
04/10/2019;11:14:00;231;com vítima;486,331;BR-163/MS;Norte;Colisão lateral no sentido contrário;0;0;2;0;0;0;0;0;0;0;0;2;0;0;0
04/10/2019;13:00:00;261;sem vítima;35,2;BR-163/MS;Sul;Colisão c/ obstáculos;1;0;0;0;0;0;0;0;0;0;4;0;0;0;0
04/10/2019;13:24:00;270;sem vítima;485,45;BR-163/MS;Norte;Colisão lateral no mesmo sentido;1;0;0;0;0;0;0;0;0;1;2;0;0;0;0
04/10/2019;21:15:00;415;sem vítima;593,759;BR-163/MS;Norte;Atropelamento de animais;1;0;0;0;0;0;0;0;0;0;2;0;0;0;0
05/10/2019;07:16:00;68;sem vítima;28,13;BR-163/MS;Norte;Colisão com veículos (traseira);1;0;0;0;0;0;0;0;0;1;4;0;0;0;0
05/10/2019;13:01:00;212;com vítima;490,593;BR-163/MS;Norte;Tombamento de moto;0;0;0;1;0;0;0;0;0;0;0;1;0;0;0
05/10/2019;13:15:00;219;com vítima;605,312;BR-163/MS;Norte;Colisão lateral no mesmo sentido;2;0;0;0;0;0;0;0;0;0;3;2;0;0;0
05/10/2019;21:22:00;348;com vítima;101;BR-163/MS;Sul;Tombamento de moto;0;0;0;1;0;1;0;0;0;0;1;1;0;0;0
05/10/2019;21:56:00;353;com vítima;127;BR-163/MS;Norte;Tombamento de moto;0;0;0;1;0;0;0;0;0;0;0;1;0;0;0
06/10/2019;01:45:00;7;com vítima;373;BR-163/MS;Norte;Atropelamento de animais;1;0;0;0;0;0;0;0;0;0;2;1;0;0;0
06/10/2019;11:10:00;153;sem vítima;570,1;BR-163/MS;Norte;Tombamento;0;0;1;0;0;0;0;0;0;0;1;0;0;0;0
06/10/2019;11:40:00;161;com vítima;508,5;BR-163/MS;Norte;Colisão c/ obstáculos;0;0;0;0;0;0;0;0;0;1;0;1;0;0;0
06/10/2019;12:34:00;173;com vítima;466,299;BR-163/MS;Norte;Tombamento;0;0;1;0;0;1;0;0;0;0;1;1;0;0;0
06/10/2019;18:25:00;265;com vítima;54,707;BR-163/MS;Norte;Atropelamento de pedestre;0;1;0;0;0;0;0;0;0;1;2;0;0;1;0
06/10/2019;19:17:00;280;sem vítima;344,986;BR-163/MS;Sul;Capotamento;1;0;0;0;0;1;0;0;0;0;2;0;0;0;0
06/10/2019;22:03:00;300;com vítima;259,666;BR-163/MS;Sul;Colisão com veículos (traseira);1;0;0;1;0;0;0;0;0;0;1;0;1;1;0
07/10/2019;07:38:00;65;com vítima;482,76;BR-163/MS;Sul;Tombamento de moto;0;0;0;1;0;0;0;0;0;0;0;0;1;0;0
07/10/2019;15:45:00;243;com vítima;48,796;BR-163/MS;Norte;Colisão lateral no sentido contrário;2;0;3;0;0;2;0;0;0;0;4;9;0;1;0
07/10/2019;18:03:00;262;sem vítima;74,6;BR-163/MS;Norte;Tombamento de moto;0;0;0;1;0;0;0;0;0;0;1;0;0;0;0
08/10/2019;17:57:00;317;com vítima;565,43;BR-163/MS;Sul;Colisão com veículos (frontal);0;0;2;0;0;1;0;0;0;1;2;2;0;0;0
08/10/2019;18:07:00;320;com vítima;681;BR-163/MS;Norte;Colisão lateral no sentido contrário;0;0;0;2;0;0;0;0;0;0;1;1;0;0;0
09/10/2019;13:52:00;219;com vítima;481,706;BR-163/MS;Norte;Colisão lateral no mesmo sentido;1;0;0;1;0;0;0;0;0;0;1;1;0;0;0
09/10/2019;22:40:00;360;sem vítima;220,173;BR-163/MS;Norte;Atropelamento de animais;0;0;0;0;0;0;0;0;0;1;1;0;0;0;0
10/10/2019;01:49:00;12;sem vítima;568;BR-163/MS;Norte;Atropelamento de animais;0;0;0;0;0;0;0;0;0;1;4;0;0;0;0
10/10/2019;17:38:00;355;sem vítima;505,689;BR-163/MS;Sul;Colisão c/ obstáculos;1;0;0;0;0;0;0;0;0;0;6;0;0;0;0
10/10/2019;23:17:00;427;com vítima;486,335;BR-163/MS;Norte;Colisão lateral no mesmo sentido;0;0;0;1;0;1;0;0;0;0;1;1;0;0;0
20/10/2019;21:42:00;333;sem vítima;251,459;BR-163/MS;Norte;Colisão lateral no mesmo sentido;0;0;0;0;0;1;0;0;0;1;4;0;0;0;0
20/10/2019;22:59:00;341;com vítima;452,289;BR-163/MS;Norte;Colisão c/ obstáculos;1;0;0;0;0;0;0;0;0;0;2;2;0;0;0
11/10/2019;09:49:00;136;com vítima;262,673;BR-163/MS;Sul;Capotamento;1;0;0;0;0;0;0;0;0;0;0;1;0;0;0
11/10/2019;21:05:00;399;sem vítima;188,787;BR-163/MS;Sul;Atropelamento de animais;1;0;0;0;0;0;0;0;0;0;4;0;0;0;0
12/10/2019;11:33:00;160;com vítima;126,118;BR-163/MS;Norte;Colisão lateral no sentido contrário;1;1;0;0;0;0;0;0;0;0;2;1;0;0;0
12/10/2019;20:24:00;331;com vítima;832,723;BR-163/MS;Sul;Saídas de pista;1;0;0;0;0;0;0;0;0;0;0;1;0;0;0
12/10/2019;20:36:00;333;sem vítima;171,334;BR-163/MS;Norte;Colisão com veículos (traseira);0;0;2;0;0;3;0;0;0;0;6;0;0;0;0
12/10/2019;23:34:00;366;sem vítima;519,736;BR-163/MS;Norte;Atropelamento de animais;1;0;0;0;0;0;0;0;0;0;3;0;0;0;0
13/10/2019;10:26:00;122;com vítima;64;BR-163/MS;Sul;Capotamento;1;0;0;0;0;0;0;0;0;0;0;1;0;0;0
13/10/2019;10:50:00;125;sem vítima;331;BR-163/MS;Norte;Capotamento;1;0;0;0;0;0;0;0;0;0;2;0;0;0;0
13/10/2019;17:07:00;285;sem vítima;677,166;BR-163/MS;Norte;Colisão c/ obstáculos;1;0;0;0;0;0;0;0;0;0;3;0;0;0;0
13/10/2019;18:57:00;316;sem vítima;630;BR-163/MS;Norte;Atropelamento de animais;2;0;0;0;0;0;0;0;0;0;6;0;0;0;0
13/10/2019;18:59:00;318;com vítima;189,289;BR-163/MS;Norte;Colisão com veículos (frontal);2;0;0;0;0;0;0;0;0;0;4;2;0;0;0
13/10/2019;19:08:00;320;sem vítima;573,3;BR-163/MS;Norte;Tombamento de moto;0;0;1;1;0;0;0;0;0;0;1;0;0;0;0
14/10/2019;15:31:00;298;com vítima;492,829;BR-163/MS;Norte;Saídas de pista;2;0;0;0;0;1;0;0;0;0;5;1;0;0;0
14/10/2019;17:02:00;327;sem vítima;636,755;BR-163/MS;Sul;Colisão c/ obstáculos;1;0;0;0;0;0;0;0;0;0;1;0;0;0;0
14/10/2019;22:40:00;427;sem vítima;232;BR-163/MS;Norte;Atropelamento de animais;1;0;0;0;0;0;0;0;0;0;2;0;0;0;0
15/10/2019;15:18:00;304;com vítima;477,8;BR-163/MS;Sul;Tombamento de moto;0;0;0;1;0;0;0;0;0;0;0;1;0;0;0
15/10/2019;21:01:00;402;sem vítima;659,465;BR-163/MS;Norte;Atropelamento de animais;1;0;0;0;0;0;0;0;0;0;1;0;0;0;0
16/10/2019;00:38:00;4;sem vítima;677,824;BR-163/MS;Sul;Atropelamento de animais;1;0;0;0;0;0;0;0;0;0;1;0;0;0;0
16/10/2019;07:19:00;72;com vítima;371,908;BR-163/MS;Sul;Tombamento de moto;0;0;0;1;0;0;0;0;0;0;0;1;0;0;0
16/10/2019;07:22:00;73;com vítima;485;BR-163/MS;Sul;Tombamento de moto;1;0;0;1;0;0;0;0;0;0;1;1;0;0;0
16/10/2019;08:35:00;124;com vítima;274,956;BR-163/MS;Norte;Capotamento;1;0;0;0;0;0;0;0;0;0;0;1;0;0;0
16/10/2019;12:15:00;216;com vítima;135,128;BR-163/MS;Norte;Colisão com veículos (frontal);1;0;1;0;0;0;0;0;0;0;1;0;0;1;0
16/10/2019;15:01:00;276;sem vítima;133,872;BR-163/MS;Sul;Colisão c/ obstáculos;1;0;0;0;0;0;0;0;0;0;3;0;0;0;0
16/10/2019;15:26:00;288;sem vítima;255,97;BR-163/MS;Sul;Colisão lateral no sentido contrário;1;0;0;0;0;0;0;0;0;1;4;0;0;0;0
16/10/2019;15:29:00;289;sem vítima;559,86;BR-163/MS;Sul;Colisão lateral no mesmo sentido;1;0;1;0;0;1;0;0;0;0;7;0;0;0;0
16/10/2019;20:10:00;370;sem vítima;482;BR-163/MS;Sul;Colisão com veículos (traseira);1;0;0;0;0;1;0;0;0;0;2;0;0;0;0
16/10/2019;20:25:00;372;com vítima;558,31;BR-163/MS;Norte;Atropelamento de pedestre;0;0;1;0;0;0;0;0;0;0;1;0;0;1;0
17/10/2019;04:24:00;28;com vítima;611,743;BR-163/MS;Sul;Colisão com veículos (traseira);0;0;1;1;0;0;0;0;0;0;1;0;1;0;0
17/10/2019;09:07:00;129;com vítima;265,314;BR-163/MS;Sul;Atropelamento de pedestre;1;0;0;0;0;0;0;0;0;0;1;1;0;0;0
17/10/2019;20:32:00;395;sem vítima;748;BR-163/MS;Sul;Atropelamento de animais;1;0;0;0;0;0;0;0;0;0;2;0;0;0;0
18/10/2019;19:12:00;445;sem vítima;170,719;BR-163/MS;Sul;Colisão lateral no mesmo sentido;1;0;1;0;0;0;0;0;0;0;2;0;0;0;0
18/10/2019;21:08:00;463;com vítima;676;BR-163/MS;Sul;Capotamento;1;0;0;0;0;0;0;0;0;0;0;8;0;0;0
18/10/2019;22:57:00;480;com vítima;47,728;BR-163/MS;Norte;Atropelamento de pedestre;0;1;1;0;0;0;0;0;0;0;1;0;0;1;0
19/10/2019;04:49:00;33;sem vítima;636,7;BR-163/MS;Norte;Tombamento;0;0;1;0;0;2;0;0;0;0;3;0;0;0;0
19/10/2019;14:34:00;260;com vítima;490,543;BR-163/MS;Sul;Colisão lateral no sentido contrário;1;0;0;1;0;0;0;0;0;0;1;1;0;0;0
20/10/2019;05:05:00;17;com vítima;239;BR-163/MS;Sul;Colisão com veículos (traseira);2;0;0;0;0;0;0;0;0;0;2;1;0;0;0
20/10/2019;11:52:00;163;sem vítima;470,599;BR-163/MS;Norte;Colisão com veículos (traseira);1;0;1;0;0;1;0;0;0;0;3;0;0;0;0
20/10/2019;18:58:00;304;com vítima;260,9;BR-163/MS;Norte;Colisão com veículos (traseira);3;0;0;1;0;1;0;0;0;0;7;0;0;1;0
20/10/2019;19:23:00;309;com vítima;259,799;BR-163/MS;Norte;Colisão com veículos (traseira);2;0;0;0;0;0;0;0;0;0;0;5;0;0;0
20/10/2019;20:41:00;323;com vítima;484,378;BR-163/MS;Norte;Colisão lateral no sentido contrário;0;0;0;1;0;1;0;0;0;0;1;1;0;0;0
20/10/2019;21:09:00;328;sem vítima;87,948;BR-163/MS;Sul;Atropelamento de animais;1;0;0;0;0;0;0;0;0;0;4;0;0;0;0
21/10/2019;07:23:00;64;com vítima;94,75;BR-163/MS;Sul;Colisão lateral no mesmo sentido;1;0;1;0;0;2;0;0;0;0;4;1;0;0;0
21/10/2019;15:54:00;260;sem vítima;19,127;BR-163/MS;Norte;Engavetamento;3;0;0;0;0;0;0;0;0;0;5;0;0;0;0
22/10/2019;01:21:00;12;sem vítima;844;BR-163/MS;Norte;Saídas de pista;1;0;0;0;0;0;0;0;0;0;1;0;0;0;0
22/10/2019;07:15:00;81;com vítima;478,687;BR-163/MS;Norte;Tombamento de moto;0;0;0;1;0;0;0;0;0;0;0;0;1;0;0
22/10/2019;16:04:00;326;sem vítima;483,4;BR-163/MS;Sul;Colisão lateral no sentido contrário;1;0;0;0;0;0;0;0;0;1;6;0;0;0;0
22/10/2019;21:20:00;393;sem vítima;276,283;BR-163/MS;Norte;Saídas de pista;1;0;0;0;0;0;0;0;0;0;1;0;0;0;0
23/10/2019;11:34:00;211;sem vítima;13,9;BR-163/MS;Norte;Saídas de pista;1;0;0;0;0;0;0;0;0;0;1;0;0;0;0
23/10/2019;18:59:00;381;sem vítima;32,9;BR-163/MS;Sul;Atropelamento de animais;0;0;1;0;0;0;0;0;0;0;1;0;0;0;0
24/10/2019;00:47:00;10;sem vítima;514,681;BR-163/MS;Norte;Atropelamento de animais;1;0;0;0;0;0;0;0;0;0;2;0;0;0;0
24/10/2019;13:13:00;263;sem vítima;801,173;BR-163/MS;Norte;Saídas de pista;0;0;1;0;0;0;0;0;0;0;1;0;0;0;0
25/10/2019;17:16:00;370;com vítima;670,723;BR-163/MS;Sul;Colisão lateral no sentido contrário;1;0;0;0;0;0;0;0;0;1;1;1;1;0;0
26/10/2019;15:13:00;270;com vítima;816,497;BR-163/MS;Norte;Capotamento;1;0;0;0;0;0;0;0;0;0;0;2;0;0;0
26/10/2019;16:17:00;296;com vítima;814,474;BR-163/MS;Norte;Capotamento;1;0;0;0;0;0;0;0;0;0;0;0;1;0;0
26/10/2019;18:29:00;356;com vítima;322,13;BR-163/MS;Norte;Atropelamento de pedestre;1;0;0;0;0;0;0;0;0;0;1;1;0;0;0
26/10/2019;20:26:00;386;com vítima;457;BR-163/MS;Sul;Colisão lateral no sentido contrário;0;0;0;2;0;0;0;0;0;0;0;0;1;1;0
26/10/2019;20:31:00;389;sem vítima;397,42;BR-163/MS;Sul;Colisão c/ obstáculos;0;0;0;0;0;0;0;0;0;1;3;0;0;0;0
26/10/2019;22:18:00;403;sem vítima;262,21;BR-163/MS;Sul;Colisão c/ obstáculos;1;0;0;0;0;0;0;0;0;0;3;0;0;0;0
27/10/2019;00:21:00;4;sem vítima;524,132;BR-163/MS;Norte;Atropelamento de animais;0;0;1;0;0;0;0;0;0;0;1;0;0;0;0
27/10/2019;01:24:00;11;sem vítima;325;BR-163/MS;Sul;Saídas de pista;1;0;0;0;0;0;0;0;0;0;1;0;0;0;0
27/10/2019;11:54:00;171;sem vítima;75,759;BR-163/MS;Norte;Colisão c/ obstáculos;1;0;0;0;0;0;0;0;0;0;1;0;0;0;0
28/10/2019;08:12:00;90;sem vítima;466,248;BR-163/MS;Norte;Colisão lateral no sentido contrário;1;0;1;0;0;1;0;0;0;0;3;0;0;0;0
29/10/2019;19:07:00;401;com vítima;462,3;BR-163/MS;Sul;Atropelamento de pedestre;0;0;0;0;0;0;0;0;0;1;1;0;0;0;1
30/10/2019;15:25:00;303;com vítima;707,562;BR-163/MS;Sul;Colisão com veículos (traseira);0;0;2;0;0;4;0;0;0;0;5;1;0;0;0
31/10/2019;14:31:00;272;sem vítima;357,841;BR-163/MS;Norte;Saídas de pista;0;0;1;0;0;0;0;0;0;0;3;0;0;0;0
01/12/2019;20:06:00;264;com vítima;365,509;BR-163/MS;Norte;Tombamento de moto;0;0;0;1;0;0;0;0;0;0;0;1;0;0;0
01/12/2019;20:44:00;275;com vítima;213,531;BR-163/MS;Norte;Colisão com veículos (traseira);1;0;0;0;0;0;0;0;0;1;1;3;3;0;0
02/12/2019;08:08:00;72;sem vítima;466,458;BR-163/MS;Sul;Colisão com veículos (traseira);2;0;0;0;0;1;0;0;0;0;4;0;0;0;0
02/12/2019;11:37:00;170;sem vítima;666,104;BR-163/MS;Norte;Tombamento;0;0;1;0;0;1;0;0;0;0;2;0;0;0;0
02/12/2019;14:28:00;222;sem vítima;551,95;BR-163/MS;Norte;Saídas de pista;1;0;0;0;0;0;0;0;0;0;2;0;0;0;0
02/12/2019;20:15:00;341;com vítima;682,252;BR-163/MS;Sul;Tombamento;0;0;0;1;0;0;0;0;0;0;0;1;0;0;0
02/12/2019;22:53:00;360;sem vítima;466,629;BR-163/MS;Sul;Tombamento;0;0;1;0;0;3;0;0;0;0;4;0;0;0;0
03/12/2019;03:14:00;15;com vítima;783;BR-163/MS;Norte;Saídas de pista;1;0;0;0;0;0;0;0;0;0;0;2;0;0;0