data;horario;n_da_ocorrencia;tipo_de_ocorrencia;km;trecho;sentido;tipo_de_acidente;automovel;bicicleta;caminhao;moto;onibus;outros;tracao_animal;transporte_de_cargas_especiais;trator_maquinas;utilitarios;ilesos;levemente_feridos;moderadamente_feridos;gravemente_feridos;mortos
29/01/2020;07:02:00;44;com vítima;260;BR-163/MS;Norte;Tombamento de moto;0;0;0;2;0;0;0;0;0;0;1;1;0;0;0
29/01/2020;09:48:00;138;sem vítima;259;BR-163/MS;Sul;Colisão c/ obstáculos;1;0;0;0;0;0;0;0;0;0;1;0;0;0;0
30/01/2020;09:35:00;156;sem vítima;237,919;BR-163/MS;Sul;Tombamento;0;0;1;0;0;2;0;0;0;0;3;0;0;0;0
30/01/2020;10:14:00;180;sem vítima;166;BR-163/MS;Norte;Colisão c/ obstáculos;1;0;0;0;0;0;0;0;0;0;2;0;0;0;0
30/01/2020;11:29:00;204;sem vítima;267,337;BR-163/MS;Norte;Saídas de pista;1;0;0;0;0;0;0;0;0;0;1;0;0;0;0
30/01/2020;13:08:00;228;com vítima;484;BR-163/MS;Norte;Colisão lateral no sentido contrário;0;0;1;0;0;0;0;0;0;1;1;1;0;0;0
30/01/2020;14:59:00;259;com vítima;475;BR-163/MS;Norte;Tombamento de moto;0;0;0;1;0;0;0;0;0;0;0;1;0;0;0
30/01/2020;17:31:00;311;sem vítima;558,32;BR-163/MS;Norte;Capotamento;1;0;0;0;0;0;0;0;0;0;1;0;0;0;0
30/01/2020;21:04:00;358;sem vítima;359,539;BR-163/MS;Norte;Atropelamento de animais;1;0;0;0;0;0;0;0;0;0;2;0;0;0;0
31/01/2020;09:13:00;137;sem vítima;40;BR-163/MS;Norte;Colisão c/ obstáculos;1;0;0;0;0;0;0;0;0;0;2;0;0;0;0
31/01/2020;09:24:00;145;com vítima;534,469;BR-163/MS;Norte;Tombamento de moto;0;0;0;1;0;0;0;0;0;0;0;1;0;0;0
01/02/2020;22:30:00;348;com vítima;520,181;BR-163/MS;Norte;Tombamento de moto;0;0;0;1;0;0;0;0;0;0;0;0;1;0;0
01/02/2020;23:36:00;359;sem vítima;249,776;BR-163/MS;Norte;Colisão c/ obstáculos;1;0;0;0;0;0;0;0;0;0;1;0;0;0;0
02/02/2020;11:02:00;155;com vítima;475,794;BR-163/MS;Norte;Colisão lateral no mesmo sentido;0;0;0;1;0;0;0;0;0;1;2;1;0;0;0
02/02/2020;19:51:00;301;sem vítima;187,759;BR-163/MS;Norte;Colisão c/ obstáculos;1;0;0;0;0;0;0;0;0;0;1;0;0;0;0
02/02/2020;22:39:00;327;sem vítima;433;BR-163/MS;Norte;Saídas de pista;1;0;0;0;0;0;0;0;0;0;3;0;0;0;0
03/02/2020;14:23:00;241;sem vítima;477;BR-163/MS;Norte;Saídas de pista;1;0;0;0;0;1;0;0;0;0;2;0;0;0;0
03/02/2020;14:43:00;246;com vítima;267,816;BR-163/MS;Norte;Colisão c/ obstáculos;0;0;0;1;0;0;0;0;0;0;0;1;0;0;0
04/02/2020;07:47:00;83;com vítima;309,548;BR-163/MS;Sul;Saídas de pista;1;0;0;0;0;0;0;0;0;0;0;1;0;0;0
04/02/2020;23:09:00;394;sem vítima;96;BR-163/MS;Sul;Colisão c/ obstáculos;1;0;0;0;0;0;0;0;0;0;1;0;0;0;0
05/02/2020;01:26:00;4;sem vítima;496,713;BR-163/MS;Sul;Colisão c/ obstáculos;1;0;0;0;0;0;0;0;0;0;1;0;0;0;0
05/02/2020;07:53:00;78;sem vítima;819,683;BR-163/MS;Sul;Colisão com veículos (traseira);0;0;0;0;0;1;0;0;0;1;2;0;0;0;0
05/02/2020;09:33:00;143;sem vítima;508;BR-163/MS;Norte;Colisão com veículos (traseira);1;0;0;0;0;1;0;0;0;0;3;0;0;0;0
05/02/2020;13:51:00;226;sem vítima;96;BR-163/MS;Sul;Capotamento;0;0;0;0;0;0;0;0;0;1;1;0;0;0;0
05/02/2020;20:55:00;367;sem vítima;216;BR-163/MS;Sul;Colisão c/ obstáculos;0;0;0;0;0;0;0;0;0;1;5;0;0;0;0
06/02/2020;07:16:00;64;com vítima;77;BR-163/MS;Norte;Tombamento de moto;0;0;0;1;0;0;0;0;0;0;0;1;0;0;0
07/02/2020;06:09:00;37;sem vítima;339,5;BR-163/MS;Norte;Colisão com veículos (frontal);1;0;0;0;0;0;0;0;0;1;3;0;0;0;0
07/02/2020;13:28:00;234;com vítima;92,851;BR-163/MS;Norte;Capotamento;1;0;1;0;0;0;0;0;0;0;1;2;0;0;0
07/02/2020;14:01:00;244;sem vítima;244,922;BR-163/MS;Norte;Capotamento;1;0;0;0;0;0;0;0;0;0;1;0;0;0;0
07/02/2020;14:56:00;263;sem vítima;45,59;BR-163/MS;Sul;Capotamento;1;0;0;0;0;0;0;0;0;0;1;0;0;0;0
08/02/2020;16:29:00;281;sem vítima;283,973;BR-163/MS;Norte;Capotamento;0;0;0;0;0;0;0;0;0;1;1;0;0;0;0
08/02/2020;21:00:00;356;sem vítima;485,515;BR-163/MS;Sul;Engavetamento;2;0;0;0;0;1;0;0;0;0;4;0;0;0;0
08/02/2020;22:00:00;364;com vítima;486,147;BR-163/MS;Sul;Atropelamento de pedestre;0;0;0;1;0;0;0;0;0;0;0;2;0;0;0
09/02/2020;02:34:00;17;sem vítima;454;BR-163/MS;Norte;Atropelamento de animais;1;0;0;0;0;0;0;0;0;0;1;0;0;0;0
09/02/2020;18:56:00;356;sem vítima;209;BR-163/MS;Norte;Saídas de pista;1;0;0;0;0;0;0;0;0;0;1;0;0;0;0
10/02/2020;00:32:00;5;sem vítima;747,663;BR-163/MS;Norte;Atropelamento de animais;1;0;0;0;0;0;0;0;0;0;1;0;0;0;0
10/02/2020;07:12:00;69;sem vítima;481;BR-163/MS;Norte;Colisão c/ obstáculos;1;0;0;0;0;0;0;0;0;0;1;0;0;0;0
10/02/2020;14:38:00;259;sem vítima;495;BR-163/MS;Norte;Saídas de pista;0;0;0;0;0;0;0;0;0;1;1;0;0;0;0
10/02/2020;19:45:00;363;com vítima;458;BR-163/MS;Norte;Colisão com veículos (traseira);0;0;0;1;0;1;0;0;0;0;1;2;0;0;0
10/02/2020;20:02:00;367;sem vítima;174,267;BR-163/MS;Sul;Saídas de pista;1;0;0;0;0;0;0;0;0;0;1;0;0;0;0
12/02/2020;08:13:00;90;com vítima;487,498;BR-163/MS;Norte;Tombamento de moto;0;0;0;1;0;0;0;0;0;0;0;2;0;0;0
12/02/2020;23:20:00;385;sem vítima;164,325;BR-163/MS;Sul;Saídas de pista;0;0;0;0;0;0;0;0;0;1;1;0;0;0;0
13/02/2020;02:17:00;17;sem vítima;333,539;BR-163/MS;Norte;Atropelamento de animais;1;0;0;0;0;0;0;0;0;0;2;0;0;0;0
13/02/2020;02:33:00;21;sem vítima;157,521;BR-163/MS;Sul;Atropelamento de animais;1;0;0;0;0;0;0;0;0;0;2;0;0;0;0
13/02/2020;04:12:00;30;sem vítima;52,546;BR-163/MS;Norte;Tombamento;1;0;0;0;0;0;0;0;0;0;1;0;0;0;0
13/02/2020;19:48:00;373;com vítima;262,391;BR-163/MS;Norte;Atropelamento de pedestre;0;1;0;0;0;0;0;0;0;1;1;0;1;0;0
13/02/2020;20:59:00;390;com vítima;564;BR-163/MS;Sul;Saídas de pista;0;0;0;0;0;0;0;0;0;1;1;2;0;0;0
14/02/2020;04:14:00;21;sem vítima;376,786;BR-163/MS;Norte;Atropelamento de animais;1;0;0;0;0;0;0;0;0;0;2;0;0;0;0
14/02/2020;06:47:00;59;com vítima;479;BR-163/MS;Norte;Colisão lateral no sentido contrário;1;0;0;1;0;0;0;0;0;0;2;1;0;0;0
14/02/2020;10:09:00;190;sem vítima;502,97;BR-163/MS;Norte;Colisão c/ obstáculos;1;0;0;0;0;0;0;0;0;0;2;0;0;0;0
14/02/2020;15:28:00;311;sem vítima;491;BR-163/MS;Norte;Colisão com veículos (traseira);1;0;0;0;0;0;0;0;0;1;5;0;0;0;0
14/02/2020;16:39:00;342;sem vítima;630,897;BR-163/MS;Norte;Colisão c/ obstáculos;0;0;0;0;0;0;0;0;0;1;2;0;0;0;0
14/02/2020;16:50:00;350;sem vítima;550;BR-163/MS;Norte;Colisão lateral no mesmo sentido;0;0;0;0;0;0;0;0;0;2;2;0;0;0;0
15/02/2020;02:26:00;10;sem vítima;491,817;BR-163/MS;Norte;Colisão c/ obstáculos;1;0;0;0;0;0;0;0;0;0;1;0;0;0;0
15/02/2020;03:11:00;15;sem vítima;248,412;BR-163/MS;Norte;Colisão c/ obstáculos;1;0;0;0;0;0;0;0;0;0;1;0;0;0;0
15/02/2020;03:42:00;20;com vítima;9,76;BR-163/MS;Norte;Capotamento;1;0;0;0;0;0;0;0;0;0;0;0;1;0;0
15/02/2020;04:58:00;28;sem vítima;34,846;BR-163/MS;Sul;Colisão lateral no mesmo sentido;2;0;0;0;0;0;0;0;0;0;5;0;0;0;0
15/02/2020;10:59:00;152;sem vítima;266;BR-163/MS;Norte;Colisão com veículos (traseira);2;0;0;0;0;0;0;0;0;0;2;0;0;0;0
15/02/2020;20:35:00;356;com vítima;610;BR-163/MS;Sul;Atropelamento de animais;0;0;0;1;0;0;0;0;0;0;0;1;0;0;0
15/02/2020;21:18:00;366;sem vítima;282;BR-163/MS;Norte;Colisão lateral no mesmo sentido;1;0;0;0;0;3;0;0;0;0;5;0;0;0;0
16/02/2020;00:51:00;4;com vítima;611,55;BR-163/MS;Norte;Atropelamento de animais;0;0;0;1;0;0;0;0;0;0;0;2;0;0;0
16/02/2020;10:48:00;152;com vítima;721;BR-163/MS;Norte;Tombamento de moto;0;0;0;1;0;0;0;0;0;0;1;0;0;1;0
16/02/2020;14:06:00;215;com vítima;470,272;BR-163/MS;Norte;Tombamento de moto;0;0;0;1;0;0;0;0;0;0;0;1;0;0;0
16/02/2020;16:51:00;272;sem vítima;575;BR-163/MS;Norte;Colisão lateral no mesmo sentido;1;0;1;0;0;0;0;0;0;0;4;0;0;0;0
16/02/2020;17:54:00;301;sem vítima;484,409;BR-163/MS;Norte;Colisão lateral no sentido contrário;0;0;0;0;0;0;0;0;0;2;3;0;0;0;0
17/02/2020;11:54:00;169;sem vítima;90,78;BR-163/MS;Sul;Saídas de pista;0;0;1;0;0;0;0;0;0;0;2;0;0;0;0
17/02/2020;19:37:00;310;sem vítima;280;BR-163/MS;Sul;Colisão c/ obstáculos;0;0;0;0;0;0;0;0;0;1;2;0;0;0;0
17/02/2020;19:46:00;314;com vítima;519,582;BR-163/MS;Norte;Capotamento;2;0;0;0;0;0;0;0;0;0;3;2;1;0;0
17/02/2020;21:01:00;325;sem vítima;610,119;BR-163/MS;Norte;Atropelamento de animais;0;0;0;0;0;0;0;0;0;1;2;0;0;0;0
18/02/2020;04:34:00;22;com vítima;453,302;BR-163/MS;Sul;Colisão lateral no mesmo sentido;1;0;1;0;0;1;0;0;0;1;8;2;0;0;0
18/02/2020;08:32:00;106;com vítima;829,908;BR-163/MS;Norte;Capotamento;0;0;0;0;0;1;0;0;0;1;1;1;0;1;0
18/02/2020;11:27:00;181;com vítima;840,488;BR-163/MS;Norte;Colisão lateral no mesmo sentido;1;0;1;0;0;1;0;0;0;0;5;0;1;0;0
18/02/2020;14:14:00;221;sem vítima;288,104;BR-163/MS;Norte;Colisão com veículos (traseira);1;0;0;0;0;0;0;0;0;1;4;0;0;0;0
18/02/2020;17:24:00;276;sem vítima;603,354;BR-163/MS;Norte;Colisão c/ obstáculos;0;0;1;0;0;1;0;0;0;0;2;0;0;0;0
19/02/2020;00:18:00;3;com vítima;180,759;BR-163/MS;Norte;Tombamento de moto;0;0;0;1;0;0;0;0;0;0;0;1;0;0;0
19/02/2020;05:20:00;33;sem vítima;248,477;BR-163/MS;Sul;Colisão c/ obstáculos;0;0;0;0;0;0;0;0;0;1;2;0;0;0;0
19/02/2020;06:59:00;59;com vítima;39,1;BR-163/MS;Sul;Colisão lateral no mesmo sentido;0;1;0;1;0;0;0;0;0;0;1;0;1;0;0
19/02/2020;10:05:00;164;com vítima;221;BR-163/MS;Norte;Tombamento;0;0;1;0;0;1;0;0;0;1;3;0;0;1;0
19/02/2020;11:32:00;206;com vítima;81;BR-163/MS;Sul;Tombamento de moto;0;0;1;1;0;0;0;0;0;0;1;0;1;0;0
19/02/2020;13:38:00;245;com vítima;371,137;BR-163/MS;Norte;Capotamento;1;0;0;0;0;0;0;0;0;0;0;1;0;0;0
20/02/2020;23:18:00;368;sem vítima;461,142;BR-163/MS;Norte;Atropelamento de animais;1;0;0;0;0;0;0;0;0;0;5;0;0;0;0
21/02/2020;03:59:00;21;sem vítima;40,426;BR-163/MS;Sul;Tombamento;0;0;1;0;0;0;0;0;0;0;1;0;0;0;0
21/02/2020;04:35:00;24;com vítima;506,856;BR-163/MS;Norte;Capotamento;1;0;0;0;0;0;0;0;0;0;0;0;1;0;0
21/02/2020;14:21:00;239;sem vítima;19,688;BR-163/MS;Norte;Colisão com veículos (traseira);2;0;0;0;0;0;0;0;0;0;3;0;0;0;0
21/02/2020;18:36:00;319;sem vítima;387,142;BR-163/MS;Norte;Saídas de pista;1;0;0;0;0;0;0;0;0;0;4;0;0;0;0
21/02/2020;20:22:00;349;com vítima;776,8;BR-163/MS;Norte;Capotamento;1;0;0;0;0;0;0;0;0;0;0;1;1;0;0
22/02/2020;01:28:00;12;sem vítima;540;BR-163/MS;Norte;Atropelamento de animais;1;0;0;0;0;0;0;0;0;0;2;0;0;0;0
22/02/2020;11:32:00;183;com vítima;673,695;BR-163/MS;Sul;Colisão c/ obstáculos;1;0;0;0;0;0;0;0;0;0;2;2;0;0;0
22/02/2020;17:47:00;296;com vítima;6;BR-163/MS;Norte;Tombamento de moto;0;0;0;1;0;0;0;0;0;0;0;1;1;0;0
22/02/2020;19:06:00;318;sem vítima;451,405;BR-163/MS;Sul;Atropelamento de animais;1;0;0;0;0;0;0;0;0;0;2;0;0;0;0
23/02/2020;05:02:00;27;sem vítima;838,448;BR-163/MS;Sul;Saídas de pista;0;0;0;0;0;0;0;0;0;1;1;0;0;0;0
23/02/2020;07:24:00;56;sem vítima;659,501;BR-163/MS;Norte;Colisão c/ obstáculos;0;0;0;0;0;0;0;0;0;1;1;0;0;0;0
23/02/2020;14:25:00;181;sem vítima;807,494;BR-163/MS;Sul;Capotamento;0;0;0;0;0;0;0;0;0;1;5;0;0;0;0
23/02/2020;17:46:00;254;sem vítima;735,974;BR-163/MS;Norte;Tombamento;0;0;1;0;0;2;0;0;0;0;3;0;0;0;0
23/02/2020;22:34:00;306;sem vítima;440,914;BR-163/MS;Norte;Atropelamento de animais;0;0;0;0;0;0;0;0;0;1;1;0;0;0;0
24/02/2020;03:15:00;20;sem vítima;442,6;BR-163/MS;Sul;Atropelamento de animais;1;0;0;0;0;0;0;0;0;0;2;0;0;0;0
24/02/2020;03:43:00;21;sem vítima;442,562;BR-163/MS;Sul;Atropelamento de animais;0;0;0;0;0;0;0;0;0;1;2;0;0;0;0
24/02/2020;13:02:00;217;com vítima;263,9;BR-163/MS;Sul;Colisão com veículos (traseira);0;1;0;0;0;0;0;0;0;1;1;0;1;0;0
24/02/2020;13:52:00;227;sem vítima;263,965;BR-163/MS;Norte;Colisão com veículos (traseira);1;0;1;0;0;0;0;0;0;0;2;0;0;0;0
24/02/2020;18:05:00;330;sem vítima;542,873;BR-163/MS;Sul;Saídas de pista;1;0;0;0;0;0;0;0;0;0;2;0;0;0;0
24/02/2020;18:59:00;348;com vítima;24,66;BR-163/MS;Norte;Tombamento de moto;0;0;2;1;0;3;0;0;0;0;5;0;1;0;1
25/02/2020;04:01:00;13;sem vítima;181,969;BR-163/MS;Sul;Saídas de pista;0;0;0;0;0;0;0;0;0;1;1;0;0;0;0
25/02/2020;05:08:00;17;com vítima;18,543;BR-163/MS;Norte;Atropelamento de pedestre;0;0;0;0;0;0;0;0;0;1;1;1;0;0;0
25/02/2020;16:42:00;271;sem vítima;609;BR-163/MS;Norte;Colisão c/ obstáculos;1;0;0;0;0;0;0;0;0;0;1;0;0;0;0
26/02/2020;12:01:00;172;com vítima;634,46;BR-163/MS;Sul;Tombamento de moto;0;0;0;1;0;0;0;0;0;0;0;2;0;0;0
26/02/2020;14:33:00;221;sem vítima;556,133;BR-163/MS;Sul;Saídas de pista;0;0;0;0;0;0;0;0;0;1;2;0;0;0;0
26/02/2020;18:35:00;298;sem vítima;426,618;BR-163/MS;Norte;Atropelamento de animais;1;0;0;0;0;0;0;0;0;0;2;0;0;0;0
26/02/2020;18:46:00;301;sem vítima;278;BR-163/MS;Norte;Capotamento;1;0;0;0;0;0;0;0;0;0;0;0;0;0;0
26/02/2020;18:47:00;302;com vítima;680,324;BR-163/MS;Norte;Colisão lateral no mesmo sentido;0;1;0;1;0;0;0;0;0;0;0;3;0;1;0
26/02/2020;21:08:00;335;sem vítima;347;BR-163/MS;Norte;Atropelamento de animais;0;0;0;0;0;0;0;0;0;1;4;0;0;0;0
27/02/2020;13:53:00;265;sem vítima;481;BR-163/MS;Norte;Colisão com veículos (traseira);1;0;1;0;0;0;0;0;0;0;4;0;0;0;0
27/02/2020;22:15:00;418;sem vítima;475;BR-163/MS;Norte;Saídas de pista;1;0;0;0;0;0;0;0;0;0;1;0;0;0;0
28/02/2020;10:29:00;187;com vítima;484,386;BR-163/MS;Norte;Colisão lateral no mesmo sentido;0;0;1;1;0;0;0;0;0;0;1;1;0;0;0
28/02/2020;12:31:00;232;com vítima;210,83;BR-163/MS;Sul;Capotamento;1;0;0;0;0;0;0;0;0;0;0;2;0;0;0
28/02/2020;18:27:00;373;com vítima;700,297;BR-163/MS;Norte;Atropelamento de animais;0;0;0;1;0;0;0;0;0;0;0;0;1;0;0
28/02/2020;19:31:00;388;com vítima;490,477;BR-163/MS;Sul;Tombamento de moto;0;0;0;1;0;0;0;0;0;0;0;1;0;0;0
29/02/2020;11:41:00;169;com vítima;468;BR-163/MS;Norte;Colisão lateral no mesmo sentido;1;0;1;0;0;1;0;0;0;0;1;2;0;0;0
01/04/2020;18:25:00;419;sem vítima;615;BR-163/MS;Sul;Colisão com veículos (traseira);1;0;0;0;0;0;0;0;0;1;3;0;0;0;0
01/04/2020;23:00:00;561;com vítima;437;BR-163/MS;Sul;Atropelamento de animais;1;0;0;0;0;0;0;0;0;0;1;1;0;0;0
02/04/2020;10:54:00;269;com vítima;63,733;BR-163/MS;Sul;Capotamento;1;0;0;0;0;0;0;0;0;0;3;3;0;0;0
02/04/2020;14:30:00;411;com vítima;247,1;BR-163/MS;Norte;Tombamento de moto;0;0;0;1;0;0;0;0;0;0;1;0;1;0;0
02/04/2020;20:20:00;697;com vítima;313;BR-163/MS;Norte;Tombamento de moto;0;0;0;1;0;0;0;0;0;0;0;1;0;0;0
02/04/2020;21:21:00;726;sem vítima;719,925;BR-163/MS;Sul;Tombamento;0;0;1;0;0;1;0;0;0;0;1;0;0;0;0
03/04/2020;07:36:00;63;sem vítima;17,571;BR-163/MS;Sul;Colisão c/ obstáculos;0;0;0;0;0;0;0;0;0;1;1;0;0;0;0
04/04/2020;21:40:00;304;com vítima;93,95;BR-163/MS;Sul;Colisão com veículos (frontal);0;0;1;0;0;2;0;0;0;1;3;0;0;0;1
05/04/2020;06:23:00;44;sem vítima;533,5;BR-163/MS;Norte;Tombamento;1;0;1;0;0;0;0;0;0;0;4;0;0;0;0
05/04/2020;15:31:00;236;com vítima;319,513;BR-163/MS;Sul;Tombamento de moto;0;0;0;1;0;0;0;0;0;0;0;1;0;0;0
06/04/2020;16:26:00;280;sem vítima;34,944;BR-163/MS;Norte;Saídas de pista;1;0;0;0;0;0;0;0;0;0;1;0;0;0;0
06/04/2020;23:49:00;365;com vítima;61;BR-163/MS;Norte;Tombamento;0;0;1;0;0;0;0;0;0;0;0;0;1;0;0
07/04/2020;03:06:00;10;sem vítima;670,685;BR-163/MS;Norte;Saídas de pista;0;0;0;0;0;0;0;0;0;1;2;0;0;0;0
07/04/2020;17:51:00;284;com vítima;490,49;BR-163/MS;Norte;Colisão com veículos (traseira);1;0;0;1;0;0;0;0;0;0;1;1;0;0;0
07/04/2020;22:57:00;334;sem vítima;461;BR-163/MS;Norte;Atropelamento de animais;0;0;1;0;0;0;0;0;0;0;2;0;0;0;0
08/04/2020;07:25:00;59;sem vítima;195,193;BR-163/MS;Sul;Atropelamento de animais;1;0;0;0;0;0;0;0;0;0;1;0;0;0;0
08/04/2020;08:49:00;105;sem vítima;114,722;BR-163/MS;Sul;Saídas de pista;0;0;1;0;0;1;0;0;0;0;2;0;0;0;0
08/04/2020;15:32:00;247;com vítima;530,477;BR-163/MS;Sul;Tombamento;0;0;1;0;0;0;0;0;0;0;0;1;0;0;0
08/04/2020;18:44:00;306;com vítima;485,196;BR-163/MS;Sul;Colisão lateral no mesmo sentido;0;0;0;2;0;0;0;0;0;0;0;2;0;0;0
08/04/2020;21:28:00;333;com vítima;219,552;BR-163/MS;Sul;Colisão c/ obstáculos;0;0;1;1;0;2;0;0;0;0;3;0;0;1;0
08/04/2020;21:59:00;336;com vítima;219,552;BR-163/MS;Sul;Saídas de pista;0;0;0;1;0;0;0;0;0;0;0;1;0;0;0
09/04/2020;00:01:00;1;sem vítima;250,435;BR-163/MS;Sul;Saídas de pista;0;0;0;0;0;0;0;0;0;1;3;0;0;0;0
09/04/2020;18:49:00;321;sem vítima;169,502;BR-163/MS;Sul;Atropelamento de animais;1;0;0;0;0;0;0;0;0;0;2;0;0;0;0
09/04/2020;19:00:00;324;sem vítima;18,18;BR-163/MS;Norte;Saídas de pista;1;0;0;0;0;0;0;0;0;0;1;0;0;0;0
10/04/2020;03:39:00;22;sem vítima;451,952;BR-163/MS;Sul;Atropelamento de animais;0;0;1;0;0;0;0;0;0;0;1;0;0;0;0
10/04/2020;12:14:00;138;com vítima;481,134;BR-163/MS;Norte;Tombamento de moto;0;0;0;1;0;0;0;0;0;0;0;1;0;0;0
10/04/2020;16:21:00;221;com vítima;680,354;BR-163/MS;Norte;Tombamento;0;1;0;0;0;0;0;0;0;0;0;2;0;0;0
10/04/2020;19:13:00;256;com vítima;322,8;BR-163/MS;Norte;Colisão c/ obstáculos;0;1;0;0;0;0;0;0;0;0;0;1;0;0;0
11/04/2020;11:25:00;127;com vítima;473,625;BR-163/MS;Norte;Capotamento;0;0;1;0;0;0;0;0;0;0;1;1;0;0;0
11/04/2020;20:58:00;237;sem vítima;624,298;BR-163/MS;Norte;Colisão c/ obstáculos;1;0;1;0;0;0;0;0;0;0;3;0;0;0;0
12/04/2020;19:22:00;219;sem vítima;405,308;BR-163/MS;Norte;Atropelamento de animais;1;0;0;0;0;0;0;0;0;0;3;0;0;0;0
12/04/2020;21:28:00;243;sem vítima;139,6;BR-163/MS;Norte;Saídas de pista;0;0;0;0;0;0;0;0;0;1;2;0;0;0;0
13/04/2020;07:11:00;48;com vítima;680,5;BR-163/MS;Sul;Colisão lateral no sentido contrário;1;0;1;0;0;0;0;0;0;0;1;1;0;0;0
13/04/2020;10:14:00;140;com vítima;445,131;BR-163/MS;Norte;Engavetamento;2;0;0;0;0;1;0;0;0;0;6;1;0;0;0
13/04/2020;22:23:00;339;sem vítima;276,325;BR-163/MS;Norte;Saídas de pista;1;0;0;0;0;0;0;0;0;0;1;0;0;0;0
14/04/2020;02:27:00;15;sem vítima;238,15;BR-163/MS;Norte;Atropelamento de animais;0;0;0;0;0;0;0;0;0;1;1;0;0;0;0
14/04/2020;04:03:00;24;sem vítima;600;BR-163/MS;Norte;Saídas de pista;0;0;1;0;0;1;0;0;0;0;2;0;0;0;0
14/04/2020;04:48:00;27;com vítima;315,696;BR-163/MS;Norte;Tombamento de moto;0;0;0;1;0;0;0;0;0;0;0;1;0;0;0
14/04/2020;08:07:00;82;sem vítima;267,828;BR-163/MS;Norte;Colisão com veículos (traseira);1;0;0;0;0;1;0;0;0;0;3;0;0;0;0
14/04/2020;18:13:00;282;com vítima;260,487;BR-163/MS;Norte;Colisão com veículos (traseira);1;0;0;1;0;0;0;0;0;0;1;1;0;0;0
14/04/2020;19:23:00;298;sem vítima;294,5;BR-163/MS;Sul;Atropelamento de animais;0;0;0;0;0;0;0;0;0;1;1;0;0;0;0
14/04/2020;21:50:00;333;sem vítima;239,363;BR-163/MS;Sul;Atropelamento de animais;1;0;0;0;0;0;0;0;0;0;2;0;0;0;0
14/04/2020;22:21:00;342;com vítima;11,3;BR-163/MS;Norte;Atropelamento de pedestre;0;0;0;1;0;0;0;0;0;0;0;1;1;0;0
15/04/2020;10:26:00;179;sem vítima;697;BR-163/MS;Sul;Colisão com veículos (traseira);0;0;2;0;0;1;0;0;0;0;4;0;0;0;0
15/04/2020;14:03:00;242;com vítima;103,929;BR-163/MS;Norte;Tombamento de moto;0;0;0;1;0;0;0;0;0;0;0;1;0;0;0
16/04/2020;19:22:00;329;sem vítima;808,521;BR-163/MS;Norte;Tombamento;0;0;1;0;0;1;0;0;0;0;2;0;0;0;0
17/04/2020;07:49:00;69;com vítima;117,692;BR-163/MS;Norte;Colisão lateral no mesmo sentido;0;0;1;1;0;0;0;0;0;0;1;1;0;0;0
17/04/2020;18:22:00;284;com vítima;182,48;BR-163/MS;Norte;Saídas de pista;1;0;0;0;0;0;0;0;0;0;0;3;0;0;0
17/04/2020;18:44:00;289;sem vítima;298;BR-163/MS;Norte;Atropelamento de animais;1;0;0;0;0;0;0;0;0;0;3;0;0;0;0
18/04/2020;16:27:00;268;com vítima;98,61;BR-163/MS;Norte;Colisão com veículos (traseira);1;0;0;0;0;1;0;0;0;0;2;1;0;0;0
18/04/2020;20:28:00;324;sem vítima;10,66;BR-163/MS;Sul;Colisão lateral no sentido contrário;0;0;1;0;0;1;0;0;0;1;3;0;0;0;0
19/04/2020;00:35:00;8;com vítima;264,908;BR-163/MS;Norte;Colisão c/ obstáculos;0;0;0;0;0;0;0;0;0;1;0;0;0;1;0
19/04/2020;11:33:00;117;sem vítima;456,602;BR-163/MS;Norte;Capotamento;1;0;0;0;0;0;0;0;0;0;1;0;0;0;0
19/04/2020;19:16:00;257;com vítima;616,275;BR-163/MS;Sul;Tombamento de moto;0;0;1;1;0;0;0;0;0;0;1;1;0;0;0
19/04/2020;19:32:00;262;com vítima;462,846;BR-163/MS;Sul;Atropelamento de pedestre;0;0;0;1;0;0;0;0;0;0;1;0;1;0;0
19/04/2020;20:38:00;270;sem vítima;278,7;BR-163/MS;Sul;Colisão c/ obstáculos;1;0;0;0;0;0;0;0;0;0;1;0;0;0;0
19/04/2020;20:52:00;271;sem vítima;246;BR-163/MS;Norte;Saídas de pista;0;0;0;0;0;0;0;0;0;1;1;0;0;0;0
20/04/2020;00:39:00;10;sem vítima;715,737;BR-163/MS;Sul;Atropelamento de animais;0;0;0;0;0;0;0;0;0;1;5;0;0;0;0
20/04/2020;13:54:00;213;com vítima;258,38;BR-163/MS;Sul;Colisão c/ obstáculos;1;1;0;0;0;0;0;0;0;0;1;0;1;0;0
20/04/2020;15:02:00;230;com vítima;77,7;BR-163/MS;Sul;Colisão lateral no mesmo sentido;1;0;0;1;0;0;0;0;0;0;3;0;0;1;0
20/04/2020;18:32:00;280;com vítima;722;BR-163/MS;Norte;Tombamento;0;1;0;0;0;0;0;0;0;0;0;1;0;0;0
20/04/2020;18:45:00;282;sem vítima;448,6;BR-163/MS;Sul;Atropelamento de animais;1;0;0;0;0;0;0;0;0;0;1;0;0;0;0
20/04/2020;18:51:00;283;sem vítima;256,604;BR-163/MS;Norte;Saídas de pista;1;0;0;0;0;0;0;0;0;0;1;0;0;0;0
20/04/2020;20:21:00;302;sem vítima;525,3;BR-163/MS;Sul;Atropelamento de animais;1;0;0;0;0;0;0;0;0;0;1;0;0;0;0
21/04/2020;08:08:00;68;com vítima;552,163;BR-163/MS;Norte;Capotamento;0;0;1;0;0;1;0;0;0;1;1;6;0;0;0