data;horario;n_da_ocorrencia;tipo_de_ocorrencia;km;trecho;sentido;tipo_de_acidente;automovel;bicicleta;caminhao;moto;onibus;outros;tracao_animal;transporte_de_cargas_especiais;trator_maquinas;utilitarios;ilesos;levemente_feridos;moderadamente_feridos;gravemente_feridos;mortos
06/12/2020;18:13:00;210;Acidente com vítima;113,253;BR-163/MS;NORTE;Colisão c/ obstáculos;1;0;0;0;0;0;0;0;0;0;0;1;0;0;0
08/12/2020;11:01:00;193;Acidente com vítima;754,896;BR-163/MS;NORTE;Engavetamento;2;0;1;0;0;1;0;0;0;2;11;1;0;0;0
09/12/2020;20:47:00;347;Acidente com vítima;273,563;BR-163/MS;NORTE;Atropelamento de pedestre;0;1;0;0;1;0;0;0;0;0;1;1;0;0;0
09/12/2020;23:48:00;373;Acidente com vítima;797;BR-163/MS;SUL;Colisão com veículos (traseira);0;0;2;0;0;0;0;0;0;0;1;1;0;0;0
10/12/2020;04:13:00;25;Acidente com morte;180,262;BR-163/MS;NORTE;Colisão com veículos (frontal);0;0;1;0;0;0;0;0;0;1;1;0;0;0;2
19/12/2020;08:55:00;114;Acidente com vítima;477,365;BR-163/MS;SUL;Colisão lateral no sentido contrário;2;0;0;0;0;0;0;0;0;0;2;1;0;0;0
19/12/2020;11:12:00;168;Acidente sem vítima;484,296;BR-163/MS;SUL;Colisão com veículos (traseira);1;0;0;0;0;0;0;0;0;1;2;0;0;0;0
19/12/2020;12:57:00;211;Acidente sem vítima;522;BR-163/MS;NORTE;Tombamento de moto;0;0;0;1;0;0;0;0;0;0;2;0;0;0;0
19/12/2020;18:51:00;326;Acidente sem vítima;480,8;BR-163/MS;NORTE;Saídas de pista;1;0;0;0;0;0;0;0;0;0;2;0;0;0;0
19/12/2020;21:24:00;366;Acidente sem vítima;511;BR-163/MS;NORTE;Saídas de pista;1;0;0;0;0;0;0;0;0;0;4;0;0;0;0
19/12/2020;21:38:00;369;Acidente sem vítima;256;BR-163/MS;NORTE;Saídas de pista;1;0;0;0;0;0;0;0;0;0;2;0;0;0;0
10/12/2020;18:04:00;282;Acidente sem vítima;140;BR-163/MS;SUL;Colisão com veículos (traseira);0;0;1;0;0;2;0;0;0;0;3;0;0;0;0
10/12/2020;18:23:00;289;Acidente sem vítima;481;BR-163/MS;SUL;Colisão lateral no mesmo sentido;1;0;1;0;0;0;0;0;0;0;3;0;0;0;0
10/12/2020;20:57:00;318;Atropelamento sem morte;260;BR-163/MS;NORTE;Atropelamento de pedestre;0;1;0;0;0;1;0;0;0;0;1;1;0;0;0
11/12/2020;05:32:00;36;Acidente sem vítima;78;BR-163/MS;NORTE;Colisão lateral no mesmo sentido;0;0;1;0;0;0;0;0;0;1;2;0;0;0;0
11/12/2020;19:29:00;333;Acidente sem vítima;443,143;BR-163/MS;NORTE;Atropelamento de animais;0;0;0;0;0;0;0;0;0;1;1;0;0;0;0
12/12/2020;01:56:00;10;Acidente sem vítima;389;BR-163/MS;SUL;Saídas de pista;0;0;0;0;0;0;0;0;0;1;1;0;0;0;0
12/12/2020;05:16:00;34;Acidente sem vítima;172,9;BR-163/MS;NORTE;Colisão lateral no mesmo sentido;1;0;1;0;0;2;0;0;0;0;5;0;0;0;0
12/12/2020;11:43:00;161;Acidente sem vítima;432,547;BR-163/MS;SUL;Colisão c/ obstáculos;0;0;0;0;0;0;0;0;0;1;3;0;0;0;0
12/12/2020;14:02:00;201;Acidente com vítima;77,8;BR-163/MS;NORTE;Colisão lateral no sentido contrário;0;0;0;1;0;0;0;0;0;1;1;0;1;0;0
12/12/2020;14:52:00;226;Acidente com vítima;10,9;BR-163/MS;SUL;Tombamento de moto;0;0;0;1;0;0;0;0;0;0;0;1;0;0;0
12/12/2020;18:45:00;288;Acidente sem vítima;166,87;BR-163/MS;NORTE;Colisão c/ obstáculos;1;0;0;0;0;0;0;0;0;0;2;0;0;0;0
12/12/2020;23:20:00;334;Acidente com vítima;0,285;BR-163/MS;NORTE;Tombamento de moto;0;0;0;1;0;0;0;0;0;0;0;1;0;0;0
13/12/2020;03:28:00;18;Acidente com morte;191,865;BR-163/MS;NORTE;Capotamento;0;0;0;0;0;0;0;0;0;1;0;1;1;0;1
13/12/2020;08:41:00;81;Acidente sem vítima;364,266;BR-163/MS;SUL;Colisão c/ obstáculos;1;0;0;0;0;0;0;0;0;0;2;0;0;0;0
13/12/2020;18:22:00;276;Acidente sem vítima;266,9;BR-163/MS;SUL;Colisão c/ obstáculos;1;0;0;0;0;1;0;0;0;0;3;0;0;0;0
13/12/2020;18:40:00;280;Acidente com vítima;485,149;BR-163/MS;NORTE;Colisão com veículos (traseira);0;0;1;0;0;0;0;0;0;1;2;1;0;0;0
13/12/2020;19:16:00;295;Acidente sem vítima;633,876;BR-163/MS;NORTE;Colisão c/ obstáculos;1;0;0;0;0;0;0;0;0;0;1;0;0;0;0
13/12/2020;23:36:00;347;Acidente sem vítima;692,845;BR-163/MS;SUL;Atropelamento de animais;0;0;0;0;0;0;0;0;0;1;2;0;0;0;0
14/12/2020;04:51:00;22;Acidente com vítima;743,4;BR-163/MS;SUL;Atropelamento de animais;0;0;0;1;0;0;0;0;0;0;0;1;0;0;0
14/12/2020;05:47:00;26;Acidente sem vítima;249;BR-163/MS;SUL;Colisão c/ obstáculos;0;0;0;0;0;0;0;0;0;1;1;0;0;0;0
14/12/2020;06:35:00;39;Acidente sem vítima;105;BR-163/MS;SUL;Colisão c/ obstáculos;1;0;0;0;0;0;0;0;0;0;2;0;0;0;0
14/12/2020;17:21:00;239;Acidente sem vítima;471,7;BR-163/MS;NORTE;Colisão lateral no sentido contrário;2;0;0;0;0;0;0;0;0;0;2;0;0;0;0
14/12/2020;18:54:00;257;Acidente sem vítima;429,65;BR-163/MS;NORTE;Atropelamento de animais;0;0;0;0;0;0;0;0;0;1;2;0;0;0;0
14/12/2020;19:34:00;267;Acidente sem vítima;747;BR-163/MS;SUL;Atropelamento de animais;0;0;1;0;0;2;0;0;0;0;3;0;0;0;0
15/12/2020;00:05:00;1;Acidente com vítima;510,41;BR-163/MS;SUL;Colisão c/ obstáculos;0;0;0;0;0;0;0;0;0;1;2;1;0;0;0
15/12/2020;06:40:00;43;Acidente sem vítima;136,735;BR-163/MS;NORTE;Saídas de pista;0;0;0;0;0;0;0;0;0;1;1;0;0;0;0
15/12/2020;15:23:00;252;Acidente sem vítima;442,86;BR-163/MS;SUL;Engavetamento;1;0;1;0;1;0;0;0;0;1;22;0;0;0;0
15/12/2020;17:54:00;298;Acidente sem vítima;481,689;BR-163/MS;SUL;Colisão com veículos (traseira);1;0;0;0;0;0;0;0;0;1;4;0;0;0;0
15/12/2020;23:36:00;350;Acidente sem vítima;55,46;BR-163/MS;SUL;Capotamento;0;0;0;0;0;0;0;0;0;1;1;0;0;0;0
16/12/2020;00:01:00;2;Acidente sem vítima;275,255;BR-163/MS;NORTE;Saídas de pista;0;0;0;0;0;0;0;0;0;1;1;0;0;0;0
16/12/2020;03:09:00;11;Acidente sem vítima;509;BR-163/MS;SUL;Atropelamento de animais;1;0;0;0;0;0;0;0;0;0;1;0;0;0;0
16/12/2020;04:06:00;22;Acidente sem vítima;293,446;BR-163/MS;NORTE;Atropelamento de animais;1;0;0;0;0;0;0;0;0;0;4;0;0;0;0
16/12/2020;11:05:00;176;Acidente com vítima;485;BR-163/MS;SUL;Colisão com veículos (traseira);1;0;1;0;0;2;0;0;0;0;6;1;0;0;0
16/12/2020;18:46:00;308;Acidente sem vítima;173,57;BR-163/MS;NORTE;Colisão com veículos (traseira);1;0;0;0;0;0;0;0;0;1;2;0;0;0;0
17/12/2020;00:53:00;5;Acidente sem vítima;693,727;BR-163/MS;NORTE;Atropelamento de animais;0;0;0;0;0;1;0;0;0;1;5;0;0;0;0
17/12/2020;12:29:00;235;Acidente sem vítima;468,556;BR-163/MS;SUL;Colisão c/ obstáculos;0;0;1;0;0;0;0;0;0;0;1;0;0;0;0
17/12/2020;19:18:00;358;Acidente sem vítima;572,71;BR-163/MS;SUL;Atropelamento de animais;1;0;0;0;0;0;0;0;0;0;1;0;0;0;0
18/12/2020;08:20:00;147;Acidente sem vítima;461,554;BR-163/MS;SUL;Tombamento de moto;0;0;0;1;0;0;0;0;0;0;1;0;0;0;0
18/12/2020;08:46:00;159;Acidente sem vítima;672,1;BR-163/MS;SUL;Colisão lateral no mesmo sentido;2;0;0;0;0;0;0;0;0;0;8;0;0;0;0
18/12/2020;09:08:00;174;Acidente sem vítima;723;BR-163/MS;NORTE;Colisão lateral no sentido contrário;1;0;1;0;0;0;0;0;0;0;7;0;0;0;0
18/12/2020;13:46:00;281;Acidente sem vítima;365;BR-163/MS;SUL;Colisão com veículos (traseira);2;0;0;0;0;0;0;0;0;0;6;0;0;0;0
18/12/2020;15:40:00;316;Acidente sem vítima;263;BR-163/MS;SUL;Colisão com veículos (traseira);2;0;0;0;0;0;0;0;0;0;3;0;0;0;0
18/12/2020;19:28:00;374;Acidente sem vítima;555,927;BR-163/MS;SUL;Saídas de pista;0;0;1;0;0;0;0;0;0;0;2;0;0;0;0
18/12/2020;20:01:00;383;Acidente sem vítima;600;BR-163/MS;SUL;Atropelamento de animais;1;0;0;0;0;0;0;0;0;0;1;0;0;0;0
18/12/2020;20:52:00;391;Acidente sem vítima;597;BR-163/MS;NORTE;Colisão com veículos (traseira);1;0;0;0;0;1;0;0;0;0;3;0;0;0;0
19/12/2020;06:24:00;56;Acidente sem vítima;173;BR-163/MS;SUL;Colisão lateral no mesmo sentido;1;0;2;0;0;0;0;0;0;0;4;0;0;0;0
19/12/2020;06:44:00;66;Acidente sem vítima;373,468;BR-163/MS;NORTE;Colisão com veículos (traseira);0;0;2;0;0;1;0;0;0;0;3;0;0;0;0
19/12/2020;07:20:00;74;Acidente sem vítima;471,126;BR-163/MS;SUL;Colisão com veículos (traseira);1;0;0;0;0;0;0;0;0;1;3;0;0;0;0
19/12/2020;07:44:00;83;Acidente com vítima;258,149;BR-163/MS;SUL;Colisão lateral no mesmo sentido;0;0;0;1;0;0;0;0;0;1;1;1;0;0;0
19/12/2020;23:04:00;381;Acidente sem vítima;420;BR-163/MS;NORTE;Atropelamento de animais;1;0;0;0;0;0;0;0;0;0;2;0;0;0;0
19/12/2020;23:41:00;393;Acidente sem vítima;836;BR-163/MS;NORTE;Atropelamento de animais;1;0;0;0;0;0;0;0;0;0;2;0;0;0;0
20/12/2020;09:23:00;131;Acidente sem vítima;617;BR-163/MS;NORTE;Colisão com veículos (traseira);1;0;0;0;0;0;0;0;0;1;2;0;0;0;0
20/12/2020;10:41:00;151;Acidente com vítima;478;BR-163/MS;SUL;Colisão com veículos (traseira);1;0;0;1;0;0;0;0;0;0;1;2;0;0;0
20/12/2020;10:47:00;153;Acidente sem vítima;606,379;BR-163/MS;NORTE;Colisão c/ obstáculos;1;0;0;0;0;0;0;0;0;0;1;0;0;0;0
20/12/2020;11:13:00;159;Acidente com vítima;479,115;BR-163/MS;NORTE;Colisão com veículos (traseira);0;0;0;1;0;0;0;0;0;1;5;1;1;0;0
20/12/2020;12:23:00;182;Acidente sem vítima;24;BR-163/MS;SUL;Colisão com veículos (traseira);1;0;0;0;0;0;0;0;0;1;5;0;0;0;0
20/12/2020;15:17:00;225;Acidente sem vítima;784,44;BR-163/MS;NORTE;Saídas de pista;1;0;0;0;0;0;0;0;0;0;2;0;0;0;0
20/12/2020;21:53:00;343;Acidente com vítima;473;BR-163/MS;SUL;Tombamento;0;1;0;0;0;0;0;0;0;0;0;1;0;0;0
20/12/2020;21:53:00;344;Acidente sem vítima;785;BR-163/MS;NORTE;Atropelamento de animais;1;0;0;0;0;0;0;0;0;0;2;0;0;0;0
20/12/2020;21:57:00;346;Acidente sem vítima;431,831;BR-163/MS;NORTE;Atropelamento de animais;1;0;0;0;0;0;0;0;0;0;1;0;0;0;0
20/12/2020;22:46:00;351;Acidente sem vítima;382,5;BR-163/MS;NORTE;Atropelamento de animais;0;0;1;0;0;1;0;0;0;0;3;0;0;0;0
20/12/2020;23:53:00;355;Acidente sem vítima;508,51;BR-163/MS;NORTE;Atropelamento de animais;1;0;0;0;0;0;0;0;0;0;2;0;0;0;0
21/12/2020;08:57:00;102;Acidente sem vítima;498;BR-163/MS;NORTE;Colisão lateral no mesmo sentido;1;0;1;0;0;0;0;0;0;0;4;0;0;0;0
21/12/2020;11:20:00;156;Acidente sem vítima;506;BR-163/MS;NORTE;Saídas de pista;1;0;0;0;0;0;0;0;0;0;5;0;0;0;0
21/12/2020;16:00:00;239;Acidente sem vítima;371;BR-163/MS;SUL;Saídas de pista;1;0;0;0;0;0;0;0;0;0;1;0;0;0;0
21/12/2020;19:56:00;291;Acidente sem vítima;574;BR-163/MS;NORTE;Colisão lateral no mesmo sentido;1;0;1;0;0;0;0;0;0;0;2;0;0;0;0
21/12/2020;21:04:00;295;Acidente sem vítima;677;BR-163/MS;NORTE;Tombamento de moto;0;0;0;1;0;1;0;0;0;0;2;0;0;0;0
22/12/2020;04:17:00;22;Acidente sem vítima;600,412;BR-163/MS;NORTE;Atropelamento de animais;0;0;0;0;1;0;0;0;0;0;15;0;0;0;0
22/12/2020;04:25:00;23;Acidente sem vítima;186,279;BR-163/MS;SUL;Tombamento;0;0;1;0;0;0;0;0;0;0;1;0;0;0;0
22/12/2020;13:46:00;224;Acidente com vítima;725;BR-163/MS;NORTE;Colisão lateral no sentido contrário;0;0;1;0;0;0;0;0;0;1;1;3;0;0;0
22/12/2020;15:49:00;266;Acidente com vítima;612;BR-163/MS;NORTE;Engavetamento;2;0;1;0;0;0;0;0;0;2;3;1;1;0;0
22/12/2020;16:05:00;283;Acidente sem vítima;586;BR-163/MS;NORTE;Saídas de pista;0;0;1;0;0;0;0;0;0;0;2;0;0;0;0
22/12/2020;16:54:00;305;Acidente sem vítima;646,6;BR-163/MS;NORTE;Colisão lateral no mesmo sentido;2;0;0;0;0;0;0;0;0;0;6;0;0;0;0
22/12/2020;21:11:00;361;Acidente com vítima;487,487;BR-163/MS;NORTE;Tombamento de moto;0;0;0;1;0;0;0;0;0;0;0;1;0;0;0
22/12/2020;21:16:00;362;Acidente sem vítima;514;BR-163/MS;SUL;Atropelamento de animais;1;0;0;0;0;0;0;0;0;0;1;0;0;0;0
22/12/2020;21:33:00;364;Acidente sem vítima;514,123;BR-163/MS;NORTE;Atropelamento de animais;1;0;0;0;0;0;0;0;0;0;3;0;0;0;0
23/12/2020;04:46:00;54;Acidente sem vítima;693,411;BR-163/MS;NORTE;Atropelamento de animais;1;0;0;0;0;0;0;0;0;0;4;0;0;0;0
23/12/2020;13:45:00;280;Acidente sem vítima;458,8;BR-163/MS;SUL;Engavetamento;3;0;0;0;0;0;0;0;0;0;5;0;0;0;0
23/12/2020;20:16:00;409;Acidente sem vítima;585;BR-163/MS;NORTE;Saídas de pista;1;0;0;0;0;0;0;0;0;0;4;0;0;0;0
23/12/2020;22:36:00;428;Acidente sem vítima;38;BR-163/MS;NORTE;Colisão com veículos (traseira);2;0;0;0;0;0;0;0;0;0;3;0;0;0;0
24/12/2020;00:49:00;10;Acidente sem vítima;388,376;BR-163/MS;NORTE;Atropelamento de animais;1;0;0;0;0;0;0;0;0;0;1;0;0;0;0
24/12/2020;16:26:00;257;Acidente sem vítima;498,6;BR-163/MS;SUL;Tombamento de moto;0;0;0;1;0;0;0;0;0;0;1;0;0;0;0
24/12/2020;17:42:00;281;Acidente sem vítima;492,649;BR-163/MS;NORTE;Capotamento;1;0;0;0;0;0;0;0;0;0;1;0;0;0;0
24/12/2020;20:03:00;315;Acidente sem vítima;258,412;BR-163/MS;SUL;Colisão c/ obstáculos;1;0;0;0;0;0;0;0;0;0;1;0;0;0;0
24/12/2020;23:29:00;340;Acidente sem vítima;405,475;BR-163/MS;NORTE;Colisão c/ obstáculos;1;0;0;0;0;0;0;0;0;0;1;0;0;0;0
25/12/2020;03:34:00;12;Acidente sem vítima;270;BR-163/MS;SUL;Saídas de pista;1;0;0;0;0;0;0;0;0;0;1;0;0;0;0
25/12/2020;09:25:00;88;Acidente com vítima;192;BR-163/MS;SUL;Tombamento de moto;0;0;0;1;0;0;0;0;0;0;1;1;0;0;0
26/12/2020;19:23:00;276;Acidente sem vítima;769,409;BR-163/MS;SUL;Atropelamento de animais;1;0;0;0;0;0;0;0;0;0;4;0;0;0;0
27/12/2020;10:15:00;138;Acidente com vítima;786;BR-163/MS;NORTE;Tombamento de moto;0;0;0;1;0;0;0;0;0;0;1;0;1;0;0
27/12/2020;11:57:00;160;Acidente com vítima;254;BR-163/MS;SUL;Capotamento;1;0;0;0;0;0;0;0;0;0;1;4;0;0;0
27/12/2020;19:50:00;285;Acidente com vítima;567,9;BR-163/MS;NORTE;Atropelamento de animais;1;0;0;0;0;0;0;0;0;0;1;4;0;0;0
27/12/2020;21:04:00;305;Acidente sem vítima;722,8;BR-163/MS;NORTE;Colisão c/ obstáculos;1;0;0;0;0;0;0;0;0;0;1;0;0;0;0
28/12/2020;09:53:00;149;Acidente sem vítima;57;BR-163/MS;SUL;Capotamento;1;0;0;0;0;0;0;0;0;0;2;0;0;0;0
28/12/2020;13:34:00;216;Acidente sem vítima;587,81;BR-163/MS;NORTE;Tombamento;0;0;1;0;0;2;0;0;0;0;3;0;0;0;0
28/12/2020;16:15:00;262;Acidente com vítima;679,9;BR-163/MS;NORTE;Colisão lateral no sentido contrário;2;0;0;0;0;0;0;0;0;0;1;3;1;0;0
29/12/2020;12:58:00;240;Acidente sem vítima;483;BR-163/MS;NORTE;Colisão lateral no sentido contrário;2;0;0;0;0;0;0;0;0;0;2;0;0;0;0
30/12/2020;07:18:00;81;Acidente com morte;811,499;BR-163/MS;SUL;Tombamento;0;0;1;0;0;2;0;0;0;0;2;2;0;0;2
30/12/2020;14:44:00;242;Acidente sem vítima;24,8;BR-163/MS;SUL;Colisão lateral no mesmo sentido;2;0;0;0;0;0;0;0;0;0;2;0;0;0;0
30/12/2020;15:50:00;258;Acidente com vítima;485;BR-163/MS;NORTE;Colisão lateral no sentido contrário;0;0;0;2;0;0;0;0;0;0;0;1;1;0;0
30/12/2020;16:35:00;269;Acidente sem vítima;442,458;BR-163/MS;SUL;Atropelamento de animais;1;0;0;0;0;0;0;0;0;0;2;0;0;0;0
30/12/2020;21:16:00;330;Acidente sem vítima;746,1;BR-163/MS;SUL;Atropelamento de animais;0;0;0;0;0;0;0;0;0;1;5;0;0;0;0
31/12/2020;02:30:00;12;Acidente sem vítima;712,451;BR-163/MS;NORTE;Atropelamento de animais;1;0;0;0;0;0;0;0;0;0;2;0;0;0;0
31/12/2020;07:41:00;69;Acidente sem vítima;278;BR-163/MS;NORTE;Colisão c/ obstáculos;1;0;0;0;0;0;0;0;0;0;1;0;0;0;0
31/12/2020;10:28:00;133;Acidente sem vítima;238;BR-163/MS;NORTE;Tombamento;0;0;1;0;0;1;0;0;0;0;2;0;0;0;0
31/12/2020;12:53:00;167;Acidente sem vítima;49,5;BR-163/MS;SUL;Colisão c/ obstáculos;1;0;0;0;0;0;0;0;0;0;1;0;0;0;0
31/12/2020;14:14:00;190;Acidente sem vítima;194;BR-163/MS;SUL;Tombamento de moto;0;0;0;1;0;0;0;0;0;0;1;0;0;0;0
31/12/2020;14:15:00;192;Acidente sem vítima;397;BR-163/MS;NORTE;Saídas de pista;1;0;0;0;0;0;0;0;0;0;3;0;0;0;0
01/01/2021;12:06:00;111;Acidente com vítima;458;BR-163/MS;SUL;Colisão c/ obstáculos;1;0;0;0;0;0;0;0;0;0;0;1;0;0;0
01/01/2021;17:26:00;186;Acidente com vítima;254;BR-163/MS;NORTE;Capotamento;1;0;0;0;0;0;0;0;0;0;0;1;0;2;0
01/01/2021;23:50:00;244;Acidente com vítima;294;BR-163/MS;SUL;Atropelamento de animais;1;0;0;0;0;0;0;0;0;0;4;0;1;0;0
02/01/2021;00:37:00;3;Acidente sem vítima;145;BR-163/MS;NORTE;Saídas de pista;1;0;0;0;0;0;0;0;0;0;1;0;0;0;0
02/01/2021;03:24:00;11;Acidente sem vítima;374;BR-163/MS;SUL;Saídas de pista;1;0;0;0;0;0;0;0;0;0;3;0;0;0;0
02/01/2021;08:15:00;65;Acidente sem vítima;248;BR-163/MS;NORTE;Capotamento;1;0;1;0;0;0;0;0;0;0;4;0;0;0;0
02/01/2021;14:24:00;161;Acidente com vítima;474;BR-163/MS;NORTE;Colisão lateral no sentido contrário;0;0;0;1;0;0;0;0;0;1;3;1;0;0;0
02/01/2021;16:24:00;197;Acidente com vítima;424,6;BR-163/MS;NORTE;Capotamento;1;0;0;0;0;0;0;0;0;0;0;1;0;0;0
02/01/2021;19:47:00;236;Acidente sem vítima;768;BR-163/MS;SUL;Atropelamento de animais;0;0;0;0;0;0;0;0;0;1;2;0;0;0;0
02/01/2021;19:49:00;237;Acidente com vítima;499;BR-163/MS;SUL;Saídas de pista;1;0;0;0;0;0;0;0;0;0;4;0;1;0;0
03/01/2021;05:37:00;38;Acidente com vítima;458;BR-163/MS;NORTE;Colisão lateral no sentido contrário;1;0;0;1;0;0;0;0;0;0;2;1;0;0;0
03/01/2021;21:18:00;309;Acidente com vítima;164;BR-163/MS;NORTE;Colisão com veículos (traseira);0;1;0;0;0;1;0;0;0;0;1;1;0;0;0
03/01/2021;22:09:00;316;Acidente sem vítima;183;BR-163/MS;NORTE;Capotamento;0;0;1;0;0;2;0;0;0;1;8;0;0;0;0
04/01/2021;06:46:00;55;Acidente sem vítima;0,45;BR-163/MS;NORTE;Colisão com veículos (traseira);1;0;0;0;0;1;0;0;0;0;5;0;0;0;0
04/01/2021;08:15:00;105;Acidente com vítima;456;BR-163/MS;NORTE;Colisão lateral no sentido contrário;1;0;0;0;0;0;0;0;0;1;1;0;2;0;0
04/01/2021;09:16:00;133;Acidente com vítima;524,1;BR-163/MS;SUL;Capotamento;1;0;0;0;0;0;0;0;0;0;0;0;0;2;0
04/01/2021;09:31:00;138;Acidente com vítima;256;BR-163/MS;NORTE;Colisão lateral no mesmo sentido;1;0;0;1;0;0;0;0;0;0;5;1;0;0;0
04/01/2021;21:36:00;333;Acidente sem vítima;135,6;BR-163/MS;SUL;Atropelamento de animais;0;0;1;0;0;0;0;0;0;0;1;0;0;0;0
05/01/2021;07:29:00;82;Acidente com vítima;83;BR-163/MS;NORTE;Tombamento;0;0;1;0;0;3;0;0;0;0;3;1;0;0;0
05/01/2021;08:01:00;98;Acidente com vítima;431,111;BR-163/MS;SUL;Tombamento de moto;0;0;0;1;0;0;0;0;0;0;0;2;0;0;0
05/01/2021;11:04:00;177;Acidente com vítima;730,8;BR-163/MS;NORTE;Colisão lateral no sentido contrário;0;1;0;0;0;0;0;0;0;1;1;0;0;1;0
05/01/2021;11:55:00;193;Acidente com vítima;78;BR-163/MS;NORTE;Colisão lateral no mesmo sentido;0;0;1;1;0;2;0;0;0;0;3;1;0;0;0
05/01/2021;12:12:00;195;Acidente sem vítima;440;BR-163/MS;NORTE;Colisão com veículos (traseira);2;0;0;0;0;0;0;0;0;0;6;0;0;0;0
05/01/2021;14:20:00;242;Acidente sem vítima;96,4;BR-163/MS;SUL;Saídas de pista;0;0;0;0;0;0;0;0;0;1;3;0;0;0;0
05/01/2021;16:14:00;269;Acidente sem vítima;651;BR-163/MS;NORTE;Colisão c/ obstáculos;1;0;0;0;0;0;0;0;0;0;4;0;0;0;0
06/01/2021;10:55:00;161;Acidente sem vítima;167;BR-163/MS;SUL;Colisão c/ obstáculos;1;0;0;0;0;0;0;0;0;0;1;0;0;0;0
06/01/2021;23:00:00;352;Acidente com vítima;732,667;BR-163/MS;NORTE;Colisão lateral no sentido contrário;0;0;1;0;0;1;0;0;0;1;3;0;1;0;0
07/01/2021;01:06:00;7;Acidente sem vítima;786;BR-163/MS;NORTE;Atropelamento de animais;1;0;0;0;0;0;0;0;0;0;3;0;0;0;0
07/01/2021;21:44:00;323;Acidente sem vítima;160,645;BR-163/MS;NORTE;Capotamento;1;0;0;0;0;0;0;0;0;0;1;0;0;0;0
08/01/2021;03:47:00;19;Acidente sem vítima;377,154;BR-163/MS;NORTE;Atropelamento de animais;0;0;0;0;0;0;0;0;0;1;2;0;0;0;0
08/01/2021;05:00:00;27;Acidente sem vítima;779,2;BR-163/MS;NORTE;Atropelamento de animais;0;0;0;0;0;0;0;0;0;1;4;0;0;0;0
08/01/2021;05:42:00;41;Acidente sem vítima;279;BR-163/MS;NORTE;Capotamento;1;0;0;0;0;0;0;0;0;0;1;0;0;0;0
25/01/2021;20:16:00;345;Acidente sem vítima;491,984;BR-163/MS;NORTE;Colisão lateral no mesmo sentido;1;0;1;0;0;0;0;0;0;0;6;0;0;0;0
26/01/2021;04:46:00;28;Acidente com vítima;665,449;BR-163/MS;NORTE;Tombamento;0;0;1;0;0;0;0;0;0;0;0;1;0;0;0
08/01/2021;14:49:00;285;Acidente sem vítima;351;BR-163/MS;NORTE;Colisão com veículos (traseira);0;0;0;0;0;0;0;0;0;2;7;0;0;0;0
08/01/2021;15:56:00;308;Acidente sem vítima;40;BR-163/MS;SUL;Tombamento;0;0;1;0;0;0;0;0;0;0;2;0;0;0;0
09/01/2021;08:56:00;158;Acidente sem vítima;5,8;BR-163/MS;NORTE;Colisão com veículos (traseira);0;0;0;0;0;0;0;0;0;2;7;0;0;0;0
09/01/2021;13:56:00;261;Acidente sem vítima;510;BR-163/MS;NORTE;Saídas de pista;0;0;0;0;0;0;0;0;0;1;2;0;0;0;0
09/01/2021;20:26:00;396;Acidente sem vítima;666;BR-163/MS;NORTE;Saídas de pista;0;0;1;0;0;1;0;0;0;0;2;0;0;0;0
09/01/2021;20:31:00;400;Acidente com vítima;482;BR-163/MS;NORTE;Colisão lateral no mesmo sentido;1;0;0;1;0;0;0;0;0;0;4;0;1;0;0
10/01/2021;16:26:00;281;Acidente sem vítima;320;BR-163/MS;NORTE;Capotamento;1;0;0;0;0;0;0;0;0;0;1;0;0;0;0
10/01/2021;17:43:00;308;Acidente com vítima;616,285;BR-163/MS;SUL;Capotamento;1;0;0;0;0;0;0;0;0;0;4;0;1;0;0
11/01/2021;14:14:00;246;Acidente com vítima;427,85;BR-163/MS;NORTE;Colisão c/ obstáculos;0;0;1;0;0;0;0;0;0;1;2;1;0;0;0
11/01/2021;16:25:00;302;Acidente sem vítima;20,6;BR-163/MS;NORTE;Colisão com veículos (traseira);2;0;0;0;0;0;0;0;0;0;3;0;0;0;0
11/01/2021;18:26:00;325;Acidente com vítima;806,42;BR-163/MS;NORTE;Capotamento;0;0;0;0;0;0;0;0;0;1;0;3;0;1;0
12/01/2021;00:19:00;4;Acidente sem vítima;11,8;BR-163/MS;SUL;Colisão c/ obstáculos;0;0;0;0;0;0;0;0;0;1;1;0;0;0;0
12/01/2021;07:54:00;106;Acidente com vítima;602,536;BR-163/MS;SUL;Capotamento;1;0;0;0;0;0;0;0;0;0;1;1;0;0;0
12/01/2021;12:29:00;214;Acidente sem vítima;106,937;BR-163/MS;SUL;Tombamento;0;0;0;0;0;0;0;0;0;1;1;0;0;0;0
12/01/2021;15:52:00;267;Acidente com vítima;64;BR-163/MS;SUL;Colisão lateral no mesmo sentido;1;0;1;0;0;0;0;0;0;0;3;1;0;0;0