data;horario;n_da_ocorrencia;tipo_de_ocorrencia;km;trecho;sentido;tipo_de_acidente;automovel;bicicleta;caminhao;moto;onibus;outros;tracao_animal;transporte_de_cargas_especiais;trator_maquinas;utilitarios;ilesos;levemente_feridos;moderadamente_feridos;gravemente_feridos;mortos
12/01/2021;16:12:00;276;Acidente com vítima;580,913;BR-163/MS;NORTE;Tombamento de moto;0;0;0;1;0;0;0;0;0;0;0;1;0;0;0
12/01/2021;17:46:00;304;Acidente com vítima;615,633;BR-163/MS;SUL;Colisão lateral no sentido contrário;0;0;1;1;0;0;0;0;0;0;1;1;0;0;0
12/01/2021;19:14:00;322;Acidente sem vítima;295,375;BR-163/MS;SUL;Atropelamento de animais;0;0;0;0;0;0;0;0;0;1;4;0;0;0;0
13/01/2021;03:18:00;22;Acidente com vítima;445,23;BR-163/MS;NORTE;Colisão c/ obstáculos;0;0;0;0;0;0;0;0;0;1;0;0;1;2;0
13/01/2021;12:02:00;224;Acidente sem vítima;627,48;BR-163/MS;NORTE;Colisão com veículos (traseira);2;0;0;0;0;0;0;0;0;0;9;0;0;0;0
13/01/2021;12:37:00;234;Acidente com vítima;221,4;BR-163/MS;SUL;Colisão lateral no mesmo sentido;1;0;1;0;0;1;0;0;0;0;3;0;0;1;0
13/01/2021;15:03:00;278;Acidente sem vítima;223;BR-163/MS;NORTE;Capotamento;0;0;0;0;0;0;0;0;0;1;1;0;0;0;0
13/01/2021;18:42:00;372;Acidente sem vítima;78;BR-163/MS;NORTE;Capotamento;1;0;0;0;0;1;0;0;0;0;2;0;0;0;0
13/01/2021;19:07:00;379;Acidente sem vítima;393;BR-163/MS;SUL;Colisão lateral no mesmo sentido;1;0;1;0;0;0;0;0;0;0;3;0;0;0;0
13/01/2021;21:02:00;398;Acidente com vítima;152;BR-163/MS;NORTE;Tombamento;0;0;1;0;0;2;0;0;0;0;2;0;1;0;0
13/01/2021;21:45:00;410;Acidente sem vítima;295;BR-163/MS;NORTE;Colisão c/ obstáculos;1;0;0;0;0;0;0;0;0;0;5;0;0;0;0
13/01/2021;23:37:00;429;Acidente com vítima;124;BR-163/MS;SUL;Atropelamento de animais;0;0;0;1;0;0;0;0;0;0;0;1;0;0;0
14/01/2021;04:07:00;18;Acidente sem vítima;330;BR-163/MS;SUL;Atropelamento de animais;0;0;0;0;0;0;0;0;0;1;5;0;0;0;0
14/01/2021;07:06:00;78;Acidente sem vítima;648;BR-163/MS;NORTE;Capotamento;1;0;0;0;0;0;0;0;0;0;1;0;0;0;0
14/01/2021;19:45:00;425;Acidente sem vítima;436,4;BR-163/MS;NORTE;Atropelamento de animais;1;0;0;0;0;0;0;0;0;0;1;0;0;0;0
14/01/2021;21:33:00;444;Acidente com vítima;266,505;BR-163/MS;NORTE;Colisão com veículos (traseira);0;0;1;1;0;1;0;0;0;0;2;0;0;1;0
15/01/2021;03:06:00;29;Acidente sem vítima;663,302;BR-163/MS;SUL;Saídas de pista;1;0;0;0;0;0;0;0;0;0;1;0;0;0;0
15/01/2021;13:17:00;236;Acidente sem vítima;323,193;BR-163/MS;SUL;Tombamento;0;0;1;0;0;0;0;0;0;0;1;0;0;0;0
15/01/2021;13:33:00;241;Acidente sem vítima;205,652;BR-163/MS;SUL;Colisão c/ obstáculos;1;0;1;0;0;2;0;0;0;0;6;0;0;0;0
15/01/2021;15:01:00;259;Acidente sem vítima;470;BR-163/MS;NORTE;Colisão com veículos (traseira);0;0;2;0;0;0;0;0;0;0;3;0;0;0;0
15/01/2021;16:47:00;293;Acidente com vítima;281,442;BR-163/MS;NORTE;Tombamento;0;1;0;0;0;0;0;0;0;0;0;1;0;0;0
15/01/2021;17:10:00;298;Acidente com vítima;174,115;BR-163/MS;SUL;Colisão com veículos (traseira);0;0;2;0;0;0;0;0;0;0;1;0;1;0;0
15/01/2021;18:12:00;311;Acidente sem vítima;76,44;BR-163/MS;NORTE;Colisão com veículos (traseira);1;0;1;0;0;0;0;0;0;0;2;0;0;0;0
15/01/2021;19:56:00;336;Acidente com vítima;679,533;BR-163/MS;NORTE;Colisão lateral no sentido contrário;0;0;4;0;0;9;0;0;0;0;12;1;1;0;0
15/01/2021;22:33:00;352;Acidente sem vítima;787,72;BR-163/MS;SUL;Capotamento;0;0;0;0;0;0;0;0;0;1;1;0;0;0;0
16/01/2021;11:55:00;172;Acidente sem vítima;648,768;BR-163/MS;NORTE;Saídas de pista;1;0;0;0;0;0;0;0;0;0;2;0;0;0;0
16/01/2021;15:31:00;239;Acidente sem vítima;365,958;BR-163/MS;NORTE;Saídas de pista;0;0;1;0;0;0;0;0;0;0;1;0;0;0;0
16/01/2021;18:40:00;270;Acidente sem vítima;266,525;BR-163/MS;SUL;Colisão c/ obstáculos;1;0;0;0;0;1;0;0;0;0;2;0;0;0;0
16/01/2021;19:03:00;274;Acidente sem vítima;386,917;BR-163/MS;NORTE;Atropelamento de animais;1;0;0;0;0;0;0;0;0;0;4;0;0;0;0
16/01/2021;22:40:00;319;Atropelamento com morte;462,509;BR-163/MS;NORTE;Atropelamento de pedestre;1;0;0;0;0;0;0;0;0;0;5;0;0;0;2
17/01/2021;00:23:00;2;Acidente sem vítima;24,1;BR-163/MS;SUL;Atropelamento de animais;0;0;0;0;0;0;0;0;0;1;2;0;0;0;0
17/01/2021;02:44:00;15;Acidente com vítima;159,365;BR-163/MS;NORTE;Capotamento;1;0;0;0;0;0;0;0;0;0;1;1;0;0;0
17/01/2021;10:47:00;125;Acidente sem vítima;190,9;BR-163/MS;NORTE;Saídas de pista;1;0;0;0;0;0;0;0;0;0;2;0;0;0;0
17/01/2021;19:43:00;234;Acidente sem vítima;248,447;BR-163/MS;NORTE;Colisão c/ obstáculos;1;0;0;0;0;0;0;0;0;0;5;0;0;0;0
18/01/2021;02:48:00;14;Acidente com vítima;562,292;BR-163/MS;NORTE;Saídas de pista;0;0;1;0;0;0;0;0;0;0;0;1;0;0;0
18/01/2021;10:41:00;241;Acidente sem vítima;58,9;BR-163/MS;NORTE;Colisão lateral no mesmo sentido;0;0;2;0;0;2;0;0;0;0;4;0;0;0;0
18/01/2021;11:08:00;252;Acidente com morte;788,106;BR-163/MS;NORTE;Colisão lateral no sentido contrário;0;0;1;0;0;1;0;0;0;1;2;0;0;0;2
19/01/2021;01:32:00;16;Acidente sem vítima;613,794;BR-163/MS;NORTE;Atropelamento de animais;1;0;0;0;0;0;0;0;0;0;5;0;0;0;0
19/01/2021;10:09:00;173;Acidente com vítima;371,206;BR-163/MS;SUL;Capotamento;1;0;0;0;0;0;0;0;0;0;0;1;0;0;0
19/01/2021;10:14:00;175;Acidente com vítima;23;BR-163/MS;SUL;Colisão lateral no sentido contrário;1;0;1;0;0;1;0;0;0;0;3;1;0;0;0
19/01/2021;17:10:00;382;Acidente com vítima;466;BR-163/MS;NORTE;Tombamento de moto;0;0;0;1;0;0;0;0;0;0;0;1;0;0;0
20/01/2021;07:39:00;81;Acidente sem vítima;543,495;BR-163/MS;NORTE;Colisão c/ obstáculos;0;0;0;0;0;0;0;0;0;1;2;0;0;0;0
20/01/2021;13:08:00;289;Acidente com vítima;730,341;BR-163/MS;SUL;Colisão com veículos (traseira);1;0;1;0;0;0;0;0;0;0;4;2;0;0;0
20/01/2021;17:24:00;385;Acidente sem vítima;21;BR-163/MS;SUL;Colisão c/ obstáculos;0;0;1;0;0;0;0;0;0;0;2;0;0;0;0
20/01/2021;17:32:00;388;Acidente sem vítima;438,214;BR-163/MS;SUL;Atropelamento de animais;0;0;0;0;0;0;0;0;0;1;1;0;0;0;0
20/01/2021;18:32:00;402;Acidente sem vítima;388,639;BR-163/MS;NORTE;Tombamento;0;0;1;0;0;2;0;0;0;0;3;0;0;0;0
20/01/2021;18:47:00;405;Acidente sem vítima;455,827;BR-163/MS;NORTE;Colisão lateral no sentido contrário;0;0;2;0;0;1;0;0;0;0;3;0;0;0;0
20/01/2021;22:00:00;432;Acidente sem vítima;772,905;BR-163/MS;SUL;Atropelamento de animais;1;0;0;0;0;0;0;0;0;0;3;0;0;0;0
21/01/2021;06:25:00;29;Acidente com vítima;727,945;BR-163/MS;NORTE;Colisão lateral no sentido contrário;0;0;0;2;0;0;0;0;0;0;0;2;0;0;0
21/01/2021;10:21:00;190;Acidente sem vítima;470;BR-163/MS;NORTE;Colisão lateral no sentido contrário;1;0;1;0;0;0;0;0;0;0;3;0;0;0;0
21/01/2021;15:35:00;327;Acidente sem vítima;265,5;BR-163/MS;SUL;Colisão com veículos (traseira);1;0;1;0;0;1;0;0;0;0;4;0;0;0;0
21/01/2021;20:45:00;426;Acidente com vítima;308,619;BR-163/MS;NORTE;Colisão com veículos (frontal);2;0;0;0;0;0;0;0;0;0;3;1;1;0;0
22/01/2021;08:27:00;132;Acidente com vítima;487;BR-163/MS;NORTE;Colisão lateral no sentido contrário;1;0;1;0;0;0;0;0;0;0;1;0;1;0;0
22/01/2021;10:59:00;237;Acidente sem vítima;232;BR-163/MS;SUL;Tombamento de moto;0;0;0;1;0;0;0;0;0;0;2;0;0;0;0
22/01/2021;15:30:00;365;Acidente sem vítima;793,75;BR-163/MS;NORTE;Colisão c/ obstáculos;1;0;0;0;0;0;0;0;0;0;1;0;0;0;0
22/01/2021;22:39:00;507;Acidente com vítima;534;BR-163/MS;SUL;Colisão c/ obstáculos;1;0;0;0;0;0;0;0;0;0;0;1;0;0;0
22/01/2021;22:59:00;509;Acidente sem vítima;400,78;BR-163/MS;SUL;Atropelamento de animais;0;0;0;0;0;0;0;0;0;1;2;0;0;0;0
23/01/2021;13:54:00;280;Acidente sem vítima;500,697;BR-163/MS;NORTE;Saídas de pista;1;0;1;0;0;2;0;0;0;0;4;0;0;0;0
24/01/2021;01:40:00;10;Acidente com vítima;195,698;BR-163/MS;NORTE;Colisão lateral no sentido contrário;1;0;1;0;0;1;0;0;0;0;2;0;1;0;0
24/01/2021;14:24:00;271;Acidente sem vítima;551;BR-163/MS;SUL;Saídas de pista;1;0;0;0;0;0;0;0;0;0;1;0;0;0;0
24/01/2021;14:45:00;275;Acidente sem vítima;258;BR-163/MS;NORTE;Capotamento;2;0;0;0;0;0;0;0;0;0;3;0;0;0;0
24/01/2021;17:16:00;338;Acidente com vítima;486,636;BR-163/MS;NORTE;Colisão lateral no sentido contrário;1;0;0;0;0;0;0;0;0;1;2;1;0;0;0
24/01/2021;18:50:00;366;Acidente com vítima;210;BR-163/MS;SUL;Capotamento;1;0;0;0;0;0;0;0;0;0;1;1;0;0;0
24/01/2021;20:01:00;382;Acidente com vítima;76;BR-163/MS;SUL;Colisão com veículos (traseira);1;0;0;1;0;0;0;0;0;0;1;2;0;0;0
24/01/2021;22:44:00;413;Acidente sem vítima;703,846;BR-163/MS;SUL;Saídas de pista;1;0;0;0;0;0;0;0;0;0;1;0;0;0;0
25/01/2021;00:42:00;11;Acidente sem vítima;258,25;BR-163/MS;NORTE;Colisão c/ obstáculos;1;0;0;0;0;0;0;0;0;0;1;0;0;0;0
25/01/2021;06:15:00;41;Acidente sem vítima;117,223;BR-163/MS;NORTE;Colisão com veículos (traseira);0;0;2;0;0;1;0;0;0;0;3;0;0;0;0
26/01/2021;15:43:00;262;Acidente com vítima;614,7;BR-163/MS;NORTE;Colisão lateral no sentido contrário;0;0;0;1;0;0;0;0;0;1;1;1;1;0;0
26/01/2021;22:03:00;368;Acidente sem vítima;262,973;BR-163/MS;NORTE;Colisão c/ obstáculos;1;0;0;0;0;0;0;0;0;1;3;0;0;0;0
27/01/2021;00:49:00;6;Acidente com vítima;614,567;BR-163/MS;SUL;Colisão com veículos (traseira);0;0;0;1;0;0;0;0;0;1;1;1;0;0;0
27/01/2021;07:30:00;68;Acidente sem vítima;485;BR-163/MS;NORTE;Colisão com veículos (traseira);1;0;0;1;0;0;0;0;0;1;3;0;0;0;0
27/01/2021;08:25:00;92;Acidente com vítima;477;BR-163/MS;SUL;Tombamento de moto;0;0;0;1;0;0;0;0;0;0;0;1;0;0;0
27/01/2021;10:18:00;141;Acidente sem vítima;499;BR-163/MS;NORTE;Tombamento;1;0;0;0;0;1;0;0;0;0;2;0;0;0;0
27/01/2021;13:20:00;225;Acidente com vítima;520;BR-163/MS;SUL;Tombamento de moto;0;0;0;1;0;0;0;0;0;0;0;2;0;0;0
27/01/2021;13:51:00;235;Acidente com vítima;258,229;BR-163/MS;NORTE;Colisão com veículos (traseira);1;0;0;1;0;0;0;0;0;0;1;1;0;0;0
27/01/2021;16:05:00;276;Acidente sem vítima;548,8;BR-163/MS;SUL;Tombamento;0;0;0;0;0;0;0;0;0;1;2;0;0;0;0
27/01/2021;22:36:00;389;Acidente com vítima;841,996;BR-163/MS;NORTE;Tombamento de moto;0;0;0;1;0;0;0;0;0;0;0;0;1;0;0
29/01/2021;02:11:00;13;Acidente sem vítima;479,485;BR-163/MS;SUL;Atropelamento de animais;1;0;0;0;0;0;0;0;0;0;2;0;0;0;0
29/01/2021;04:44:00;30;Acidente sem vítima;379,51;BR-163/MS;SUL;Saídas de pista;0;0;1;0;0;0;0;0;0;0;2;0;0;0;0
30/01/2021;05:05:00;36;Acidente sem vítima;667,483;BR-163/MS;NORTE;Saídas de pista;0;0;1;0;0;0;0;0;0;0;1;0;0;0;0
30/01/2021;13:30:00;250;Acidente sem vítima;508,138;BR-163/MS;SUL;Colisão c/ obstáculos;0;0;0;0;0;0;0;0;0;1;3;0;0;0;0
30/01/2021;20:08:00;373;Acidente sem vítima;264;BR-163/MS;NORTE;Colisão c/ obstáculos;1;0;0;0;0;0;0;0;0;0;3;0;0;0;0
30/01/2021;21:26:00;389;Acidente com morte;663,347;BR-163/MS;NORTE;Colisão com veículos (frontal);0;0;2;0;0;1;0;0;0;1;2;1;0;1;1
31/01/2021;09:37:00;111;Acidente com morte;0,996;BR-163/MS;SUL;Colisão com veículos (frontal);2;0;0;0;0;0;0;0;0;0;0;1;0;0;1
31/01/2021;14:53:00;192;Acidente com vítima;544,719;BR-163/MS;NORTE;Tombamento;0;0;1;0;0;1;0;0;0;0;1;0;0;1;0
31/01/2021;22:27:00;298;Acidente sem vítima;476,849;BR-163/MS;SUL;Tombamento de moto;0;0;0;1;0;0;0;0;0;0;2;0;0;0;0
01/02/2021;11:27:00;237;Acidente com vítima;476,701;BR-163/MS;NORTE;Engavetamento;3;0;0;0;0;0;0;0;0;0;5;1;0;0;0
01/02/2021;14:02:00;297;Acidente sem vítima;214;BR-163/MS;SUL;Tombamento;0;0;1;0;0;0;0;0;0;0;1;0;0;0;0
01/02/2021;18:25:00;415;Acidente sem vítima;484;BR-163/MS;NORTE;Colisão com veículos (traseira);2;0;0;0;0;1;0;0;0;0;3;0;0;0;0
02/02/2021;23:39:00;460;Acidente com vítima;602,518;BR-163/MS;NORTE;Colisão c/ obstáculos;0;0;1;0;0;2;0;0;0;0;2;1;0;0;0
03/02/2021;09:00:00;145;Acidente com vítima;482,575;BR-163/MS;SUL;Colisão c/ obstáculos;1;0;0;1;0;0;0;0;0;0;3;1;0;0;0
03/02/2021;11:18:00;198;Acidente sem vítima;806,496;BR-163/MS;NORTE;Tombamento;0;0;1;0;0;2;0;0;0;0;3;0;0;0;0
03/02/2021;12:38:00;216;Acidente sem vítima;245,747;BR-163/MS;NORTE;Colisão com veículos (traseira);2;0;0;0;0;0;0;0;0;0;3;0;0;0;0
03/02/2021;15:27:00;269;Acidente com vítima;286,52;BR-163/MS;SUL;Colisão lateral no sentido contrário;1;0;0;0;0;0;0;0;0;1;1;2;0;0;0
04/02/2021;13:54:00;236;Acidente com vítima;475,788;BR-163/MS;NORTE;Colisão lateral no sentido contrário;1;0;0;0;0;0;0;0;0;1;2;1;0;0;0
04/02/2021;14:22:00;244;Acidente com vítima;520,548;BR-163/MS;SUL;Tombamento;0;0;1;0;0;1;0;0;0;0;1;1;0;0;0
05/02/2021;13:28:00;245;Acidente com vítima;490;BR-163/MS;SUL;Colisão com veículos (traseira);2;0;0;0;0;0;0;0;0;0;7;1;0;0;0
05/02/2021;19:14:00;359;Acidente com vítima;681,427;BR-163/MS;SUL;Colisão lateral no sentido contrário;1;0;0;1;0;0;0;0;0;0;1;1;0;0;0
05/02/2021;22:17:00;403;Acidente com vítima;609,44;BR-163/MS;SUL;Tombamento de moto;0;0;0;1;0;0;0;0;0;0;1;1;0;0;0
06/02/2021;00:12:00;2;Acidente sem vítima;795,4;BR-163/MS;NORTE;Atropelamento de animais;0;0;0;0;0;0;0;0;0;1;3;0;0;0;0
06/02/2021;01:41:00;12;Acidente sem vítima;36,9;BR-163/MS;SUL;Atropelamento de animais;0;0;0;0;0;0;0;0;0;1;1;0;0;0;0
06/02/2021;04:49:00;25;Acidente com vítima;693,754;BR-163/MS;NORTE;Colisão com veículos (traseira);0;0;1;0;0;0;0;0;0;1;2;1;0;0;0
06/02/2021;06:46:00;48;Acidente com morte;457,203;BR-163/MS;NORTE;Colisão com veículos (frontal);1;0;0;0;0;0;0;0;0;1;0;2;0;0;1
06/02/2021;10:03:00;125;Acidente com vítima;456;BR-163/MS;SUL;Colisão lateral no sentido contrário;0;0;2;0;0;0;0;0;0;0;1;1;1;0;0
06/02/2021;13:13:00;173;Acidente com vítima;667;BR-163/MS;SUL;Capotamento;1;0;0;0;0;0;0;0;0;0;4;1;0;0;0
07/02/2021;04:22:00;24;Acidente sem vítima;643,126;BR-163/MS;NORTE;Colisão c/ obstáculos;1;0;0;0;0;0;0;0;0;0;1;0;0;0;0
07/02/2021;04:43:00;27;Acidente com vítima;241,444;BR-163/MS;SUL;Colisão lateral no mesmo sentido;1;0;1;0;0;1;0;0;0;0;1;2;0;0;0
07/02/2021;07:01:00;55;Acidente sem vítima;341;BR-163/MS;NORTE;Colisão com veículos (traseira);0;0;0;0;0;0;0;0;0;2;2;0;0;0;0
07/02/2021;08:39:00;86;Acidente sem vítima;659,57;BR-163/MS;SUL;Tombamento;0;0;0;0;0;1;0;0;0;1;2;0;0;0;0
07/02/2021;09:29:00;107;Acidente com vítima;621;BR-163/MS;NORTE;Tombamento de moto;0;0;0;1;0;0;0;0;0;0;1;1;0;0;0
07/02/2021;11:02:00;150;Acidente sem vítima;342,175;BR-163/MS;SUL;Colisão com veículos (traseira);2;0;0;0;0;0;0;0;0;0;9;0;0;0;0
07/02/2021;22:05:00;422;Acidente com vítima;485;BR-163/MS;NORTE;Colisão lateral no mesmo sentido;0;0;1;1;0;0;0;0;0;0;1;2;0;0;0
08/02/2021;08:30:00;104;Acidente sem vítima;484;BR-163/MS;NORTE;Colisão lateral no mesmo sentido;1;0;1;0;0;1;0;0;0;0;5;0;0;0;0
08/02/2021;19:38:00;313;Acidente sem vítima;569,953;BR-163/MS;SUL;Colisão com veículos (traseira);1;0;0;0;0;0;0;0;0;1;6;0;0;0;0
08/02/2021;20:17:00;323;Acidente sem vítima;359,163;BR-163/MS;SUL;Atropelamento de animais;1;0;0;0;0;0;0;0;0;0;1;0;0;0;0
09/02/2021;12:59:00;196;Acidente sem vítima;715;BR-163/MS;SUL;Atropelamento de animais;1;0;0;0;0;0;0;0;0;0;1;0;0;0;0
09/02/2021;22:11:00;349;Acidente com vítima;679,508;BR-163/MS;NORTE;Colisão lateral no sentido contrário;0;0;0;1;0;0;0;0;0;1;3;0;1;0;0
10/02/2021;05:21:00;26;Acidente sem vítima;184,9;BR-163/MS;NORTE;Atropelamento de animais;1;0;0;0;0;0;0;0;0;0;2;0;0;0;0
10/02/2021;08:12:00;89;Acidente com vítima;479,283;BR-163/MS;SUL;Colisão lateral no sentido contrário;0;0;1;1;0;0;0;0;0;0;1;0;0;1;0
10/02/2021;11:01:00;157;Acidente sem vítima;20,267;BR-163/MS;NORTE;Tombamento;0;0;1;0;0;2;0;0;0;0;4;0;0;0;0
10/02/2021;15:45:00;260;Acidente com vítima;173,874;BR-163/MS;SUL;Colisão com veículos (traseira);0;0;2;0;0;4;0;0;0;0;5;2;0;0;0
10/02/2021;20:27:00;333;Acidente sem vítima;76,36;BR-163/MS;NORTE;Colisão c/ obstáculos;0;0;1;0;0;2;0;0;0;0;3;0;0;0;0
11/02/2021;07:53:00;81;Acidente sem vítima;423,231;BR-163/MS;SUL;Colisão c/ obstáculos;1;0;0;0;0;0;0;0;0;0;1;0;0;0;0
11/02/2021;09:57:00;159;Acidente sem vítima;676;BR-163/MS;NORTE;Colisão com veículos (traseira);0;0;0;0;0;1;0;0;0;1;2;0;0;0;0
11/02/2021;16:04:00;290;Acidente sem vítima;525,457;BR-163/MS;NORTE;Capotamento;1;0;0;0;0;0;0;0;0;0;2;0;0;0;0
12/02/2021;05:49:00;36;Acidente com vítima;535,794;BR-163/MS;NORTE;Saídas de pista;0;0;0;0;0;0;0;0;0;1;0;0;1;0;0
12/02/2021;07:31:00;74;Acidente sem vítima;106;BR-163/MS;NORTE;Capotamento;1;0;0;0;0;0;0;0;0;0;2;0;0;0;0
12/02/2021;18:23:00;292;Acidente com vítima;680,395;BR-163/MS;NORTE;Colisão lateral no mesmo sentido;0;0;0;1;0;1;0;0;0;0;1;2;0;0;0
12/02/2021;19:21:00;308;Acidente com vítima;485,462;BR-163/MS;NORTE;Tombamento de moto;0;0;0;1;0;0;0;0;0;0;0;0;1;0;0
12/02/2021;22:36:00;337;Acidente sem vítima;641,596;BR-163/MS;NORTE;Saídas de pista;0;0;0;0;0;0;0;0;0;1;2;0;0;0;0
13/02/2021;03:28:00;10;Acidente sem vítima;513,507;BR-163/MS;SUL;Capotamento;1;0;0;0;0;0;0;0;0;0;1;0;0;0;0
13/02/2021;08:36:00;80;Acidente com vítima;125,5;BR-163/MS;NORTE;Colisão lateral no sentido contrário;1;1;0;0;0;0;0;0;0;0;3;0;1;0;0
14/02/2021;10:16:00;137;Acidente com vítima;263;BR-163/MS;NORTE;Tombamento de moto;0;0;0;1;0;0;0;0;0;0;0;1;0;0;0
14/02/2021;11:13:00;144;Acidente com vítima;678;BR-163/MS;NORTE;Tombamento;0;0;1;0;0;1;0;0;0;0;2;1;0;0;0
14/02/2021;17:15:00;235;Acidente sem vítima;569,5;BR-163/MS;NORTE;Tombamento;1;0;0;0;0;0;0;0;0;0;2;0;0;0;0
15/02/2021;01:04:00;11;Acidente sem vítima;432;BR-163/MS;SUL;Atropelamento de animais;1;0;0;0;0;0;0;0;0;0;2;0;0;0;0
15/02/2021;13:17:00;222;Acidente com vítima;132,533;BR-163/MS;NORTE;Colisão c/ obstáculos;1;0;0;0;0;0;0;0;0;0;1;2;0;0;0
15/02/2021;15:04:00;252;Acidente sem vítima;293,198;BR-163/MS;NORTE;Tombamento;1;0;0;0;0;0;0;0;0;0;2;0;0;0;0
15/02/2021;15:34:00;264;Acidente sem vítima;613,237;BR-163/MS;SUL;Colisão c/ obstáculos;0;0;1;0;0;2;0;0;0;0;3;0;0;0;0
15/02/2021;19:05:00;330;Acidente com vítima;280;BR-163/MS;SUL;Colisão c/ obstáculos;1;1;0;0;0;0;0;0;0;0;1;1;0;0;0
16/02/2021;12:16:00;176;Acidente sem vítima;507,294;BR-163/MS;SUL;Tombamento;0;0;1;0;0;0;0;0;0;0;1;0;0;0;0
16/02/2021;20:37:00;319;Acidente sem vítima;386,867;BR-163/MS;SUL;Atropelamento de animais;0;0;1;0;0;2;0;0;0;0;3;0;0;0;0
16/02/2021;21:05:00;324;Acidente sem vítima;148,2;BR-163/MS;NORTE;Tombamento de moto;0;0;0;1;0;0;0;0;0;0;1;0;0;0;0
16/02/2021;21:18:00;326;Acidente sem vítima;401,65;BR-163/MS;NORTE;Atropelamento de animais;0;0;1;0;0;1;0;0;0;0;2;0;0;0;0
17/02/2021;21:00:00;347;Acidente sem vítima;758,1;BR-163/MS;SUL;Atropelamento de animais;1;0;0;0;0;0;0;0;0;0;3;0;0;0;0
18/02/2021;22:37:00;375;Acidente com vítima;250,841;BR-163/MS;SUL;Atropelamento de animais;0;0;0;1;0;0;0;0;0;0;0;1;0;0;0
19/02/2021;20:46:00;397;Acidente com vítima;551;BR-163/MS;NORTE;Capotamento;1;0;0;0;0;0;0;0;0;0;1;1;0;0;0
20/02/2021;05:11:00;20;Acidente com vítima;699,953;BR-163/MS;SUL;Tombamento de moto;0;0;0;1;0;0;0;0;0;0;1;1;0;0;0
20/02/2021;07:30:00;62;Acidente com vítima;486,672;BR-163/MS;SUL;Tombamento de moto;1;0;0;1;0;0;0;0;0;0;1;0;0;1;0
20/02/2021;09:26:00;126;Acidente com vítima;23,197;BR-163/MS;NORTE;Colisão lateral no sentido contrário;1;0;0;0;0;0;0;0;0;1;5;2;0;0;0
20/02/2021;10:20:00;144;Acidente com vítima;244,655;BR-163/MS;SUL;Capotamento;1;0;0;0;0;0;0;0;0;0;0;1;0;0;0
20/02/2021;22:01:00;350;Atropelamento com morte;728,338;BR-163/MS;NORTE;Atropelamento de pedestre;0;0;1;0;0;1;0;0;0;0;3;0;0;0;1
21/02/2021;02:49:00;19;Acidente sem vítima;639,228;BR-163/MS;SUL;Colisão c/ obstáculos;0;0;0;0;0;0;0;0;0;1;1;0;0;0;0
21/02/2021;06:32:00;37;Acidente com morte;559,764;BR-163/MS;SUL;Capotamento;0;0;1;0;0;1;0;0;0;0;1;1;0;0;1
21/02/2021;07:48:00;58;Atropelamento sem morte;20,733;BR-163/MS;NORTE;Atropelamento de pedestre;0;0;1;0;0;3;0;0;0;0;4;1;0;0;0
21/02/2021;11:28:00;119;Acidente sem vítima;674;BR-163/MS;SUL;Colisão com veículos (traseira);0;0;0;0;0;0;0;0;0;2;7;0;0;0;0
21/02/2021;13:54:00;156;Acidente sem vítima;200,68;BR-163/MS;NORTE;Capotamento;0;0;0;0;0;0;0;0;0;1;2;0;0;0;0
22/02/2021;15:04:00;238;Acidente com vítima;838,4;BR-163/MS;SUL;Tombamento;0;0;1;0;0;1;0;0;0;0;2;1;0;0;0
22/02/2021;18:56:00;313;Acidente sem vítima;251,564;BR-163/MS;SUL;Atropelamento de animais;0;0;0;0;0;0;0;0;0;1;1;0;0;0;0
24/02/2021;03:54:00;20;Acidente sem vítima;395,235;BR-163/MS;SUL;Atropelamento de animais;0;0;0;0;0;0;0;0;0;1;1;0;0;0;0
24/02/2021;08:00:00;98;Acidente com vítima;690,453;BR-163/MS;NORTE;Capotamento;0;0;0;0;0;0;0;0;0;1;0;1;0;0;0
24/02/2021;14:27:00;311;Acidente com vítima;374;BR-163/MS;NORTE;Tombamento;1;0;0;0;0;0;0;0;0;0;1;1;0;0;0
24/02/2021;14:41:00;321;Acidente com vítima;0,3;BR-163/MS;NORTE;Colisão c/ obstáculos;0;0;0;0;0;0;0;0;0;1;3;1;0;0;0
25/02/2021;07:22:00;79;Acidente sem vítima;191,282;BR-163/MS;NORTE;Saídas de pista;0;0;1;0;0;0;0;0;0;0;3;0;0;0;0
25/02/2021;13:58:00;263;Acidente sem vítima;374;BR-163/MS;NORTE;Colisão c/ obstáculos;0;0;0;0;0;0;0;0;0;1;1;0;0;0;0
25/02/2021;15:16:00;288;Acidente sem vítima;373,122;BR-163/MS;SUL;Saídas de pista;1;0;0;0;0;0;0;0;0;0;5;0;0;0;0