data;horario;n_da_ocorrencia;tipo_de_ocorrencia;km;trecho;sentido;tipo_de_acidente;automovel;bicicleta;caminhao;moto;onibus;outros;tracao_animal;transporte_de_cargas_especiais;trator_maquinas;utilitarios;ilesos;levemente_feridos;moderadamente_feridos;gravemente_feridos;mortos
25/02/2021;18:57:00;344;Acidente sem vítima;563,761;BR-163/MS;NORTE;Colisão lateral no sentido contrário;0;0;0;0;0;0;0;0;0;2;3;0;0;0;0
25/02/2021;21:03:00;368;Atropelamento sem morte;126,251;BR-163/MS;SUL;Atropelamento de pedestre;0;0;1;0;0;1;0;0;0;0;2;0;0;1;0
26/02/2021;11:34:00;197;Acidente sem vítima;795,872;BR-163/MS;NORTE;Colisão lateral no mesmo sentido;0;0;1;0;0;2;0;0;0;1;5;0;0;0;0
26/02/2021;12:50:00;208;Acidente sem vítima;735,796;BR-163/MS;SUL;Tombamento;0;0;1;0;0;1;0;0;0;0;2;0;0;0;0
26/02/2021;14:29:00;236;Acidente com vítima;528,601;BR-163/MS;NORTE;Capotamento;0;0;0;0;0;0;0;0;0;1;1;1;0;0;0
26/02/2021;15:01:00;241;Acidente com morte;509,678;BR-163/MS;NORTE;Capotamento;0;0;0;0;0;0;0;0;0;1;0;0;0;1;1
26/02/2021;15:56:00;251;Acidente sem vítima;479,77;BR-163/MS;NORTE;Engavetamento;1;0;0;0;0;0;0;0;0;2;3;0;0;0;0
26/02/2021;16:11:00;256;Acidente sem vítima;378,904;BR-163/MS;NORTE;Capotamento;0;0;0;0;0;0;0;0;0;1;1;0;0;0;0
27/02/2021;01:02:00;6;Acidente sem vítima;778,45;BR-163/MS;NORTE;Atropelamento de animais;0;0;0;0;1;0;0;0;0;0;30;0;0;0;0
27/02/2021;05:17:00;21;Acidente com vítima;600;BR-163/MS;NORTE;Tombamento;0;0;1;0;0;0;0;0;0;0;0;1;0;0;0
27/02/2021;05:32:00;25;Atropelamento com morte;321,162;BR-163/MS;SUL;Atropelamento de pedestre;0;0;0;0;0;1;0;0;0;0;1;0;0;0;1
27/02/2021;08:42:00;93;Acidente com vítima;465,411;BR-163/MS;NORTE;Engavetamento;1;0;1;0;0;2;0;0;0;2;6;0;1;0;0
27/02/2021;12:03:00;142;Acidente com vítima;484,413;BR-163/MS;NORTE;Engavetamento;2;0;0;1;0;1;0;0;0;0;3;1;0;0;0
27/02/2021;20:25:00;267;Acidente com vítima;634;BR-163/MS;SUL;Tombamento;0;0;1;0;0;1;0;0;0;0;2;1;1;0;0
27/02/2021;23:24:00;289;Acidente sem vítima;446;BR-163/MS;NORTE;Atropelamento de animais;1;0;0;0;0;0;0;0;0;0;2;0;0;0;0
28/02/2021;00:20:00;7;Acidente sem vítima;666,5;BR-163/MS;NORTE;Saídas de pista;1;0;0;0;0;0;0;0;0;0;1;0;0;0;0
28/02/2021;02:38:00;18;Acidente sem vítima;552,15;BR-163/MS;NORTE;Atropelamento de animais;0;0;0;0;0;0;0;0;0;1;1;0;0;0;0
28/02/2021;04:25:00;34;Acidente com vítima;261,36;BR-163/MS;NORTE;Tombamento de moto;0;0;0;1;0;0;0;0;0;0;0;1;0;0;0
28/02/2021;07:34:00;77;Acidente sem vítima;676,83;BR-163/MS;NORTE;Colisão c/ obstáculos;0;0;0;0;0;0;0;0;0;1;1;0;0;0;0
28/02/2021;20:13:00;261;Acidente sem vítima;282,211;BR-163/MS;SUL;Colisão com veículos (traseira);1;0;0;0;0;0;0;0;0;1;6;0;0;0;0
01/03/2021;05:04:00;48;Acidente com vítima;408,12;BR-163/MS;NORTE;Colisão com veículos (traseira);0;0;1;1;0;0;0;0;0;0;1;0;0;1;0
01/03/2021;15:34:00;272;Acidente sem vítima;525;BR-163/MS;NORTE;Saídas de pista;0;0;0;0;0;0;0;0;0;1;2;0;0;0;0
01/03/2021;21:07:00;341;Acidente com vítima;375,95;BR-163/MS;SUL;Tombamento de moto;0;0;0;1;0;0;0;0;0;0;0;1;0;0;0
01/03/2021;21:23:00;344;Atropelamento sem morte;479,305;BR-163/MS;SUL;Atropelamento de pedestre;0;0;0;1;0;0;0;0;0;0;2;0;1;0;0
02/03/2021;03:35:00;12;Acidente sem vítima;600;BR-163/MS;NORTE;Atropelamento de animais;1;0;0;0;0;0;0;0;0;0;4;0;0;0;0
02/03/2021;14:36:00;232;Acidente sem vítima;248,3;BR-163/MS;NORTE;Saídas de pista;0;0;0;0;0;0;0;0;0;1;1;0;0;0;0
02/03/2021;20:49:00;344;Acidente com vítima;519,776;BR-163/MS;SUL;Colisão c/ obstáculos;1;0;0;0;0;0;0;0;0;0;1;1;0;0;0
02/03/2021;22:03:00;351;Acidente com vítima;419,709;BR-163/MS;NORTE;Tombamento de moto;0;0;0;1;0;0;0;0;0;0;0;1;0;0;0
02/03/2021;22:30:00;357;Acidente sem vítima;372,988;BR-163/MS;SUL;Colisão c/ obstáculos;0;0;0;0;0;0;0;0;0;1;1;0;0;0;0
02/03/2021;23:57:00;363;Acidente sem vítima;149;BR-163/MS;NORTE;Saídas de pista;0;0;1;0;0;2;0;0;0;0;3;0;0;0;0
03/03/2021;05:20:00;17;Acidente com vítima;124;BR-163/MS;SUL;Saídas de pista;1;0;0;0;0;0;0;0;0;0;0;1;0;0;0
03/03/2021;12:22:00;170;Acidente com vítima;609,924;BR-163/MS;NORTE;Tombamento de moto;0;0;0;1;0;0;0;0;0;0;0;1;0;0;0
04/03/2021;09:31:00;159;Acidente com vítima;267,998;BR-163/MS;NORTE;Tombamento de moto;0;0;0;1;0;0;0;0;0;0;0;2;0;0;0
04/03/2021;18:51:00;288;Acidente com vítima;76;BR-163/MS;NORTE;Tombamento de moto;0;0;0;1;0;0;0;0;0;0;0;1;0;0;0
04/03/2021;20:58:00;311;Acidente com morte;149,5;BR-163/MS;NORTE;Colisão lateral no sentido contrário;0;0;1;0;0;2;0;0;0;1;3;0;0;0;1
05/03/2021;11:08:00;133;Acidente com vítima;727,194;BR-163/MS;NORTE;Colisão lateral no mesmo sentido;0;0;1;1;0;0;0;0;0;0;1;1;0;0;0
05/03/2021;12:52:00;164;Acidente sem vítima;158,221;BR-163/MS;SUL;Colisão com veículos (traseira);0;0;2;0;0;1;0;0;0;0;3;0;0;0;0
05/03/2021;15:18:00;198;Acidente com vítima;350,699;BR-163/MS;NORTE;Colisão lateral no mesmo sentido;0;0;1;0;0;2;0;0;0;0;2;1;0;0;0
05/03/2021;22:29:00;285;Acidente sem vítima;164,828;BR-163/MS;SUL;Tombamento;0;0;1;0;0;2;0;0;0;0;3;0;0;0;0
06/03/2021;04:11:00;13;Acidente sem vítima;272,94;BR-163/MS;SUL;Colisão c/ obstáculos;1;0;0;0;0;0;0;0;0;0;1;0;0;0;0
06/03/2021;14:55:00;169;Acidente sem vítima;68,72;BR-163/MS;NORTE;Saídas de pista;1;0;0;0;0;0;0;0;0;0;5;0;0;0;0
06/03/2021;16:00:00;188;Acidente sem vítima;144,66;BR-163/MS;SUL;Tombamento;0;0;1;0;0;2;0;0;0;0;3;0;0;0;0
06/03/2021;18:34:00;216;Acidente sem vítima;485,64;BR-163/MS;SUL;Colisão com veículos (traseira);2;0;0;0;0;1;0;0;0;0;7;0;0;0;0
06/03/2021;20:08:00;237;Acidente com vítima;749,901;BR-163/MS;SUL;Atropelamento de animais;0;0;0;1;0;0;0;0;0;0;0;0;0;1;0
07/03/2021;13:12:00;169;Acidente com morte;563,8;BR-163/MS;NORTE;Colisão lateral no mesmo sentido;0;0;1;1;0;1;0;0;0;0;1;1;0;0;1
07/03/2021;13:30:00;173;Acidente com vítima;727,7;BR-163/MS;NORTE;Colisão lateral no sentido contrário;1;0;0;0;0;0;0;0;0;1;1;1;0;0;0
07/03/2021;15:00:00;198;Acidente com vítima;78;BR-163/MS;NORTE;Colisão c/ obstáculos;1;0;0;0;0;0;0;0;0;0;0;2;0;0;0
08/03/2021;05:12:00;29;Acidente com vítima;82,2;BR-163/MS;SUL;Tombamento de moto;0;0;0;1;0;0;0;0;0;0;1;1;0;0;0
08/03/2021;06:42:00;52;Acidente sem vítima;485;BR-163/MS;NORTE;Colisão com veículos (traseira);1;0;1;0;0;0;0;0;0;0;3;0;0;0;0
08/03/2021;15:19:00;208;Acidente com vítima;174,109;BR-163/MS;NORTE;Tombamento;0;0;1;0;0;1;0;0;0;0;1;1;0;0;0
08/03/2021;15:29:00;210;Acidente sem vítima;219,141;BR-163/MS;SUL;Colisão com veículos (traseira);2;0;0;0;0;1;0;0;0;0;3;0;0;0;0
08/03/2021;17:20:00;233;Acidente com vítima;88,559;BR-163/MS;NORTE;Tombamento de moto;0;0;0;1;0;0;0;0;0;0;0;1;0;0;0
09/03/2021;00:32:00;4;Acidente sem vítima;316,63;BR-163/MS;SUL;Colisão c/ obstáculos;1;0;0;0;0;0;0;0;0;0;2;0;0;0;0
09/03/2021;14:14:00;243;Acidente sem vítima;238,44;BR-163/MS;SUL;Capotamento;1;0;0;0;0;1;0;0;0;0;5;0;0;0;0
09/03/2021;14:35:00;244;Acidente com vítima;324,618;BR-163/MS;SUL;Colisão lateral no sentido contrário;0;0;0;2;0;0;0;0;0;0;1;1;0;0;0
09/03/2021;19:51:00;338;Acidente com morte;335,715;BR-163/MS;NORTE;Colisão com veículos (frontal);0;0;1;0;0;2;0;0;0;3;4;0;0;1;1
10/03/2021;05:09:00;26;Acidente sem vítima;519,165;BR-163/MS;NORTE;Colisão c/ obstáculos;1;0;0;0;0;0;0;0;0;0;1;0;0;0;0
10/03/2021;05:12:00;27;Acidente com vítima;735,962;BR-163/MS;NORTE;Atropelamento de animais;1;0;0;0;0;0;0;0;0;0;0;1;0;0;0
10/03/2021;11:28:00;180;Acidente sem vítima;269,723;BR-163/MS;SUL;Colisão com veículos (traseira);0;0;2;0;0;4;0;0;0;0;7;0;0;0;0
10/03/2021;12:07:00;190;Acidente com vítima;266,5;BR-163/MS;SUL;Tombamento de moto;0;0;0;1;0;0;0;0;0;0;0;1;0;0;0
11/03/2021;13:54:00;244;Acidente com vítima;478,1;BR-163/MS;SUL;Colisão com veículos (traseira);0;0;0;1;0;0;0;0;0;1;1;0;1;0;0
11/03/2021;19:21:00;335;Acidente sem vítima;349,5;BR-163/MS;SUL;Capotamento;1;0;0;0;0;0;0;0;0;0;1;0;0;0;0
12/03/2021;02:13:00;20;Acidente sem vítima;390,428;BR-163/MS;SUL;Atropelamento de animais;0;0;0;0;0;0;0;0;0;1;3;0;0;0;0
12/03/2021;02:50:00;24;Acidente com vítima;715,5;BR-163/MS;SUL;Capotamento;1;0;0;0;0;0;0;0;0;0;0;2;0;0;0
12/03/2021;04:34:00;33;Acidente sem vítima;233,709;BR-163/MS;SUL;Saídas de pista;1;0;0;0;0;0;0;0;0;0;1;0;0;0;0
12/03/2021;06:23:00;51;Acidente com morte;117,467;BR-163/MS;SUL;Colisão com veículos (traseira);0;0;2;0;0;0;0;0;0;0;1;0;0;0;1
12/03/2021;10:11:00;165;Acidente sem vítima;257,362;BR-163/MS;SUL;Colisão c/ obstáculos;1;0;0;0;0;0;0;0;0;1;3;0;0;0;0
12/03/2021;16:22:00;264;Acidente com vítima;501;BR-163/MS;SUL;Colisão com veículos (traseira);1;0;1;0;0;0;0;0;0;0;1;1;0;1;0
12/03/2021;16:30:00;266;Acidente sem vítima;211,114;BR-163/MS;SUL;Colisão com veículos (traseira);1;0;0;0;0;0;0;0;0;1;2;0;0;0;0
12/03/2021;17:44:00;288;Acidente com vítima;19,8;BR-163/MS;NORTE;Colisão com veículos (frontal);1;0;0;1;0;0;0;0;0;0;1;0;1;0;0
13/03/2021;21:41:00;271;Acidente com vítima;259,557;BR-163/MS;NORTE;Tombamento de moto;1;0;0;1;0;0;0;0;0;0;2;1;0;0;0
14/03/2021;04:37:00;40;Acidente sem vítima;236,68;BR-163/MS;NORTE;Colisão c/ obstáculos;0;0;1;0;0;0;0;0;0;0;1;0;0;0;0
14/03/2021;22:37:00;250;Acidente sem vítima;489,446;BR-163/MS;SUL;Atropelamento de animais;0;0;0;0;0;0;0;0;0;1;2;0;0;0;0
15/03/2021;14:55:00;256;Acidente com vítima;43,519;BR-163/MS;NORTE;Colisão lateral no sentido contrário;1;0;2;0;0;1;0;0;0;0;2;2;0;0;0
15/03/2021;16:02:00;281;Acidente com vítima;609;BR-163/MS;NORTE;Colisão com veículos (frontal);0;0;0;1;0;0;0;0;0;0;0;1;0;0;0
16/03/2021;06:59:00;62;Acidente sem vítima;553,639;BR-163/MS;SUL;Colisão com veículos (traseira);0;0;2;0;0;4;0;0;0;0;6;0;0;0;0
16/03/2021;07:57:00;96;Acidente sem vítima;587;BR-163/MS;SUL;Colisão c/ obstáculos;1;0;0;0;0;0;0;0;0;0;3;0;0;0;0
16/03/2021;09:48:00;145;Acidente com vítima;756,53;BR-163/MS;SUL;Tombamento de moto;0;0;0;1;0;0;0;0;0;0;0;1;1;0;0
16/03/2021;12:51:00;225;Acidente sem vítima;601,436;BR-163/MS;SUL;Colisão c/ obstáculos;1;0;0;0;0;0;0;0;0;0;1;0;0;0;0
17/03/2021;11:26:00;173;Acidente com vítima;487,505;BR-163/MS;SUL;Colisão lateral no sentido contrário;1;0;0;1;0;0;0;0;0;0;1;1;0;0;0
17/03/2021;14:19:00;214;Acidente sem vítima;304,841;BR-163/MS;NORTE;Engavetamento;1;0;1;0;0;0;0;0;0;1;3;0;0;0;0
17/03/2021;17:03:00;247;Acidente com morte;654,643;BR-163/MS;SUL;Capotamento;1;0;0;0;0;0;0;0;0;0;0;0;0;0;1
17/03/2021;22:53:00;306;Acidente sem vítima;693,189;BR-163/MS;SUL;Colisão c/ obstáculos;0;0;1;0;0;0;0;0;0;0;2;0;0;0;0
18/03/2021;18:58:00;267;Acidente com vítima;832,164;BR-163/MS;NORTE;Tombamento;0;0;0;1;0;0;0;0;0;0;0;2;0;0;0
18/03/2021;19:24:00;273;Acidente com vítima;22,95;BR-163/MS;NORTE;Colisão com veículos (traseira);0;0;1;1;0;0;0;0;0;0;1;0;1;0;0
18/03/2021;19:34:00;275;Acidente com morte;22,8;BR-163/MS;SUL;Colisão com veículos (frontal);0;0;2;0;0;4;0;0;0;0;5;0;0;0;1
19/03/2021;13:51:00;250;Acidente sem vítima;181,232;BR-163/MS;NORTE;Tombamento;0;0;1;0;0;1;0;0;0;0;2;0;0;0;0
19/03/2021;16:32:00;297;Acidente com vítima;467,56;BR-163/MS;SUL;Tombamento;0;1;0;0;0;0;0;0;0;0;0;1;0;0;0
19/03/2021;16:48:00;301;Acidente sem vítima;209;BR-163/MS;NORTE;Colisão lateral no sentido contrário;0;0;1;0;0;0;0;0;0;1;2;0;0;0;0
19/03/2021;00:20:00;377;Acidente com vítima;489,385;BR-163/MS;NORTE;Tombamento de moto;0;0;0;1;0;0;0;0;0;0;1;1;0;0;0
20/03/2021;00:48:00;4;Acidente sem vítima;513,257;BR-163/MS;NORTE;Saídas de pista;1;0;0;0;0;0;0;0;0;0;2;0;0;0;0
20/03/2021;07:47:00;74;Acidente sem vítima;766;BR-163/MS;SUL;Atropelamento de animais;1;0;0;0;0;0;0;0;0;0;1;0;0;0;0
20/03/2021;08:41:00;102;Acidente com vítima;633,12;BR-163/MS;NORTE;Tombamento de moto;0;0;0;1;0;0;0;0;0;0;0;2;0;0;0
20/03/2021;20:27:00;327;Acidente com vítima;323,247;BR-163/MS;SUL;Capotamento;1;0;0;0;0;0;0;0;0;0;0;1;0;0;0
21/03/2021;12:38:00;197;Acidente sem vítima;270,95;BR-163/MS;SUL;Colisão lateral no mesmo sentido;1;0;1;0;0;1;0;0;0;0;5;0;0;0;0
21/03/2021;16:47:00;263;Acidente sem vítima;601,7;BR-163/MS;SUL;Colisão c/ obstáculos;0;0;0;0;0;0;0;0;0;1;1;0;0;0;0
21/03/2021;17:20:00;273;Acidente sem vítima;364,9;BR-163/MS;NORTE;Colisão com veículos (traseira);0;0;1;0;0;0;0;0;0;1;4;0;0;0;0
21/03/2021;17:29:00;277;Acidente com vítima;505,608;BR-163/MS;SUL;Capotamento;0;0;0;0;0;0;0;0;0;1;1;1;0;0;0
21/03/2021;19:01:00;305;Acidente sem vítima;436;BR-163/MS;NORTE;Capotamento;2;0;0;0;0;1;0;0;0;0;4;0;0;0;0
22/03/2021;09:08:00;123;Acidente com vítima;78,611;BR-163/MS;SUL;Colisão lateral no sentido contrário;0;0;0;1;0;0;0;0;0;1;1;1;0;2;0
22/03/2021;12:51:00;193;Acidente com vítima;258,331;BR-163/MS;NORTE;Tombamento de moto;1;0;0;1;0;0;0;0;0;0;1;1;0;0;0
22/03/2021;19:24:00;273;Acidente sem vítima;374,126;BR-163/MS;NORTE;Saídas de pista;1;0;0;0;0;0;0;0;0;0;1;0;0;0;0
23/03/2021;07:34:00;108;Acidente com vítima;30,782;BR-163/MS;NORTE;Capotamento;1;0;0;0;0;0;0;0;0;1;2;1;0;0;0
23/03/2021;12:02:00;211;Acidente sem vítima;463,918;BR-163/MS;NORTE;Saídas de pista;1;0;0;0;0;0;0;0;0;0;1;0;0;0;0
23/03/2021;13:07:00;229;Acidente sem vítima;477;BR-163/MS;SUL;Tombamento de moto;0;0;0;1;0;0;0;0;0;0;1;0;0;0;0
23/03/2021;16:27:00;276;Acidente sem vítima;18,304;BR-163/MS;NORTE;Colisão lateral no mesmo sentido;1;0;0;0;0;0;0;0;0;1;3;0;0;0;0
24/03/2021;07:38:00;96;Acidente com vítima;0,282;BR-163/MS;NORTE;Tombamento;0;0;1;0;0;1;0;0;0;0;1;0;1;0;0
24/03/2021;18:38:00;326;Acidente sem vítima;691,285;BR-163/MS;SUL;Colisão lateral no mesmo sentido;1;0;1;0;0;0;0;0;0;0;2;0;0;0;0
24/03/2021;19:48:00;347;Acidente com vítima;526,379;BR-163/MS;NORTE;Colisão com veículos (traseira);0;0;2;0;0;2;0;0;0;0;5;1;0;0;0
24/03/2021;20:15:00;352;Acidente sem vítima;526,505;BR-163/MS;NORTE;Colisão lateral no sentido contrário;1;0;0;0;0;0;0;0;0;1;2;0;0;0;0
25/03/2021;00:08:00;1;Acidente com vítima;748,687;BR-163/MS;SUL;Tombamento;0;0;1;0;0;1;0;0;0;0;3;0;1;0;0
25/03/2021;04:13:00;16;Acidente sem vítima;613,687;BR-163/MS;SUL;Atropelamento de animais;1;0;0;0;0;0;0;0;0;0;1;0;0;0;0
25/03/2021;14:10:00;257;Acidente com vítima;704,52;BR-163/MS;SUL;Colisão c/ obstáculos;0;0;1;0;0;0;0;0;0;1;5;1;0;0;0
25/03/2021;23:33:00;403;Acidente sem vítima;146,297;BR-163/MS;SUL;Tombamento;0;0;1;0;0;0;0;0;0;0;1;0;0;0;0
26/03/2021;08:08:00;98;Acidente com vítima;258;BR-163/MS;NORTE;Colisão lateral no mesmo sentido;1;0;0;1;0;0;0;0;0;0;1;1;0;0;0
26/03/2021;17:49:00;304;Acidente sem vítima;479,269;BR-163/MS;SUL;Colisão com veículos (traseira);0;0;0;1;0;0;0;0;0;1;3;0;0;0;0
26/03/2021;21:42:00;348;Acidente com vítima;550,945;BR-163/MS;SUL;Capotamento;1;0;0;0;0;0;0;0;0;0;0;0;1;0;0
27/03/2021;16:36:00;246;Acidente sem vítima;655,85;BR-163/MS;NORTE;Colisão c/ obstáculos;0;0;0;0;0;0;0;0;0;1;3;0;0;0;0
27/03/2021;18:46:00;273;Acidente com vítima;18,583;BR-163/MS;NORTE;Colisão lateral no sentido contrário;0;0;0;2;0;0;0;0;0;0;0;2;0;0;0
28/03/2021;06:16:00;39;Acidente sem vítima;342,168;BR-163/MS;SUL;Colisão c/ obstáculos;1;0;0;0;0;0;0;0;0;0;1;0;0;0;0
28/03/2021;07:55:00;68;Acidente sem vítima;29,451;BR-163/MS;NORTE;Colisão c/ obstáculos;0;0;0;0;0;1;0;0;0;1;2;0;0;0;0
28/03/2021;09:07:00;86;Acidente sem vítima;390,429;BR-163/MS;SUL;Colisão lateral no mesmo sentido;0;0;2;0;0;5;0;0;0;0;7;0;0;0;0
29/03/2021;09:28:00;184;Acidente com morte;666,23;BR-163/MS;NORTE;Capotamento;0;0;1;0;0;1;0;0;0;0;1;0;0;0;1
29/03/2021;09:42:00;191;Acidente sem vítima;207,31;BR-163/MS;SUL;Colisão com veículos (traseira);1;0;0;0;0;0;0;0;0;1;3;0;0;0;0
29/03/2021;13:57:00;264;Acidente sem vítima;602;BR-163/MS;NORTE;Colisão com veículos (traseira);1;0;0;0;0;1;0;0;0;0;2;0;0;0;0
29/03/2021;14:28:00;277;Acidente sem vítima;555,566;BR-163/MS;SUL;Tombamento;0;0;0;0;0;0;0;0;0;1;1;0;0;0;0
30/03/2021;08:49:00;123;Acidente sem vítima;479,141;BR-163/MS;SUL;Colisão lateral no mesmo sentido;1;0;0;0;0;0;0;0;0;1;3;0;0;0;0
30/03/2021;09:22:00;136;Acidente sem vítima;484,3;BR-163/MS;SUL;Colisão lateral no mesmo sentido;1;0;1;0;0;0;0;0;0;0;3;0;0;0;0
30/03/2021;15:18:00;233;Acidente sem vítima;334;BR-163/MS;SUL;Colisão lateral no mesmo sentido;0;0;2;0;0;2;0;0;0;0;4;0;0;0;0
30/03/2021;22:49:00;340;Acidente sem vítima;22;BR-163/MS;NORTE;Atropelamento de animais;0;0;0;0;1;0;0;0;0;0;18;0;0;0;0
31/03/2021;01:28:00;19;Acidente sem vítima;384,77;BR-163/MS;SUL;Saídas de pista;0;0;1;0;0;0;0;0;0;0;1;0;0;0;0
31/03/2021;05:29:00;45;Acidente sem vítima;738,29;BR-163/MS;SUL;Atropelamento de animais;0;0;0;0;0;0;0;0;0;1;2;0;0;0;0
31/03/2021;11:23:00;188;Acidente com vítima;251,341;BR-163/MS;NORTE;Colisão com veículos (traseira);0;0;1;1;0;0;0;0;0;0;1;0;0;1;0
31/03/2021;14:05:00;241;Acidente com vítima;485,744;BR-163/MS;SUL;Engavetamento;1;0;2;0;0;1;0;0;0;2;7;1;0;0;0
31/03/2021;15:27:00;259;Acidente sem vítima;77,431;BR-163/MS;SUL;Colisão lateral no mesmo sentido;0;0;0;2;0;0;0;0;0;1;3;0;0;0;0
31/03/2021;16:56:00;290;Acidente sem vítima;143,61;BR-163/MS;SUL;Saídas de pista;0;0;0;0;0;0;0;0;0;1;2;0;0;0;0
31/03/2021;18:32:00;310;Acidente sem vítima;31,662;BR-163/MS;NORTE;Saídas de pista;1;0;0;0;0;0;0;0;0;0;1;0;0;0;0
31/03/2021;18:42:00;315;Acidente sem vítima;759,325;BR-163/MS;NORTE;Atropelamento de animais;0;0;0;0;0;0;0;0;0;1;2;0;0;0;0
31/03/2021;18:54:00;317;Acidente sem vítima;210,905;BR-163/MS;NORTE;Colisão lateral no sentido contrário;0;0;0;0;0;1;0;0;0;1;2;0;0;0;0
31/03/2021;19:29:00;327;Acidente com vítima;479,974;BR-163/MS;SUL;Colisão com veículos (traseira);0;0;1;1;0;0;0;0;0;0;1;0;1;0;0
01/04/2021;04:36:00;71;Acidente sem vítima;6,436;BR-163/MS;SUL;Colisão c/ obstáculos;1;0;0;0;0;0;0;0;0;0;3;0;0;0;0
01/04/2021;15:20:00;264;Acidente sem vítima;484,415;BR-163/MS;NORTE;Colisão c/ obstáculos;2;0;0;0;0;0;0;0;0;0;3;0;0;0;0
01/04/2021;18:38:00;318;Acidente sem vítima;297,343;BR-163/MS;NORTE;Atropelamento de animais;1;0;0;0;0;0;0;0;0;0;2;0;0;0;0
02/04/2021;05:20:00;79;Acidente sem vítima;520,47;BR-163/MS;NORTE;Colisão c/ obstáculos;1;0;0;0;0;0;0;0;0;0;2;0;0;0;0
02/04/2021;08:40:00;144;Acidente sem vítima;226,8;BR-163/MS;NORTE;Colisão com veículos (traseira);0;0;2;0;0;2;0;0;0;0;4;0;0;0;0
02/04/2021;13:25:00;240;Acidente sem vítima;566,567;BR-163/MS;SUL;Saídas de pista;1;0;0;0;0;0;0;0;0;0;3;0;0;0;0
03/04/2021;08:57:00;106;Acidente com vítima;77,7;BR-163/MS;NORTE;Colisão com veículos (traseira);0;0;0;1;0;0;0;0;0;1;1;1;0;0;0
04/04/2021;01:25:00;3;Acidente com vítima;614,744;BR-163/MS;NORTE;Tombamento de moto;0;0;0;1;0;0;0;0;0;0;0;1;0;0;0
04/04/2021;09:30:00;90;Acidente sem vítima;579;BR-163/MS;SUL;Saídas de pista;1;0;0;0;0;0;0;0;0;0;4;0;0;0;0
04/04/2021;12:24:00;125;Acidente com vítima;192,95;BR-163/MS;SUL;Tombamento;0;0;1;0;0;0;0;0;0;0;0;1;1;0;0
04/04/2021;18:17:00;214;Acidente sem vítima;313;BR-163/MS;SUL;Colisão c/ obstáculos;2;0;0;0;0;0;0;0;0;0;9;0;0;0;0
04/04/2021;18:38:00;218;Acidente com vítima;423,679;BR-163/MS;NORTE;Tombamento de moto;0;0;0;1;0;0;0;0;0;0;0;1;1;0;0
04/04/2021;18:59:00;220;Acidente com morte;276,341;BR-163/MS;SUL;Tombamento de moto;0;0;0;1;0;0;0;0;0;0;0;0;0;0;1
04/04/2021;20:14:00;232;Acidente sem vítima;221,993;BR-163/MS;NORTE;Atropelamento de animais;1;0;0;0;0;0;0;0;0;0;1;0;0;0;0
04/04/2021;21:33:00;242;Acidente sem vítima;603,116;BR-163/MS;SUL;Saídas de pista;1;0;0;0;0;0;0;0;0;0;3;0;0;0;0
06/04/2021;03:03:00;27;Acidente sem vítima;818,865;BR-163/MS;SUL;Atropelamento de animais;0;0;0;0;0;0;0;0;0;1;1;0;0;0;0
07/04/2021;16:09:00;321;Acidente sem vítima;36,5;BR-163/MS;NORTE;Saídas de pista;0;0;1;0;0;0;0;0;0;0;1;0;0;0;0
07/04/2021;19:13:00;370;Acidente com vítima;459,322;BR-163/MS;NORTE;Atropelamento de animais;0;0;0;1;0;0;0;0;0;0;0;1;0;0;0
08/04/2021;12:01:00;198;Acidente sem vítima;237;BR-163/MS;SUL;Colisão lateral no mesmo sentido;0;0;1;0;0;1;0;0;0;1;3;0;0;0;0
08/04/2021;13:47:00;239;Acidente sem vítima;140,918;BR-163/MS;SUL;Tombamento;0;0;1;0;0;1;0;0;0;0;2;0;0;0;0
08/04/2021;16:44:00;293;Acidente com vítima;6,556;BR-163/MS;NORTE;Colisão lateral no mesmo sentido;1;0;0;1;0;0;0;0;0;0;2;1;0;0;0
08/04/2021;17:12:00;301;Acidente sem vítima;117,623;BR-163/MS;NORTE;Colisão lateral no sentido contrário;1;0;1;0;0;2;0;0;0;0;6;0;0;0;0
09/04/2021;05:19:00;31;Acidente sem vítima;576;BR-163/MS;SUL;Colisão c/ obstáculos;0;0;0;0;0;0;0;0;0;1;1;0;0;0;0
09/04/2021;07:47:00;91;Acidente com vítima;479;BR-163/MS;NORTE;Colisão lateral no mesmo sentido;1;0;0;1;0;0;0;0;0;0;2;2;0;0;0
09/04/2021;16:24:00;250;Acidente sem vítima;523;BR-163/MS;NORTE;Tombamento de moto;0;0;0;1;0;0;0;0;0;0;2;0;0;0;0
09/04/2021;23:46:00;344;Acidente sem vítima;618,465;BR-163/MS;SUL;Colisão lateral no sentido contrário;1;0;1;0;0;0;0;0;0;0;2;0;0;0;0