data;horario;n_da_ocorrencia;tipo_de_ocorrencia;km;trecho;sentido;tipo_de_acidente;automovel;bicicleta;caminhao;moto;onibus;outros;tracao_animal;transporte_de_cargas_especiais;trator_maquinas;utilitarios;ilesos;levemente_feridos;moderadamente_feridos;gravemente_feridos;mortos
10/04/2021;04:50:00;22;Acidente sem vítima;308;BR-163/MS;SUL;Tombamento de moto;0;0;0;1;0;0;0;0;0;0;1;0;0;0;0
10/04/2021;07:39:00;69;Acidente sem vítima;609,55;BR-163/MS;NORTE;Colisão c/ obstáculos;1;0;0;0;0;0;0;0;0;0;1;0;0;0;0
10/04/2021;16:50:00;244;Acidente sem vítima;216,767;BR-163/MS;NORTE;Colisão c/ obstáculos;1;0;0;0;0;0;0;0;0;0;2;0;0;0;0
10/04/2021;18:11:00;258;Acidente sem vítima;278,797;BR-163/MS;NORTE;Capotamento;1;0;0;0;0;0;0;0;0;0;5;0;0;0;0
10/04/2021;18:46:00;267;Acidente com vítima;459;BR-163/MS;NORTE;Colisão com veículos (frontal);1;0;0;0;0;0;0;0;0;1;0;2;0;3;0
10/04/2021;18:47:00;268;Atropelamento sem morte;280,454;BR-163/MS;SUL;Atropelamento de pedestre;1;1;0;0;0;0;0;0;0;0;1;1;0;0;0
11/04/2021;00:31:00;4;Acidente sem vítima;502,91;BR-163/MS;SUL;Colisão c/ obstáculos;1;0;0;0;0;0;0;0;0;0;2;0;0;0;0
11/04/2021;05:31:00;29;Acidente sem vítima;94,874;BR-163/MS;SUL;Colisão lateral no mesmo sentido;1;0;1;0;0;0;0;0;0;0;2;0;0;0;0
11/04/2021;08:28:00;86;Acidente sem vítima;6;BR-163/MS;NORTE;Colisão c/ obstáculos;0;0;0;2;0;0;0;0;0;0;4;0;0;0;0
11/04/2021;10:02:00;113;Acidente com vítima;399;BR-163/MS;SUL;Colisão lateral no mesmo sentido;0;0;0;1;0;0;0;0;0;1;1;2;0;0;0
11/04/2021;14:28:00;167;Acidente sem vítima;590;BR-163/MS;NORTE;Colisão c/ obstáculos;0;0;0;0;0;0;0;0;0;1;1;0;0;0;0
11/04/2021;18:04:00;225;Acidente com vítima;614,533;BR-163/MS;SUL;Colisão lateral no mesmo sentido;1;0;0;0;0;0;0;0;0;1;2;1;0;0;0
11/04/2021;19:48:00;250;Acidente sem vítima;331;BR-163/MS;NORTE;Atropelamento de animais;1;0;0;0;0;0;0;0;0;0;2;0;0;0;0
12/04/2021;00:24:00;2;Atropelamento com morte;270,68;BR-163/MS;SUL;Atropelamento de pedestre;1;0;0;0;0;0;0;0;0;0;1;0;0;0;1
12/04/2021;06:32:00;41;Acidente sem vítima;421,409;BR-163/MS;SUL;Colisão c/ obstáculos;1;0;0;0;0;0;0;0;0;0;1;0;0;0;0
12/04/2021;10:11:00;151;Acidente com vítima;177,649;BR-163/MS;NORTE;Colisão lateral no mesmo sentido;0;0;1;0;0;2;0;0;0;0;2;1;0;0;0
14/04/2021;05:22:00;25;Acidente sem vítima;470;BR-163/MS;NORTE;Atropelamento de animais;1;0;0;0;0;0;0;0;0;0;3;0;0;0;0
14/04/2021;16:49:00;276;Acidente com vítima;258;BR-163/MS;NORTE;Tombamento de moto;0;0;0;1;0;0;0;0;0;0;0;1;0;0;0
15/04/2021;10:24:00;230;Acidente com vítima;597;BR-163/MS;SUL;Colisão c/ obstáculos;0;0;1;0;0;2;0;0;0;0;2;1;0;0;0
15/04/2021;10:53:00;239;Acidente sem vítima;261,112;BR-163/MS;NORTE;Saídas de pista;0;1;0;0;0;0;0;0;0;1;2;0;0;0;0
16/04/2021;05:20:00;91;Acidente com morte;791,25;BR-163/MS;SUL;Colisão com veículos (traseira);0;0;0;1;0;0;0;0;0;1;4;0;0;0;1
16/04/2021;18:28:00;351;Acidente sem vítima;781,812;BR-163/MS;SUL;Atropelamento de animais;0;0;1;0;0;0;0;0;0;0;1;0;0;0;0
16/04/2021;20:31:00;384;Acidente com morte;481,937;BR-163/MS;SUL;Colisão com veículos (traseira);1;0;0;1;0;0;0;0;0;0;3;1;0;0;1
16/04/2021;22:04:00;395;Acidente com vítima;265;BR-163/MS;SUL;Atropelamento de pedestre;1;1;0;0;0;0;0;0;0;0;1;1;0;0;0
17/04/2021;20:07:00;285;Acidente com vítima;485,753;BR-163/MS;NORTE;Colisão com veículos (frontal);2;0;0;0;0;0;0;0;0;0;2;1;0;0;0
17/04/2021;21:35:00;299;Acidente sem vítima;735,802;BR-163/MS;SUL;Tombamento;0;0;1;0;0;2;0;0;0;0;3;0;0;0;0
18/04/2021;05:03:00;27;Acidente com vítima;71,2;BR-163/MS;SUL;Capotamento;0;0;0;0;0;0;0;0;0;1;0;2;0;0;0
18/04/2021;07:24:00;52;Acidente sem vítima;424,554;BR-163/MS;NORTE;Tombamento;0;0;1;0;0;1;0;0;0;0;2;0;0;0;0
18/04/2021;09:33:00;100;Acidente com vítima;840,58;BR-163/MS;NORTE;Tombamento de moto;0;0;0;1;0;0;0;0;0;0;0;1;0;0;0
18/04/2021;16:19:00;215;Acidente sem vítima;621,707;BR-163/MS;NORTE;Colisão c/ obstáculos;1;0;1;0;0;2;0;0;0;0;8;0;0;0;0
19/04/2021;03:59:00;20;Acidente com vítima;735,744;BR-163/MS;SUL;Colisão com veículos (traseira);2;0;0;0;0;0;0;0;0;0;0;3;0;1;0
19/04/2021;06:52:00;42;Acidente com vítima;477;BR-163/MS;NORTE;Tombamento de moto;0;0;0;1;0;0;0;0;0;0;1;1;0;0;0
19/04/2021;09:54:00;121;Acidente com vítima;489,5;BR-163/MS;NORTE;Tombamento de moto;0;0;0;1;0;0;0;0;0;0;0;2;0;0;0
19/04/2021;13:34:00;185;Acidente com vítima;41,881;BR-163/MS;SUL;Tombamento;0;0;1;0;0;1;0;0;0;0;1;0;1;0;0
20/04/2021;04:04:00;12;Acidente sem vítima;264,248;BR-163/MS;NORTE;Atropelamento de animais;1;0;0;0;0;0;0;0;0;0;1;0;0;0;0
20/04/2021;08:32:00;104;Acidente com vítima;86,806;BR-163/MS;SUL;Colisão lateral no mesmo sentido;1;0;1;0;0;1;0;0;0;0;4;2;0;0;0
20/04/2021;15:19:00;261;Acidente com vítima;261,537;BR-163/MS;SUL;Colisão lateral no mesmo sentido;0;2;0;1;0;0;0;0;0;0;0;3;0;0;0
20/04/2021;15:32:00;266;Acidente com vítima;614,627;BR-163/MS;SUL;Colisão lateral no sentido contrário;0;0;0;2;0;0;0;0;0;0;0;2;0;0;0
20/04/2021;18:10:00;316;Acidente sem vítima;342,7;BR-163/MS;NORTE;Atropelamento de animais;0;0;0;0;0;0;0;0;0;1;3;0;0;0;0
20/04/2021;18:14:00;318;Acidente sem vítima;239,964;BR-163/MS;NORTE;Saídas de pista;1;0;0;0;0;1;0;0;0;0;3;0;0;0;0
20/04/2021;22:43:00;371;Acidente com vítima;669,685;BR-163/MS;NORTE;Colisão c/ obstáculos;1;0;0;0;0;0;0;0;0;0;0;2;0;0;0
21/04/2021;19:02:00;264;Acidente sem vítima;593,38;BR-163/MS;NORTE;Atropelamento de animais;0;0;0;0;0;0;0;0;0;1;5;0;0;0;0
22/04/2021;06:55:00;51;Acidente com vítima;681,694;BR-163/MS;NORTE;Colisão com veículos (frontal);0;0;0;1;0;0;0;0;0;1;1;1;0;0;0
22/04/2021;19:29:00;354;Acidente sem vítima;119,164;BR-163/MS;NORTE;Colisão c/ obstáculos;1;0;0;0;0;0;0;0;0;0;1;0;0;0;0
23/04/2021;07:11:00;59;Acidente com vítima;498;BR-163/MS;SUL;Colisão c/ obstáculos;0;0;1;0;0;1;0;0;0;0;1;1;0;0;0
23/04/2021;12:25:00;194;Acidente sem vítima;838;BR-163/MS;SUL;Saídas de pista;0;0;1;0;0;0;0;0;0;0;1;0;0;0;0
24/04/2021;04:34:00;24;Acidente sem vítima;798,942;BR-163/MS;SUL;Atropelamento de animais;1;0;0;0;0;0;0;0;0;0;3;0;0;0;0
24/04/2021;20:32:00;271;Acidente com vítima;215,339;BR-163/MS;SUL;Saídas de pista;1;0;0;0;0;0;0;0;0;0;3;1;0;0;0
25/04/2021;19:20:00;226;Acidente sem vítima;196,924;BR-163/MS;NORTE;Atropelamento de animais;0;0;0;0;0;0;0;0;0;1;2;0;0;0;0
25/04/2021;22:35:00;250;Acidente com vítima;680,457;BR-163/MS;NORTE;Tombamento de moto;0;0;0;1;0;0;0;0;0;0;0;2;0;0;0
26/04/2021;02:52:00;12;Acidente com vítima;374,191;BR-163/MS;NORTE;Capotamento;1;0;0;0;0;0;0;0;0;0;0;0;1;0;0
26/04/2021;05:03:00;22;Acidente sem vítima;486,341;BR-163/MS;NORTE;Colisão com veículos (traseira);0;0;0;1;0;0;0;0;0;1;3;0;0;0;0
26/04/2021;10:50:00;193;Acidente sem vítima;115,601;BR-163/MS;SUL;Saídas de pista;1;0;0;0;0;0;0;0;0;0;1;0;0;0;0
26/04/2021;19:08:00;324;Acidente sem vítima;222,16;BR-163/MS;NORTE;Saídas de pista;1;0;0;0;0;0;0;0;0;0;3;0;0;0;0
27/04/2021;07:50:00;81;Acidente sem vítima;485,7;BR-163/MS;SUL;Engavetamento;3;0;0;0;0;0;0;0;0;1;10;0;0;0;0
27/04/2021;20:38:00;286;Acidente sem vítima;475,22;BR-163/MS;NORTE;Colisão lateral no sentido contrário;1;0;1;0;0;0;0;0;0;0;4;0;0;0;0
27/04/2021;21:50:00;292;Acidente sem vítima;551,66;BR-163/MS;SUL;Atropelamento de animais;0;0;0;0;0;0;0;0;0;1;1;0;0;0;0
28/04/2021;09:31:00;163;Acidente com vítima;463,77;BR-163/MS;SUL;Colisão lateral no mesmo sentido;0;0;0;1;0;0;0;0;0;1;1;0;0;2;0
28/04/2021;12:50:00;224;Acidente com vítima;386;BR-163/MS;NORTE;Capotamento;1;0;1;0;0;0;0;0;0;0;3;1;0;0;0
29/04/2021;08:30:00;107;Acidente sem vítima;447,3;BR-163/MS;SUL;Tombamento;0;0;1;0;0;2;0;0;0;0;3;0;0;0;0
29/04/2021;11:51:00;164;Acidente com vítima;214,989;BR-163/MS;SUL;Colisão com veículos (traseira);0;0;0;1;0;0;0;0;0;1;1;2;0;0;0
29/04/2021;12:51:00;175;Acidente com vítima;250,507;BR-163/MS;NORTE;Colisão com veículos (traseira);0;0;0;1;0;1;0;0;0;0;1;1;0;0;0
29/04/2021;17:17:00;263;Acidente sem vítima;256,933;BR-163/MS;NORTE;Colisão com veículos (traseira);1;0;0;0;0;0;0;0;0;1;4;0;0;0;0
29/04/2021;18:31:00;279;Acidente com vítima;264,7;BR-163/MS;SUL;Colisão lateral no mesmo sentido;0;0;1;1;0;2;0;0;0;0;3;0;0;1;0
29/04/2021;20:00:00;299;Atropelamento sem morte;76;BR-163/MS;SUL;Atropelamento de pedestre;0;1;0;0;0;1;0;0;0;0;1;1;0;0;0
29/04/2021;20:08:00;300;Acidente sem vítima;589,511;BR-163/MS;NORTE;Tombamento;0;0;1;0;0;0;0;0;0;0;2;0;0;0;0
30/04/2021;07:01:00;39;Acidente com vítima;327,359;BR-163/MS;SUL;Colisão com veículos (traseira);0;0;0;1;0;0;0;0;0;0;0;0;0;1;0
30/04/2021;07:37:00;65;Acidente com vítima;477,815;BR-163/MS;NORTE;Colisão lateral no sentido contrário;0;0;0;1;0;0;0;0;0;1;2;0;1;0;0
30/04/2021;09:26:00;124;Acidente com vítima;462;BR-163/MS;NORTE;Colisão lateral no sentido contrário;0;0;1;0;0;1;0;0;0;1;2;1;0;0;0
30/04/2021;13:08:00;181;Acidente com vítima;501;BR-163/MS;SUL;Tombamento de moto;0;0;0;1;0;0;0;0;0;0;0;0;1;0;0
30/04/2021;16:37:00;237;Acidente com vítima;260,262;BR-163/MS;NORTE;Colisão com veículos (traseira);0;1;0;0;0;1;0;0;0;0;1;1;0;0;0
30/04/2021;18:23:00;257;Acidente sem vítima;21,936;BR-163/MS;SUL;Colisão com veículos (traseira);1;0;0;0;0;0;0;0;0;1;4;0;0;0;0
30/04/2021;20:49:00;295;Acidente sem vítima;313,409;BR-163/MS;SUL;Colisão com veículos (traseira);1;0;1;0;0;2;0;0;0;0;5;0;0;0;0
01/05/2021;16:06:00;179;Acidente sem vítima;278,868;BR-163/MS;NORTE;Saídas de pista;1;0;0;0;0;1;0;0;0;0;2;0;0;0;0
01/05/2021;16:39:00;188;Acidente com vítima;309;BR-163/MS;NORTE;Saídas de pista;1;0;0;0;0;0;0;0;0;0;0;1;0;0;0
01/05/2021;18:21:00;213;Acidente com vítima;489,944;BR-163/MS;NORTE;Colisão com veículos (traseira);2;1;0;1;0;1;0;0;0;0;6;0;0;1;0
01/05/2021;20:29:00;231;Acidente com vítima;528,674;BR-163/MS;SUL;Colisão c/ obstáculos;0;0;0;1;0;0;0;0;0;0;0;1;0;0;0
01/05/2021;21:04:00;239;Acidente sem vítima;91,359;BR-163/MS;NORTE;Colisão com veículos (traseira);0;0;0;0;0;1;0;0;0;1;3;0;0;0;0
02/05/2021;09:08:00;90;Acidente com vítima;520,266;BR-163/MS;NORTE;Colisão c/ obstáculos;0;0;0;1;0;0;0;0;0;0;0;0;0;1;0
02/05/2021;16:55:00;201;Acidente sem vítima;687,711;BR-163/MS;SUL;Atropelamento de animais;1;0;0;0;0;0;0;0;0;0;3;0;0;0;0
02/05/2021;18:15:00;213;Acidente com vítima;261,52;BR-163/MS;SUL;Tombamento de moto;0;0;0;1;0;0;0;0;0;0;0;1;0;0;0
03/05/2021;12:20:00;181;Acidente sem vítima;21,6;BR-163/MS;NORTE;Colisão com veículos (traseira);0;0;0;0;0;1;0;0;0;2;4;0;0;0;0
03/05/2021;17:27:00;275;Acidente sem vítima;256;BR-163/MS;NORTE;Colisão lateral no mesmo sentido;1;0;1;0;0;1;0;0;0;0;6;0;0;0;0
04/05/2021;06:08:00;29;Acidente com morte;507,34;BR-163/MS;NORTE;Colisão lateral no sentido contrário;1;0;1;0;0;0;0;0;0;0;2;1;1;0;1
04/05/2021;06:53:00;43;Acidente sem vítima;286,417;BR-163/MS;NORTE;Atropelamento de animais;0;0;0;0;0;0;0;0;0;1;1;0;0;0;0
04/05/2021;07:26:00;58;Acidente com vítima;481,727;BR-163/MS;NORTE;Colisão lateral no mesmo sentido;0;0;1;0;1;0;0;0;0;0;1;1;0;0;0
04/05/2021;16:55:00;285;Acidente sem vítima;332,756;BR-163/MS;NORTE;Colisão lateral no mesmo sentido;1;0;1;0;0;0;0;0;0;1;3;0;0;0;0
04/05/2021;19:50:00;335;Acidente sem vítima;76,648;BR-163/MS;NORTE;Colisão com veículos (traseira);1;0;1;0;0;0;0;0;0;0;2;0;0;0;0
05/05/2021;02:43:00;20;Acidente sem vítima;152,188;BR-163/MS;NORTE;Atropelamento de animais;0;0;0;0;0;0;0;0;0;1;4;0;0;0;0
05/05/2021;10:02:00;156;Acidente com vítima;468;BR-163/MS;NORTE;Capotamento;1;0;0;0;0;0;0;0;0;0;0;0;1;0;0
05/05/2021;15:20:00;269;Acidente com vítima;581,9;BR-163/MS;NORTE;Tombamento;0;0;1;0;0;1;0;0;0;0;1;1;0;0;0
06/05/2021;07:44:00;80;Acidente com vítima;181,969;BR-163/MS;NORTE;Tombamento de moto;0;0;0;1;0;0;0;0;0;0;0;0;1;0;0
06/05/2021;17:37:00;303;Acidente sem vítima;480,321;BR-163/MS;SUL;Engavetamento;1;0;1;1;0;0;0;0;0;0;5;0;0;0;0
06/05/2021;19:12:00;326;Acidente sem vítima;11,834;BR-163/MS;NORTE;Colisão c/ obstáculos;1;0;0;0;0;1;0;0;0;0;2;0;0;0;0
07/05/2021;03:56:00;23;Acidente sem vítima;26,765;BR-163/MS;SUL;Atropelamento de animais;0;0;0;0;0;0;0;0;0;1;5;0;0;0;0
07/05/2021;05:47:00;35;Acidente com vítima;361,61;BR-163/MS;NORTE;Colisão lateral no sentido contrário;1;0;1;0;0;0;0;0;0;0;1;1;0;0;0
07/05/2021;13:09:00;186;Acidente sem vítima;657;BR-163/MS;NORTE;Colisão c/ obstáculos;1;0;0;0;0;0;0;0;0;0;1;0;0;0;0
07/05/2021;14:47:00;223;Acidente sem vítima;158,569;BR-163/MS;NORTE;Colisão com veículos (traseira);2;0;0;0;0;1;0;0;0;0;3;0;0;0;0
08/05/2021;02:12:00;9;Acidente sem vítima;281,3;BR-163/MS;SUL;Colisão c/ obstáculos;1;0;0;0;0;0;0;0;0;0;1;0;0;0;0
08/05/2021;02:38:00;10;Acidente sem vítima;735,589;BR-163/MS;SUL;Saídas de pista;1;0;0;0;0;0;0;0;0;0;3;0;0;0;0
08/05/2021;07:23:00;56;Acidente sem vítima;1,9;BR-163/MS;NORTE;Colisão com veículos (traseira);2;0;0;0;0;0;0;0;0;0;5;0;0;0;0
08/05/2021;11:54:00;158;Acidente com vítima;270;BR-163/MS;NORTE;Colisão c/ obstáculos;0;1;1;0;0;0;0;0;0;0;1;1;0;0;0
08/05/2021;13:08:00;178;Acidente com vítima;356,6;BR-163/MS;SUL;Colisão com veículos (traseira);0;0;1;1;0;2;0;0;0;1;4;0;1;0;0
09/05/2021;00:02:00;1;Acidente com vítima;222,497;BR-163/MS;SUL;Colisão com veículos (traseira);0;0;0;1;0;0;0;0;0;1;1;0;1;0;0
09/05/2021;17:14:00;224;Acidente com vítima;275,59;BR-163/MS;SUL;Tombamento de moto;0;0;0;1;0;0;0;0;0;0;0;1;0;0;0
09/05/2021;18:18:00;240;Acidente com vítima;726,842;BR-163/MS;NORTE;Colisão com veículos (traseira);0;0;0;1;0;0;0;0;0;0;0;1;0;0;0
09/05/2021;18:43:00;245;Acidente com vítima;462,824;BR-163/MS;NORTE;Colisão com veículos (traseira);3;0;0;0;0;0;0;0;0;0;3;2;0;0;0
10/05/2021;01:34:00;8;Acidente sem vítima;424,4;BR-163/MS;NORTE;Atropelamento de animais;1;0;0;0;0;0;0;0;0;0;1;0;0;0;0
10/05/2021;07:06:00;47;Acidente com vítima;470,697;BR-163/MS;SUL;Tombamento;0;1;0;0;0;0;0;0;0;0;0;1;0;0;0
10/05/2021;13:03:00;186;Acidente com vítima;725;BR-163/MS;NORTE;Tombamento de moto;0;0;0;1;0;0;0;0;0;0;1;1;0;0;0
10/05/2021;14:16:00;207;Acidente com vítima;418,147;BR-163/MS;NORTE;Colisão com veículos (traseira);0;1;1;0;0;0;0;0;0;0;1;0;0;1;0
10/05/2021;16:45:00;250;Acidente sem vítima;126;BR-163/MS;NORTE;Colisão c/ obstáculos;1;0;0;0;0;0;0;0;0;0;2;0;0;0;0
11/05/2021;04:57:00;29;Acidente sem vítima;569,107;BR-163/MS;SUL;Atropelamento de animais;0;0;0;0;0;0;0;0;0;1;2;0;0;0;0
11/05/2021;05:03:00;30;Acidente sem vítima;372,428;BR-163/MS;SUL;Atropelamento de animais;1;0;0;0;0;0;0;0;0;0;3;0;0;0;0
12/05/2021;07:07:00;51;Acidente sem vítima;19,268;BR-163/MS;NORTE;Saídas de pista;1;0;0;0;0;0;0;0;0;0;1;0;0;0;0
12/05/2021;12:55:00;204;Acidente sem vítima;841,364;BR-163/MS;SUL;Colisão com veículos (traseira);1;0;1;0;0;2;0;0;0;0;4;0;0;0;0
12/05/2021;15:13:00;248;Acidente sem vítima;472,7;BR-163/MS;NORTE;Colisão lateral no sentido contrário;2;0;0;0;0;0;0;0;0;0;2;0;0;0;0
12/05/2021;17:55:00;293;Acidente com vítima;475,838;BR-163/MS;NORTE;Colisão com veículos (traseira);0;0;0;2;0;0;0;0;0;0;1;1;0;0;0
13/05/2021;02:20:00;16;Acidente sem vítima;151,835;BR-163/MS;NORTE;Tombamento;0;0;1;0;0;0;0;0;0;0;1;0;0;0;0
13/05/2021;16:28:00;224;Acidente sem vítima;670;BR-163/MS;NORTE;Colisão c/ obstáculos;0;0;0;0;0;0;0;0;0;1;4;0;0;0;0
13/05/2021;16:42:00;231;Acidente com vítima;759;BR-163/MS;NORTE;Capotamento;0;0;0;0;0;0;0;0;0;1;0;2;0;0;0
13/05/2021;17:50:00;238;Acidente sem vítima;489,894;BR-163/MS;NORTE;Colisão lateral no mesmo sentido;2;0;0;0;0;1;0;0;0;0;3;0;0;0;0
13/05/2021;19:59:00;260;Acidente sem vítima;616,387;BR-163/MS;SUL;Colisão lateral no mesmo sentido;0;0;1;0;0;0;0;0;0;1;2;0;0;0;0
14/05/2021;00:18:00;2;Acidente sem vítima;382,153;BR-163/MS;NORTE;Atropelamento de animais;0;0;0;0;0;0;0;0;0;1;1;0;0;0;0
15/05/2021;19:09:00;234;Acidente sem vítima;270,417;BR-163/MS;NORTE;Saídas de pista;1;0;0;0;0;0;0;0;0;0;3;0;0;0;0
16/05/2021;00:50:00;5;Acidente sem vítima;117,635;BR-163/MS;SUL;Colisão lateral no mesmo sentido;1;0;1;0;0;2;0;0;0;0;8;0;0;0;0
16/05/2021;01:26:00;7;Acidente sem vítima;462;BR-163/MS;NORTE;Saídas de pista;0;0;0;0;0;0;0;0;0;1;2;0;0;0;0
16/05/2021;09:30:00;85;Acidente sem vítima;394;BR-163/MS;NORTE;Colisão lateral no mesmo sentido;0;0;1;0;0;0;0;0;0;1;3;0;0;0;0
16/05/2021;12:58:00;125;Acidente sem vítima;574,774;BR-163/MS;NORTE;Saídas de pista;1;0;0;0;0;0;0;0;0;0;2;0;0;0;0
16/05/2021;16:11:00;170;Acidente com vítima;680,433;BR-163/MS;NORTE;Colisão com veículos (traseira);1;0;0;1;0;0;0;0;0;0;2;1;0;0;0
17/05/2021;12:14:00;161;Acidente com vítima;610;BR-163/MS;SUL;Tombamento de moto;0;0;0;1;0;0;0;0;0;0;0;2;0;0;0
17/05/2021;12:49:00;167;Acidente sem vítima;97,245;BR-163/MS;NORTE;Tombamento;0;0;1;0;0;2;0;0;0;0;3;0;0;0;0
17/05/2021;16:53:00;225;Acidente sem vítima;483;BR-163/MS;NORTE;Colisão com veículos (frontal);1;0;1;0;0;1;0;0;0;0;3;0;0;0;0
17/05/2021;17:51:00;239;Acidente com vítima;728,859;BR-163/MS;NORTE;Colisão lateral no mesmo sentido;1;0;0;1;0;0;0;0;0;0;1;0;1;0;0
17/05/2021;22:47:00;278;Acidente com vítima;383,853;BR-163/MS;SUL;Atropelamento de animais;1;0;0;0;0;0;0;0;0;0;0;1;0;0;0
18/05/2021;15:48:00;258;Acidente sem vítima;485,703;BR-163/MS;SUL;Colisão com veículos (traseira);0;0;1;0;0;2;0;0;0;1;4;0;0;0;0
18/05/2021;16:44:00;286;Acidente com vítima;597,117;BR-163/MS;SUL;Capotamento;1;0;0;0;0;0;0;0;0;0;0;2;0;0;0
18/05/2021;18:34:00;317;Atropelamento com morte;512,676;BR-163/MS;NORTE;Atropelamento de pedestre;1;0;0;0;0;0;0;0;0;1;2;0;0;0;1
18/05/2021;19:35:00;332;Acidente com morte;796,726;BR-163/MS;SUL;Colisão com veículos (frontal);0;0;1;1;0;0;0;0;0;0;1;0;0;0;1
20/05/2021;07:14:00;62;Acidente sem vítima;365,127;BR-163/MS;SUL;Colisão com veículos (traseira);0;0;2;0;0;4;0;0;0;0;6;0;0;0;0
20/05/2021;17:31:00;314;Acidente com vítima;266,997;BR-163/MS;SUL;Colisão com veículos (traseira);0;0;0;1;0;0;0;0;0;1;1;1;0;0;0
21/05/2021;05:38:00;31;Acidente sem vítima;470,59;BR-163/MS;SUL;Colisão lateral no mesmo sentido;0;0;1;0;0;3;0;0;0;1;5;0;0;0;0
21/05/2021;08:22:00;117;Acidente com vítima;608,82;BR-163/MS;NORTE;Colisão com veículos (traseira);0;0;2;0;0;1;0;0;0;0;2;1;0;0;0
21/05/2021;09:34:00;149;Acidente sem vítima;37,4;BR-163/MS;SUL;Engavetamento;3;0;0;0;0;0;0;0;0;0;5;0;0;0;0
21/05/2021;22:12:00;352;Atropelamento sem morte;209,614;BR-163/MS;NORTE;Atropelamento de pedestre;0;0;0;1;0;0;0;0;0;0;1;2;0;0;0
21/05/2021;23:21:00;361;Acidente com vítima;728,1;BR-163/MS;SUL;Atropelamento de animais;1;0;0;0;0;0;0;0;0;0;0;1;0;0;0
22/05/2021;03:22:00;15;Acidente sem vítima;381,4;BR-163/MS;SUL;Atropelamento de animais;1;0;0;0;0;0;0;0;0;0;2;0;0;0;0
22/05/2021;09:40:00;107;Acidente com vítima;363,944;BR-163/MS;NORTE;Tombamento;0;0;1;0;0;1;0;0;0;0;1;1;0;0;0
22/05/2021;11:52:00;139;Acidente com morte;568,668;BR-163/MS;NORTE;Colisão com veículos (frontal);0;0;2;0;0;1;0;0;0;0;1;1;0;0;2
23/05/2021;05:01:00;14;Acidente sem vítima;323,191;BR-163/MS;NORTE;Tombamento;1;0;0;0;0;0;0;0;0;0;1;0;0;0;0
23/05/2021;18:51:00;229;Acidente com vítima;131,125;BR-163/MS;SUL;Colisão com veículos (frontal);0;0;1;1;0;1;0;0;0;0;2;0;1;0;0
23/05/2021;19:33:00;236;Acidente sem vítima;172,755;BR-163/MS;SUL;Atropelamento de animais;1;0;0;0;0;0;0;0;0;0;2;0;0;0;0
23/05/2021;19:40:00;237;Acidente com vítima;258,9;BR-163/MS;SUL;Colisão com veículos (traseira);0;0;0;1;0;1;0;0;0;1;2;1;0;0;0
23/05/2021;23:33:00;271;Acidente sem vítima;219,9;BR-163/MS;SUL;Atropelamento de animais;0;0;0;0;0;0;0;0;0;1;2;0;0;0;0
25/05/2021;07:33:00;65;Acidente com vítima;679,6;BR-163/MS;NORTE;Colisão c/ obstáculos;0;1;0;0;0;0;0;0;0;0;0;0;1;0;0
25/05/2021;11:14:00;153;Acidente sem vítima;484,6;BR-163/MS;NORTE;Colisão lateral no mesmo sentido;2;0;0;0;0;0;0;0;0;0;4;0;0;0;0
25/05/2021;11:32:00;158;Acidente sem vítima;453,432;BR-163/MS;NORTE;Saídas de pista;0;0;1;0;0;0;0;0;0;0;3;0;0;0;0
26/05/2021;05:13:00;30;Acidente com vítima;266,854;BR-163/MS;NORTE;Tombamento de moto;0;0;0;1;0;1;0;0;0;0;1;0;1;0;0
26/05/2021;16:56:00;288;Acidente sem vítima;642,316;BR-163/MS;SUL;Saídas de pista;0;0;1;0;0;0;0;0;0;0;1;0;0;0;0
26/05/2021;17:54:00;298;Acidente sem vítima;485;BR-163/MS;NORTE;Engavetamento;4;0;0;0;0;0;0;0;0;1;10;0;0;0;0
26/05/2021;18:05:00;299;Acidente sem vítima;35,9;BR-163/MS;NORTE;Atropelamento de animais;1;0;0;0;0;0;0;0;0;0;2;0;0;0;0
26/05/2021;18:45:00;302;Acidente sem vítima;226,931;BR-163/MS;NORTE;Atropelamento de animais;1;0;0;0;0;0;0;0;0;0;1;0;0;0;0
27/05/2021;12:32:00;207;Acidente sem vítima;512;BR-163/MS;NORTE;Colisão com veículos (traseira);0;0;2;0;0;3;0;0;0;0;5;0;0;0;0
27/05/2021;19:40:00;301;Acidente sem vítima;500,512;BR-163/MS;SUL;Capotamento;0;0;1;0;0;1;0;0;0;1;4;0;0;0;0