data;horario;n_da_ocorrencia;tipo_de_ocorrencia;km;trecho;sentido;tipo_de_acidente;automovel;bicicleta;caminhao;moto;onibus;outros;tracao_animal;transporte_de_cargas_especiais;trator_maquinas;utilitarios;ilesos;levemente_feridos;moderadamente_feridos;gravemente_feridos;mortos
09/07/2021;22:01:00;282;Acidente sem vítima;546,244;BR-163/MS;SUL;Colisão lateral no mesmo sentido;1;0;1;0;0;0;0;0;0;0;7;0;0;0;0
09/07/2021;23:21:00;294;Acidente com vítima;80,723;BR-163/MS;NORTE;Capotamento;1;0;0;0;0;0;0;0;0;0;0;3;0;0;0
10/07/2021;09:09:00;73;Acidente sem vítima;6,800;BR-163/MS;SUL;Colisão com veículos (traseira);2;0;0;0;0;0;0;0;0;0;6;0;0;0;0
10/07/2021;14:16:00;151;Acidente sem vítima;399,0;BR-163/MS;SUL;Colisão com veículos (traseira);2;0;0;0;0;0;0;0;0;0;8;0;0;0;0
16/07/2021;15:49:00;280;Acidente sem vítima;106,161;BR-163/MS;SUL;Capotamento;1;0;0;0;0;0;0;0;0;0;2;0;0;0;0
16/07/2021;20:31:00;350;Acidente com morte;250,202;BR-163/MS;NORTE;Colisão lateral no mesmo sentido;0;0;1;0;0;1;0;0;0;1;2;0;0;0;1
10/07/2021;17:17:00;199;Acidente sem vítima;13,300;BR-163/MS;NORTE;Atropelamento de animais;0;0;0;0;0;0;0;0;0;1;2;0;0;0;0
10/07/2021;18:38:00;212;Acidente com vítima;554,554;BR-163/MS;NORTE;Capotamento;1;0;1;0;0;1;0;0;0;0;8;0;1;0;0
10/07/2021;18:43:00;214;Acidente com vítima;474,731;BR-163/MS;SUL;Colisão lateral no sentido contrário;1;0;0;1;0;0;0;0;0;0;1;1;0;0;0
10/07/2021;18:50:00;215;Acidente sem vítima;332,908;BR-163/MS;NORTE;Colisão c/ obstáculos;1;0;0;0;0;1;0;0;0;0;2;0;0;0;0
10/07/2021;21:52:00;242;Acidente sem vítima;756,852;BR-163/MS;NORTE;Atropelamento de animais;0;0;0;0;0;0;0;0;0;1;3;0;0;0;0
10/07/2021;22:37:00;246;Acidente com vítima;486,322;BR-163/MS;NORTE;Colisão com veículos (traseira);0;0;0;1;0;1;0;0;0;0;1;1;0;0;0
11/07/2021;00:36:00;5;Acidente com vítima;61,638;BR-163/MS;NORTE;Capotamento;1;0;0;0;0;0;0;0;0;0;1;1;0;0;0
11/07/2021;02:36:00;12;Acidente com vítima;8,87;BR-163/MS;SUL;Saídas de pista;0;0;0;0;0;0;0;0;0;1;0;1;0;0;0
11/07/2021;05:17:00;26;Acidente com vítima;35,478;BR-163/MS;SUL;Colisão com veículos (traseira);1;0;0;0;0;1;0;0;0;0;1;1;0;0;0
11/07/2021;05:27:00;27;Acidente sem vítima;475,241;BR-163/MS;NORTE;Colisão com veículos (traseira);1;0;0;0;0;0;0;0;0;0;2;0;0;0;0
11/07/2021;16:23:00;197;Acidente sem vítima;278,782;BR-163/MS;NORTE;Colisão lateral no mesmo sentido;1;0;1;0;0;0;0;0;0;0;2;0;0;0;0
11/07/2021;22:39:00;267;Atropelamento com morte;257,183;BR-163/MS;NORTE;Tombamento de moto;1;0;0;1;0;0;0;0;0;0;1;0;0;0;1
11/07/2021;23:13:00;272;Atropelamento sem morte;457,752;BR-163/MS;NORTE;Atropelamento de pedestre;0;1;0;0;0;1;0;0;0;0;1;0;0;1;0
12/07/2021;01:11:00;4;Acidente sem vítima;656,423;BR-163/MS;NORTE;Saídas de pista;1;0;0;0;0;0;0;0;0;0;1;0;0;0;0
12/07/2021;08:05:00;88;Acidente com vítima;527,76;BR-163/MS;NORTE;Colisão lateral no sentido contrário;1;0;0;0;0;1;0;0;0;1;5;1;0;0;0
12/07/2021;14:56:00;244;Acidente com vítima;245,670;BR-163/MS;NORTE;Capotamento;0;0;0;0;0;0;0;0;0;1;0;0;2;1;0
12/07/2021;16:51:00;283;Acidente sem vítima;511,133;BR-163/MS;SUL;Colisão c/ obstáculos;0;0;1;0;0;0;0;0;0;0;1;0;0;0;0
12/07/2021;17:24:00;298;Acidente sem vítima;225,391;BR-163/MS;SUL;Colisão c/ obstáculos;1;0;0;0;0;0;0;0;0;0;2;0;0;0;0
13/07/2021;07:36:00;77;Acidente com vítima;468,89;BR-163/MS;NORTE;Tombamento de moto;0;0;0;1;0;0;0;0;0;0;0;2;0;0;0
13/07/2021;14:17:00;232;Acidente com vítima;569,268;BR-163/MS;NORTE;Capotamento;1;0;0;0;0;0;0;0;0;0;1;0;1;0;0
13/07/2021;16:39:00;272;Acidente sem vítima;703,501;BR-163/MS;SUL;Tombamento de moto;0;0;0;1;0;0;0;0;0;0;1;0;0;0;0
13/07/2021;18:41:00;287;Acidente sem vítima;311,848;BR-163/MS;NORTE;Atropelamento de animais;0;0;0;0;0;0;0;0;0;1;1;0;0;0;0
14/07/2021;06:58:00;55;Acidente com vítima;257,54;BR-163/MS;SUL;Tombamento;0;1;0;0;0;0;0;0;0;0;0;1;0;0;0
14/07/2021;18:20:00;314;Acidente sem vítima;770,24;BR-163/MS;NORTE;Atropelamento de animais;1;0;0;0;0;0;0;0;0;0;1;0;0;0;0
14/07/2021;18:39:00;316;Acidente sem vítima;486,183;BR-163/MS;NORTE;Engavetamento;1;0;3;0;0;0;0;0;0;0;4;0;0;0;0
14/07/2021;18:49:00;318;Acidente com vítima;78,23;BR-163/MS;SUL;Colisão lateral no mesmo sentido;1;0;0;1;0;0;0;0;0;0;2;2;0;0;0
15/07/2021;02:32:00;12;Acidente com vítima;799,703;BR-163/MS;SUL;Colisão c/ obstáculos;0;0;0;0;0;0;0;0;0;1;0;1;0;0;0
15/07/2021;13:58:00;207;Acidente com vítima;730,500;BR-163/MS;NORTE;Colisão lateral no sentido contrário;0;0;0;1;0;0;0;0;0;1;2;1;0;0;0
15/07/2021;15:31:00;232;Acidente com vítima;664,500;BR-163/MS;SUL;Tombamento;0;1;0;0;0;0;0;0;0;0;0;1;0;0;0
15/07/2021;19:47:00;304;Acidente com vítima;12,349;BR-163/MS;SUL;Colisão lateral no mesmo sentido;0;0;0;1;0;0;0;0;0;1;4;1;0;0;0
15/07/2021;21:38:00;331;Acidente com vítima;210,800;BR-163/MS;NORTE;Colisão com veículos (traseira);0;0;1;0;1;2;0;0;0;0;17;8;0;0;0
15/07/2021;23:51:00;340;Acidente sem vítima;564,66;BR-163/MS;NORTE;Atropelamento de animais;1;0;0;0;0;0;0;0;0;0;2;0;0;0;0
16/07/2021;06:03:00;21;Acidente sem vítima;113,856;BR-163/MS;NORTE;Colisão c/ obstáculos;0;0;0;0;0;0;0;0;0;1;1;0;0;0;0
16/07/2021;09:17:00;151;Acidente sem vítima;57,712;BR-163/MS;SUL;Tombamento;0;0;1;0;0;1;0;0;0;0;2;0;0;0;0
16/07/2021;09:52:00;164;Acidente sem vítima;532,0;BR-163/MS;NORTE;Colisão lateral no mesmo sentido;2;0;0;0;0;0;0;0;0;0;4;0;0;0;0
16/07/2021;10:02:00;173;Acidente com vítima;57,288;BR-163/MS;SUL;Engavetamento;0;0;2;0;0;0;0;0;0;1;3;0;1;0;0
16/07/2021;13:03:00;228;Acidente com morte;578,54;BR-163/MS;SUL;Engavetamento;2;0;3;0;0;1;0;0;0;0;6;0;0;0;1
16/07/2021;21:12:00;357;Acidente com vítima;302,625;BR-163/MS;NORTE;Capotamento;1;0;0;0;0;0;0;0;0;0;0;1;0;0;0
17/07/2021;09:01:00;101;Acidente com vítima;620,100;BR-163/MS;NORTE;Tombamento de moto;0;0;0;1;0;0;0;0;0;0;0;1;1;0;0
17/07/2021;10:31:00;157;Acidente com vítima;496,824;BR-163/MS;SUL;Tombamento de moto;0;0;0;1;0;0;0;0;0;0;0;1;0;1;0
17/07/2021;22:11:00;339;Acidente com vítima;680,336;BR-163/MS;NORTE;Tombamento;0;1;0;0;0;0;0;0;0;0;0;1;0;0;0
18/07/2021;04:34:00;20;Acidente sem vítima;183,687;BR-163/MS;SUL;Colisão c/ obstáculos;0;0;0;0;0;0;0;0;0;1;1;0;0;0;0
18/07/2021;18:52:00;256;Acidente com vítima;561,70;BR-163/MS;SUL;Capotamento;0;0;0;0;0;0;0;0;0;1;0;1;0;0;0
19/07/2021;05:26:00;22;Acidente sem vítima;579,657;BR-163/MS;SUL;Colisão c/ obstáculos;1;0;0;0;0;0;0;0;0;0;1;0;0;0;0
19/07/2021;06:22:00;31;Acidente com vítima;72,0;BR-163/MS;NORTE;Capotamento;1;0;0;0;0;0;0;0;0;0;0;1;0;0;0
19/07/2021;06:49:00;37;Acidente sem vítima;72,0;BR-163/MS;NORTE;Saídas de pista;1;0;0;0;0;0;0;0;0;0;4;0;0;0;0
19/07/2021;10:44:00;142;Acidente sem vítima;679,500;BR-163/MS;NORTE;Colisão c/ obstáculos;0;0;2;0;0;0;0;0;0;0;4;0;0;0;0
19/07/2021;11:43:00;156;Acidente com vítima;793,62;BR-163/MS;SUL;Colisão lateral no sentido contrário;1;0;1;0;0;0;0;0;0;0;4;1;0;0;0
19/07/2021;15:33:00;232;Acidente com vítima;556,900;BR-163/MS;SUL;Colisão lateral no mesmo sentido;0;0;2;0;0;2;0;0;0;1;3;2;0;1;0
19/07/2021;17:30:00;259;Acidente sem vítima;261,374;BR-163/MS;NORTE;Tombamento;0;0;0;0;0;0;0;0;0;1;1;0;0;0;0
19/07/2021;18:22:00;267;Acidente com vítima;609,205;BR-163/MS;SUL;Tombamento;0;0;1;0;0;1;0;0;0;0;1;1;0;0;0
19/07/2021;19:20:00;276;Acidente sem vítima;263,60;BR-163/MS;SUL;Colisão com veículos (traseira);2;0;1;0;0;0;0;0;0;0;4;0;0;0;0
20/07/2021;13:13:00;210;Acidente sem vítima;204,0;BR-163/MS;NORTE;Engavetamento;3;0;0;0;0;0;0;0;0;0;7;0;0;0;0
21/07/2021;19:28:00;322;Acidente com vítima;408,241;BR-163/MS;NORTE;Tombamento;0;0;1;0;0;2;0;0;0;0;2;3;0;0;0
21/07/2021;23:57:00;354;Atropelamento sem morte;681,6;BR-163/MS;NORTE;Atropelamento de pedestre;0;0;0;0;0;1;0;0;0;1;5;0;0;1;0
23/07/2021;05:29:00;29;Acidente com vítima;732,224;BR-163/MS;SUL;Capotamento;0;0;1;0;0;2;0;0;0;0;2;0;1;0;0
23/07/2021;10:01:00;135;Acidente com vítima;614,0;BR-163/MS;NORTE;Colisão lateral no sentido contrário;0;0;1;1;0;0;0;0;0;0;1;1;0;0;0
23/07/2021;14:57:00;233;Acidente com vítima;481,400;BR-163/MS;SUL;Tombamento de moto;0;0;0;1;0;0;0;0;0;0;0;0;1;0;0
23/07/2021;15:19:00;237;Acidente com vítima;512,673;BR-163/MS;NORTE;Capotamento;0;0;1;0;0;0;0;0;0;0;0;0;1;0;0
23/07/2021;19:08:00;294;Acidente com vítima;117,0;BR-163/MS;NORTE;Colisão lateral no sentido contrário;0;0;1;0;1;2;0;0;0;0;26;2;0;0;0
23/07/2021;19:24:00;295;Acidente sem vítima;726,246;BR-163/MS;SUL;Saídas de pista;0;0;1;0;0;0;0;0;0;0;1;0;0;0;0
23/07/2021;21:43:00;314;Acidente sem vítima;615,674;BR-163/MS;SUL;Colisão lateral no sentido contrário;2;0;0;0;0;1;0;0;0;0;3;0;0;0;0
24/07/2021;03:09:00;18;Acidente sem vítima;389,635;BR-163/MS;NORTE;Tombamento;0;0;1;0;0;1;0;0;0;0;2;0;0;0;0
24/07/2021;18:05:00;310;Acidente sem vítima;526,500;BR-163/MS;NORTE;Tombamento de moto;0;0;0;1;0;0;0;0;0;0;1;0;0;0;0
24/07/2021;21:50:00;348;Acidente com vítima;54,636;BR-163/MS;NORTE;Atropelamento de animais;2;0;0;0;0;0;0;0;0;0;4;1;0;0;0
25/07/2021;01:08:00;6;Acidente com vítima;611,0;BR-163/MS;NORTE;Colisão lateral no sentido contrário;1;0;0;1;0;0;0;0;0;0;0;1;3;0;0
25/07/2021;01:26:00;11;Acidente com vítima;477,832;BR-163/MS;SUL;Colisão lateral no sentido contrário;1;1;0;0;0;0;0;0;0;0;1;0;0;1;0
25/07/2021;07:58:00;59;Acidente sem vítima;435,0;BR-163/MS;NORTE;Colisão c/ obstáculos;0;0;0;0;1;0;0;0;0;0;1;0;0;0;0
25/07/2021;12:22:00;133;Acidente com vítima;687,438;BR-163/MS;SUL;Colisão c/ obstáculos;0;0;0;1;0;0;0;0;0;0;0;1;0;1;0
26/07/2021;05:53:00;23;Acidente sem vítima;774,400;BR-163/MS;SUL;Tombamento;0;0;1;0;0;2;0;0;0;0;3;0;0;0;0
26/07/2021;12:31:00;208;Acidente sem vítima;203,883;BR-163/MS;NORTE;Colisão c/ obstáculos;0;0;0;0;0;0;0;0;0;1;1;0;0;0;0
26/07/2021;22:40:00;357;Acidente com vítima;810,412;BR-163/MS;SUL;Colisão lateral no mesmo sentido;0;0;1;1;0;2;0;0;0;0;3;0;0;1;0
27/07/2021;03:41:00;16;Acidente sem vítima;802,0;BR-163/MS;SUL;Atropelamento de animais;0;0;0;0;0;0;0;0;0;1;1;0;0;0;0
27/07/2021;08:10:00;110;Acidente sem vítima;3,800;BR-163/MS;SUL;Colisão com veículos (traseira);1;0;0;0;0;0;0;0;0;1;2;0;0;0;0
27/07/2021;18:11:00;311;Acidente sem vítima;512,189;BR-163/MS;SUL;Colisão com veículos (traseira);0;0;2;0;0;2;0;0;0;0;4;0;0;0;0
27/07/2021;21:18:00;337;Acidente com vítima;263,28;BR-163/MS;SUL;Colisão lateral no mesmo sentido;1;0;0;1;0;0;0;0;0;0;1;1;0;0;0
27/07/2021;23:03:00;347;Acidente sem vítima;172,200;BR-163/MS;SUL;Colisão c/ obstáculos;0;0;1;0;0;1;0;0;0;0;2;0;0;0;0
27/07/2021;23:31:00;351;Acidente com vítima;773,636;BR-163/MS;NORTE;Atropelamento de animais;0;0;0;1;0;0;0;0;0;0;0;0;0;1;0
28/07/2021;09:00:00;92;Acidente sem vítima;330,800;BR-163/MS;NORTE;Saídas de pista;1;0;0;0;0;0;0;0;0;0;1;0;0;0;0
28/07/2021;13:32:00;187;Acidente com vítima;210,887;BR-163/MS;NORTE;Colisão lateral no sentido contrário;0;0;0;1;0;0;0;0;0;1;1;1;1;0;0
28/07/2021;22:46:00;280;Acidente com vítima;256,0;BR-163/MS;NORTE;Colisão c/ obstáculos;0;0;0;1;0;0;0;0;0;1;2;0;0;1;0
29/07/2021;18:37:00;301;Acidente com vítima;294,754;BR-163/MS;SUL;Colisão com veículos (traseira);1;0;1;0;0;1;0;0;0;0;4;1;0;0;0
30/07/2021;04:05:00;14;Acidente com vítima;841,303;BR-163/MS;SUL;Tombamento;0;0;1;0;0;1;0;0;0;0;1;1;0;0;0
30/07/2021;09:07:00;123;Acidente sem vítima;597,575;BR-163/MS;SUL;Tombamento;0;0;1;0;0;2;0;0;0;0;3;0;0;0;0
30/07/2021;10:39:00;156;Acidente sem vítima;39,600;BR-163/MS;SUL;Colisão lateral no sentido contrário;1;0;0;0;0;0;0;0;0;1;2;0;0;0;0
30/07/2021;13:02:00;203;Acidente com vítima;75,939;BR-163/MS;NORTE;Colisão lateral no sentido contrário;0;0;0;1;0;0;0;0;0;1;6;1;0;0;0
30/07/2021;13:57:00;220;Acidente sem vítima;316,0;BR-163/MS;NORTE;Tombamento;0;0;1;0;0;2;0;0;0;0;3;0;0;0;0
30/07/2021;14:18:00;228;Acidente sem vítima;452,10;BR-163/MS;SUL;Colisão lateral no mesmo sentido;1;0;1;0;0;1;0;0;0;0;3;0;0;0;0
30/07/2021;19:21:00;322;Acidente com vítima;273,484;BR-163/MS;SUL;Capotamento;0;0;0;0;0;0;0;0;0;1;0;1;0;0;0
31/07/2021;00:37:00;4;Acidente com morte;232,606;BR-163/MS;SUL;Colisão com veículos (traseira);0;0;1;0;0;0;0;0;0;1;1;0;0;1;0
31/07/2021;17:59:00;267;Acidente com vítima;261,165;BR-163/MS;NORTE;Colisão com veículos (traseira);1;0;0;1;0;0;0;0;0;0;1;1;0;0;0
31/07/2021;20:37:00;291;Acidente com vítima;10,815;BR-163/MS;SUL;Capotamento;0;0;0;0;0;0;0;0;0;1;1;2;0;1;0
31/07/2021;20:43:00;295;Acidente com vítima;255,276;BR-163/MS;NORTE;Capotamento;1;0;1;0;0;0;0;0;0;1;4;3;0;0;0
01/08/2021;09:27:00;108;Acidente com vítima;484,383;BR-163/MS;SUL;Colisão lateral no sentido contrário;1;0;1;0;0;2;0;0;0;0;3;1;0;0;0
01/08/2021;18:06:00;262;Acidente com vítima;488,233;BR-163/MS;SUL;Colisão lateral no sentido contrário;1;1;0;0;0;0;0;0;0;0;1;1;0;0;0
01/08/2021;18:23:00;268;Acidente com vítima;548,778;BR-163/MS;SUL;Colisão c/ obstáculos;1;0;0;0;0;0;0;0;0;0;0;0;1;0;0
01/08/2021;19:32:00;284;Acidente sem vítima;416,493;BR-163/MS;NORTE;Atropelamento de animais;1;0;0;0;0;0;0;0;0;0;4;0;0;0;0
01/08/2021;20:11:00;289;Acidente com vítima;728,955;BR-163/MS;SUL;Colisão c/ obstáculos;1;0;0;0;0;0;0;0;0;0;1;1;0;0;0
01/08/2021;21:50:00;303;Acidente sem vítima;43,155;BR-163/MS;SUL;Capotamento;1;0;0;0;0;0;0;0;0;0;1;0;0;0;0
01/08/2021;22:36:00;306;Acidente sem vítima;227,962;BR-163/MS;SUL;Atropelamento de animais;1;0;0;0;0;0;0;0;0;0;3;0;0;0;0
02/08/2021;15:51:00;178;Acidente sem vítima;254,483;BR-163/MS;NORTE;Saídas de pista;1;0;0;0;0;0;0;0;0;0;1;0;0;0;0
02/08/2021;16:31:00;185;Acidente sem vítima;475,777;BR-163/MS;SUL;Colisão lateral no sentido contrário;1;0;0;0;0;0;0;0;0;1;3;0;0;0;0
02/08/2021;16:54:00;193;Acidente com vítima;476,381;BR-163/MS;NORTE;Colisão lateral no sentido contrário;1;0;0;1;0;0;0;0;0;0;1;0;1;0;0
02/08/2021;18:34:00;206;Acidente sem vítima;740,777;BR-163/MS;SUL;Colisão com veículos (traseira);0;0;0;0;0;0;0;0;0;2;3;0;0;0;0
02/08/2021;19:03:00;211;Acidente com vítima;254,490;BR-163/MS;SUL;Atropelamento de animais;0;0;0;1;0;0;0;0;0;0;0;2;0;0;0
02/08/2021;21:30:00;230;Acidente com vítima;681,209;BR-163/MS;SUL;Colisão com veículos (frontal);0;0;0;1;0;0;0;0;0;1;4;0;0;1;0
03/08/2021;04:34:00;5;Acidente com vítima;483,137;BR-163/MS;SUL;Capotamento;0;0;0;0;0;0;0;0;0;1;0;2;0;0;0
04/08/2021;04:41:00;19;Acidente sem vítima;750,382;BR-163/MS;SUL;Atropelamento de animais;0;0;0;0;0;0;0;0;0;1;1;0;0;0;0
04/08/2021;12:30:00;236;Acidente sem vítima;373,711;BR-163/MS;NORTE;Colisão lateral no mesmo sentido;0;0;2;0;0;0;0;0;0;0;3;0;0;0;0
04/08/2021;12:54:00;245;Acidente com vítima;476,710;BR-163/MS;NORTE;Tombamento de moto;0;0;0;1;0;0;0;0;0;0;0;2;0;0;0
04/08/2021;16:29:00;334;Acidente com vítima;261,209;BR-163/MS;SUL;Tombamento de moto;0;0;0;1;0;0;0;0;0;0;1;1;0;0;0
04/08/2021;17:11:00;351;Acidente com vítima;261,0;BR-163/MS;SUL;Colisão c/ obstáculos;1;0;0;1;0;0;0;0;0;0;1;1;0;0;0
04/08/2021;22:39:00;399;Acidente sem vítima;158,221;BR-163/MS;SUL;Atropelamento de animais;0;0;0;0;0;0;0;0;0;1;4;0;0;0;0
05/08/2021;14:21:00;249;Acidente sem vítima;191,0;BR-163/MS;NORTE;Saídas de pista;0;0;0;0;0;0;0;0;0;1;3;0;0;0;0
05/08/2021;17:31:00;335;Acidente com vítima;166,232;BR-163/MS;NORTE;Colisão lateral no mesmo sentido;0;0;0;0;0;1;0;0;0;1;2;1;0;0;0
05/08/2021;17:51:00;339;Acidente sem vítima;437,94;BR-163/MS;NORTE;Saídas de pista;1;0;0;0;0;0;0;0;0;0;1;0;0;0;0
05/08/2021;18:20:00;350;Acidente sem vítima;743,823;BR-163/MS;NORTE;Atropelamento de animais;1;0;0;0;0;0;0;0;0;0;1;0;0;0;0
06/08/2021;05:41:00;20;Acidente sem vítima;834,782;BR-163/MS;NORTE;Atropelamento de animais;0;0;1;0;0;1;0;0;0;0;2;0;0;0;0
06/08/2021;12:36:00;161;Acidente sem vítima;485,100;BR-163/MS;NORTE;Colisão com veículos (traseira);0;0;1;0;0;0;0;0;0;1;5;0;0;0;0
06/08/2021;12:57:00;165;Acidente com vítima;636,800;BR-163/MS;SUL;Colisão c/ obstáculos;0;0;1;0;0;0;0;0;0;0;0;1;0;0;0
06/08/2021;16:56:00;248;Acidente sem vítima;250,925;BR-163/MS;NORTE;Colisão lateral no mesmo sentido;0;0;1;0;0;2;0;0;0;1;5;0;0;0;0
06/08/2021;17:56:00;263;Acidente com vítima;469,203;BR-163/MS;NORTE;Colisão lateral no sentido contrário;1;0;0;1;0;0;0;0;0;0;3;1;0;0;0
06/08/2021;21:19:00;310;Acidente com vítima;123,782;BR-163/MS;SUL;Colisão lateral no mesmo sentido;1;0;2;0;0;3;0;0;0;0;6;1;2;0;0
06/08/2021;23:55:00;329;Acidente com vítima;479,688;BR-163/MS;NORTE;Atropelamento de animais;0;0;0;1;0;0;0;0;0;0;0;1;0;0;0
07/08/2021;05:49:00;29;Acidente sem vítima;237,461;BR-163/MS;SUL;Atropelamento de animais;0;0;0;0;0;0;0;0;0;1;1;0;0;0;0
07/08/2021;06:47:00;42;Acidente sem vítima;748,763;BR-163/MS;NORTE;Saídas de pista;1;0;0;0;0;0;0;0;0;0;1;0;0;0;0
07/08/2021;07:08:00;49;Acidente com vítima;463,871;BR-163/MS;NORTE;Colisão com veículos (traseira);0;1;0;0;0;0;0;0;0;1;1;1;0;0;0
07/08/2021;12:55:00;163;Acidente com vítima;475,800;BR-163/MS;NORTE;Tombamento de moto;0;0;0;1;0;0;0;0;0;0;0;1;0;0;0
07/08/2021;20:34:00;283;Acidente sem vítima;540,187;BR-163/MS;SUL;Colisão com veículos (traseira);2;0;0;0;0;0;0;0;0;0;8;0;0;0;0
08/08/2021;09:04:00;81;Acidente sem vítima;201,800;BR-163/MS;NORTE;Saídas de pista;1;0;0;0;0;0;0;0;0;0;4;0;0;0;0
08/08/2021;18:22:00;273;Acidente sem vítima;425,500;BR-163/MS;SUL;Atropelamento de animais;1;0;0;0;0;0;0;0;0;0;2;0;0;0;0
08/08/2021;19:06:00;288;Acidente sem vítima;424,420;BR-163/MS;NORTE;Atropelamento de animais;0;0;0;0;0;0;0;0;0;1;2;0;0;0;0
08/08/2021;20:28:00;305;Acidente sem vítima;316,87;BR-163/MS;SUL;Colisão c/ obstáculos;1;0;0;0;0;0;0;0;0;0;1;0;0;0;0
08/08/2021;20:36:00;308;Acidente com vítima;261,435;BR-163/MS;SUL;Tombamento de moto;0;0;0;1;0;0;0;0;0;0;0;0;1;0;0
09/08/2021;01:38:00;12;Acidente sem vítima;352,353;BR-163/MS;SUL;Atropelamento de animais;1;0;0;0;0;0;0;0;0;0;1;0;0;0;0
09/08/2021;06:59:00;55;Acidente sem vítima;89,884;BR-163/MS;NORTE;Colisão c/ obstáculos;1;0;0;0;0;0;0;0;0;0;1;0;0;0;0
09/08/2021;11:47:00;229;Acidente com vítima;141,583;BR-163/MS;NORTE;Engavetamento;0;0;3;0;0;4;0;0;0;0;6;1;0;0;0
09/08/2021;14:20:00;287;Acidente com vítima;484,410;BR-163/MS;SUL;Colisão lateral no sentido contrário;0;0;0;2;0;0;0;0;0;0;0;1;1;0;0
09/08/2021;20:34:00;401;Acidente sem vítima;212,400;BR-163/MS;NORTE;Atropelamento de animais;0;0;0;0;0;0;0;0;0;1;2;0;0;0;0
10/08/2021;05:56:00;35;Acidente sem vítima;444,789;BR-163/MS;NORTE;Atropelamento de animais;0;0;1;0;0;0;0;0;0;0;1;0;0;0;0
10/08/2021;06:39:00;60;Acidente com vítima;477,913;BR-163/MS;SUL;Colisão lateral no sentido contrário;1;0;0;0;0;0;0;0;0;1;1;1;0;0;0
10/08/2021;10:46:00;208;Acidente sem vítima;227,993;BR-163/MS;NORTE;Colisão com veículos (traseira);0;0;2;0;0;4;0;0;0;0;6;0;0;0;0
10/08/2021;12:18:00;237;Acidente sem vítima;588,0;BR-163/MS;SUL;Saídas de pista;0;0;0;0;0;0;0;0;0;1;1;0;0;0;0
10/08/2021;12:22:00;240;Acidente sem vítima;2,427;BR-163/MS;NORTE;Colisão com veículos (traseira);2;0;0;0;0;0;0;0;0;0;5;0;0;0;0
10/08/2021;14:20:00;274;Acidente com morte;484,845;BR-163/MS;NORTE;Colisão com veículos (traseira);1;0;2;0;0;2;0;0;0;0;4;0;0;0;1
11/08/2021;05:47:00;24;Acidente com vítima;6,0;BR-163/MS;SUL;Saídas de pista;1;0;0;0;0;0;0;0;0;0;0;4;0;0;0
11/08/2021;11:20:00;147;Acidente sem vítima;475,887;BR-163/MS;SUL;Colisão com veículos (traseira);1;0;0;0;0;0;0;0;0;1;3;0;0;0;0
11/08/2021;15:23:00;216;Acidente sem vítima;238,500;BR-163/MS;NORTE;Colisão com veículos (traseira);0;0;3;0;0;4;0;0;0;0;7;0;0;0;0
11/08/2021;19:10:00;255;Acidente com vítima;263,200;BR-163/MS;SUL;Atropelamento de pedestre;0;1;0;0;0;0;0;0;0;0;0;1;0;0;0
11/08/2021;20:50:00;279;Acidente sem vítima;262,0;BR-163/MS;NORTE;Colisão c/ obstáculos;1;0;0;0;0;0;0;0;0;0;1;0;0;0;0
12/08/2021;04:51:00;19;Acidente sem vítima;806,672;BR-163/MS;SUL;Atropelamento de animais;1;0;0;0;0;0;0;0;0;0;2;0;0;0;0
12/08/2021;04:54:00;21;Acidente sem vítima;468,164;BR-163/MS;SUL;Colisão com veículos (traseira);1;0;0;0;0;1;0;0;0;0;8;0;0;0;0
12/08/2021;12:22:00;190;Acidente sem vítima;69,0;BR-163/MS;NORTE;Tombamento de moto;0;0;0;1;0;0;0;0;0;0;2;0;0;0;0
12/08/2021;13:46:00;217;Acidente sem vítima;103,640;BR-163/MS;SUL;Tombamento;0;0;1;0;0;1;0;0;0;0;2;0;0;0;0
12/08/2021;16:42:00;264;Acidente sem vítima;44,58;BR-163/MS;NORTE;Tombamento;0;0;1;0;0;0;0;0;0;0;1;0;0;0;0
13/08/2021;04:33:00;23;Acidente sem vítima;339,468;BR-163/MS;SUL;Colisão com veículos (traseira);0;0;0;0;0;1;0;0;0;1;2;0;0;0;0
13/08/2021;11:01:00;177;Acidente com vítima;482,878;BR-163/MS;SUL;Colisão lateral no mesmo sentido;0;0;0;1;0;0;0;0;0;1;1;0;1;0;0
13/08/2021;18:41:00;340;Acidente com vítima;491,115;BR-163/MS;NORTE;Colisão lateral no mesmo sentido;0;0;0;1;0;0;0;0;0;1;1;1;0;0;0