data;horario;n_da_ocorrencia;tipo_de_ocorrencia;km;trecho;sentido;tipo_de_acidente;automovel;bicicleta;caminhao;moto;onibus;outros;tracao_animal;transporte_de_cargas_especiais;trator_maquinas;utilitarios;ilesos;levemente_feridos;moderadamente_feridos;gravemente_feridos;mortos
01/11/2021;23:44:21;325;Sem vítima;535,339;BR-163/MS;Crescente;Atropelamento de animal;1;0;0;0;0;0;0;0;0;0;2;0;0;0;0
02/11/2021;04:43:19;21;Com vítima;374,838;BR-163/MS;Decrescente;Atropelamento de animal;1;0;0;0;0;0;0;0;0;0;1;1;0;0;0
02/11/2021;17:32:18;288;Sem vítima;439,998;BR-163/MS;Decrescente;Colisão transversal;2;0;0;0;0;0;0;0;0;0;5;0;0;0;0
02/11/2021;18:09:08;294;Sem vítima;482,217;BR-163/MS;Crescente;Acidentes de outra natureza;1;0;0;0;0;0;0;0;0;0;1;0;0;0;0
02/11/2021;21:12:27;330;Com vítima;720,999;BR-163/MS;Crescente;Capotamento;0;0;0;0;0;0;0;0;0;1;0;0;1;0;0
02/11/2021;23:38:15;342;Sem vítima;721,217;BR-163/MS;Crescente;Atropelamento de animal;0;0;0;0;0;0;0;0;0;1;4;0;0;0;0
03/11/2021;06:49:50;42;Com vítima;486,700;BR-163/MS;Decrescente;Colisão transversal;1;0;0;0;0;0;0;0;0;0;1;1;0;0;0
04/11/2021;03:04:52;14;Sem vítima;263,110;BR-163/MS;Crescente;Choque;1;0;0;0;0;0;0;0;0;0;3;0;0;0;0
04/11/2021;21:38:16;348;Sem vítima;708,700;BR-163/MS;Crescente;Atropelamento de animal;0;0;0;0;0;0;0;0;0;1;1;0;0;0;0
05/11/2021;07:56:09;94;Com vítima;525,457;BR-163/MS;Crescente;Capotamento;1;0;0;0;0;0;0;0;0;0;0;2;0;0;0
06/11/2021;05:35:30;26;Com vítima;438,807;BR-163/MS;Decrescente;Capotamento;1;0;0;0;0;0;0;0;0;0;0;1;0;0;0
06/11/2021;05:58:51;31;Com vítima;480,315;BR-163/MS;Crescente;Queda de moto;1;0;0;0;0;0;0;0;0;0;1;1;0;0;0
06/11/2021;14:33:29;153;Sem vítima;497,123;BR-163/MS;Decrescente;Choque;1;0;0;0;0;0;0;0;0;0;2;0;0;0;0
07/11/2021;04:18:51;20;Sem vítima;255,899;BR-163/MS;Crescente;Choque;1;0;0;0;0;0;0;0;0;0;1;0;0;0;0
07/11/2021;04:20:51;21;Sem vítima;751,390;BR-163/MS;Decrescente;Atropelamento de animal;1;0;0;0;0;0;0;0;0;0;3;0;0;0;0
07/11/2021;04:32:15;25;Sem vítima;7,440;BR-163/MS;Decrescente;Choque;1;0;0;0;0;0;0;0;0;0;3;0;0;0;0
07/11/2021;20:44:05;213;Sem vítima;150,701;BR-163/MS;Crescente;Atropelamento de animal;1;0;0;0;0;0;0;0;0;0;4;0;0;0;0
07/11/2021;21:56:53;221;Com vítima;354,810;BR-163/MS;Crescente;Atropelamento de animal;1;0;0;0;0;0;0;0;0;0;0;2;0;0;0
08/11/2021;03:11:27;16;Sem vítima;656,791;BR-163/MS;Decrescente;Atropelamento de animal;0;0;0;0;0;0;0;0;0;1;1;0;0;0;0
08/11/2021;12:13:58;187;Sem vítima;456,000;BR-163/MS;Crescente;Queda de moto;1;0;0;0;0;0;0;0;0;0;0;0;0;0;0
08/11/2021;17:23:01;264;Sem vítima;150,941;BR-163/MS;Decrescente;Acidentes de outra natureza;1;0;0;0;0;0;0;0;0;0;3;0;0;0;0
08/11/2021;17:57:50;270;Com vítima;493,256;BR-163/MS;Crescente;Choque;1;0;0;0;0;0;0;0;0;0;0;0;0;1;0
08/11/2021;19:33:10;287;Sem vítima;443,883;BR-163/MS;Decrescente;Choque;1;0;0;0;0;0;0;0;0;0;1;0;0;0;0
12/11/2021;02:17:25;13;Sem vítima;448,371;BR-163/MS;Crescente;Atropelamento de animal;1;0;0;0;0;0;0;0;0;0;5;0;0;0;0
12/11/2021;11:15:33;158;Sem vítima;475,765;BR-163/MS;Decrescente;Colisão transversal;0;0;0;0;0;0;0;0;0;2;2;0;0;0;0
12/11/2021;18:15:44;271;Com vítima;690,570;BR-163/MS;Decrescente;Capotamento;0;0;0;0;0;0;0;0;0;1;1;1;0;0;0
13/11/2021;04:47:12;21;Sem vítima;555,407;BR-163/MS;Decrescente;Atropelamento de animal;1;0;0;0;0;0;0;0;0;0;4;0;0;0;0
13/11/2021;08:35:33;78;Sem vítima;747,000;BR-163/MS;Decrescente;Colisão traseira;0;0;0;0;0;0;0;0;0;2;3;0;0;0;0
13/11/2021;11:23:57;141;Sem vítima;258,304;BR-163/MS;Crescente;Colisão traseira;2;0;0;0;0;0;0;0;0;0;3;0;0;0;0
13/11/2021;17:14:00;224;Sem vítima;739,000;BR-163/MS;Crescente;Atropelamento de animal;1;0;0;0;0;0;0;0;0;0;3;0;0;0;0
13/11/2021;23:58:22;266;Sem vítima;403,720;BR-163/MS;Decrescente;Atropelamento de animal;1;0;0;0;0;0;0;0;0;0;4;0;0;0;0
14/11/2021;03:24:32;16;Sem vítima;398,919;BR-163/MS;Crescente;Atropelamento de animal;1;0;0;0;0;0;0;0;0;0;3;0;0;0;0
14/11/2021;05:01:08;24;Com vítima;666,990;BR-163/MS;Crescente;Colisão frontal;2;0;0;0;0;0;0;0;0;0;0;2;1;0;0
14/11/2021;14:29:19;125;Sem vítima;112,000;BR-163/MS;Crescente;Acidentes de outra natureza;1;0;0;0;0;0;0;0;0;0;3;0;0;0;0
14/11/2021;20:15:55;207;Sem vítima;302,616;BR-163/MS;Decrescente;Atropelamento de animal;0;0;0;0;0;0;0;0;0;1;2;0;0;0;0
15/11/2021;15:30:44;219;Sem vítima;756,241;BR-163/MS;Decrescente;Acidentes de outra natureza;1;0;0;0;0;0;0;0;0;0;1;0;0;0;0
15/11/2021;16:20:44;233;Sem vítima;34,983;BR-163/MS;Decrescente;Choque;0;0;0;0;0;0;0;0;0;1;2;0;0;0;0
15/11/2021;17:29:22;249;Sem vítima;398,214;BR-163/MS;Crescente;Acidentes de outra natureza;1;0;0;0;0;0;0;0;0;0;4;0;0;0;0
16/11/2021;03:15:45;20;Sem vítima;405,274;BR-163/MS;Crescente;Atropelamento de animal;1;0;0;0;0;0;0;0;0;0;1;0;0;0;0
18/11/2021;10:07:26;104;Sem vítima;568,146;BR-163/MS;Decrescente;Acidentes de outra natureza;1;0;0;0;0;0;0;0;0;0;1;0;0;0;0
19/11/2021;01:03:28;2;Sem vítima;287,870;BR-163/MS;Decrescente;Atropelamento de animal;1;0;0;0;0;0;0;0;0;0;1;0;0;0;0
19/11/2021;12:45:14;173;Sem vítima;417,000;BR-163/MS;Crescente;Acidentes de outra natureza;1;0;0;0;0;0;0;0;0;0;3;0;0;0;0
20/11/2021;00:10:05;1;Sem vítima;484,367;BR-163/MS;Crescente;Colisão lateral no mesmo sentido;1;0;0;0;0;0;0;0;0;1;2;0;0;0;0
20/11/2021;16:32:47;194;Sem vítima;246,500;BR-163/MS;Decrescente;Colisão lateral no mesmo sentido;1;0;0;0;0;0;0;0;0;1;5;0;0;0;0
21/11/2021;06:45:27;44;Sem vítima;548,342;BR-163/MS;Crescente;Colisão transversal;1;0;0;0;0;0;0;0;0;1;3;0;0;0;0
22/11/2021;19:02:34;282;Com vítima;506,430;BR-163/MS;Crescente;Colisão traseira;0;0;0;0;0;0;0;0;0;1;0;3;0;1;0
22/11/2021;19:06:59;287;Sem vítima;520,388;BR-163/MS;Decrescente;Atropelamento de animal;1;0;0;0;0;0;0;0;0;0;4;0;0;0;0
24/11/2021;18:44:19;315;Sem vítima;788,465;BR-163/MS;Crescente;Choque;1;0;0;0;0;0;0;0;0;0;5;0;0;0;0
25/11/2021;12:46:25;196;Com vítima;552,900;BR-163/MS;Crescente;Colisão transversal;1;0;0;0;0;0;0;0;0;0;0;1;0;0;0
25/11/2021;22:31:33;312;Sem vítima;235,149;BR-163/MS;Decrescente;Atropelamento de animal;1;0;0;0;0;0;0;0;0;0;1;0;0;0;0
26/11/2021;00:28:52;6;Sem vítima;785,208;BR-163/MS;Crescente;Atropelamento de animal;0;0;0;0;0;0;0;0;0;1;2;0;0;0;0
26/11/2021;14:47:36;209;Sem vítima;484,408;BR-163/MS;Decrescente;Colisão transversal;2;0;0;0;0;0;0;0;0;0;6;0;0;0;0
26/11/2021;15:47:31;224;Sem vítima;787,896;BR-163/MS;Decrescente;Choque;1;0;0;0;0;0;0;0;0;0;1;0;0;0;0
26/11/2021;19:40:08;283;Sem vítima;355,274;BR-163/MS;Crescente;Atropelamento de animal;1;0;0;0;0;0;0;0;0;0;1;0;0;0;0
26/11/2021;20:32:10;292;Sem vítima;706,179;BR-163/MS;Crescente;Colisão traseira;1;0;0;0;0;0;0;0;0;1;3;0;0;0;0
27/11/2021;05:42:29;30;Sem vítima;14,550;BR-163/MS;Crescente;Choque;1;0;0;0;0;0;0;0;0;0;1;0;0;0;0
27/11/2021;09:03:03;89;Sem vítima;471,580;BR-163/MS;Decrescente;Colisão traseira;1;0;0;0;0;0;0;0;0;1;7;0;0;0;0
27/11/2021;15:10:02;192;Sem vítima;744,528;BR-163/MS;Crescente;Colisão traseira;0;0;0;0;0;0;0;0;0;1;2;0;0;0;0
27/11/2021;17:31:39;240;Sem vítima;348,751;BR-163/MS;Crescente;Acidentes de outra natureza;1;0;0;0;0;0;0;0;0;0;4;0;0;0;0
27/11/2021;22:10:05;277;Com vítima;215,886;BR-163/MS;Decrescente;Choque;1;0;0;0;0;0;0;0;0;0;0;1;0;0;0
28/11/2021;22:42:13;200;Sem vítima;1,100;BR-163/MS;Decrescente;Atropelamento de animal;1;0;0;0;0;0;0;0;0;0;2;0;0;0;0
28/11/2021;23:00:33;202;Sem vítima;278,000;BR-163/MS;Crescente;Acidentes de outra natureza;1;0;0;0;0;0;0;0;0;0;3;0;0;0;0
30/11/2021;15:59:53;251;Com vítima;548,214;BR-163/MS;Crescente;Colisão transversal;1;0;0;0;0;0;0;0;0;1;0;5;0;0;0
30/11/2021;16:25:59;255;Sem vítima;491,450;BR-163/MS;Decrescente;Engavetamento;1;0;0;0;0;0;0;0;0;2;4;0;0;0;0
01/12/2021;15:55:44;207;Sem vítima;124,822;BR-163/MS;Crescente;Tombamento;0;0;0;0;0;1;0;0;0;0;1;0;0;0;0
01/12/2021;20:07:50;277;Sem vítima;822,239;BR-163/MS;Crescente;Atropelamento de animal;1;0;0;0;0;0;0;0;0;0;1;0;0;0;0
01/12/2021;20:27:43;283;Com vítima;473,679;BR-163/MS;Crescente;Atropelamento de animal;1;0;0;0;0;0;0;0;0;0;0;0;1;0;0
02/12/2021;02:50:07;13;Sem vítima;127,976;BR-163/MS;Decrescente;Tombamento;0;0;0;0;0;1;0;0;0;0;1;0;0;0;0
02/12/2021;04:25:38;22;Com vítima;128,518;BR-163/MS;Decrescente;Colisão traseira;0;0;1;0;1;0;0;0;0;0;2;3;0;1;0
03/12/2021;02:35:51;9;Sem vítima;563,592;BR-163/MS;Decrescente;Atropelamento de animal;1;0;0;0;0;0;0;0;0;0;1;0;0;0;0
03/12/2021;18:32:47;286;Sem vítima;772,969;BR-163/MS;Decrescente;Atropelamento de animal;1;0;0;0;0;0;0;0;0;0;5;0;0;0;0
03/12/2021;18:55:06;289;Sem vítima;772,969;BR-163/MS;Decrescente;Atropelamento de animal;1;0;0;0;0;0;0;0;0;0;3;0;0;0;0
03/12/2021;20:37:16;308;Sem vítima;564,158;BR-163/MS;Crescente;Atropelamento de animal;1;0;0;0;0;0;0;0;0;0;2;0;0;0;0
03/12/2021;21:04:02;311;Com vítima;11,416;BR-163/MS;Decrescente;Choque;1;0;0;0;0;0;0;0;0;0;2;1;0;0;0
04/12/2021;04:57:30;26;Sem vítima;253,900;BR-163/MS;Crescente;Capotamento;1;0;0;0;0;0;0;0;0;0;4;0;0;0;0
04/12/2021;10:58:17;157;Com vítima;484,356;BR-163/MS;Crescente;Colisão transversal;2;0;0;0;0;0;0;0;0;0;1;1;0;0;0
04/12/2021;11:55:02;176;Com vítima;242,285;BR-163/MS;Crescente;Capotamento;1;0;0;0;0;0;0;0;0;0;0;3;0;0;0
05/12/2021;02:25:14;6;Com vítima;256,216;BR-163/MS;Decrescente;Colisão traseira;1;0;0;0;0;0;0;0;0;0;1;1;0;0;0
06/12/2021;14:17:06;161;Com vítima;496,516;BR-163/MS;Decrescente;Capotamento;0;0;0;0;0;0;0;0;0;1;0;1;0;0;0
06/12/2021;22:26:51;284;Sem vítima;432,295;BR-163/MS;Crescente;Atropelamento de animal;0;0;0;0;0;0;0;0;0;1;2;0;0;0;0
06/12/2021;23:57:38;291;Com vítima;636,778;BR-163/MS;Decrescente;Choque;1;0;0;0;0;0;0;0;0;0;0;2;1;0;0
08/12/2021;19:39:41;279;Sem vítima;600,764;BR-163/MS;Crescente;Atropelamento de animal;1;0;0;0;0;0;0;0;0;0;1;0;0;0;0
09/12/2021;04:45:15;12;Sem vítima;257,700;BR-163/MS;Decrescente;Choque;1;0;0;0;0;0;0;0;0;0;1;0;0;0;0
09/12/2021;14:15:31;196;Sem vítima;270,660;BR-163/MS;Crescente;Colisão lateral no mesmo sentido;2;0;0;0;0;0;0;0;0;0;4;0;0;0;0
10/12/2021;06:02:48;22;Com vítima;273,264;BR-163/MS;Decrescente;Choque;0;0;0;0;0;0;0;0;0;1;0;1;0;0;0
10/12/2021;21:07:00;256;Sem vítima;371,299;BR-163/MS;Crescente;Atropelamento de animal;1;0;0;0;0;0;0;0;0;0;2;0;0;0;0
10/12/2021;22:58:13;273;Sem vítima;306,755;BR-163/MS;Decrescente;Atropelamento de animal;0;0;0;0;0;0;0;0;0;1;1;0;0;0;0
11/12/2021;09:36:39;82;Com vítima;766,680;BR-163/MS;Decrescente;Acidentes de outra natureza;0;0;0;0;0;0;0;0;0;1;1;1;0;0;0
12/12/2021;21:36:13;184;Sem vítima;504,405;BR-163/MS;Decrescente;Choque;0;0;0;0;0;0;0;0;0;1;1;0;0;0;0
13/12/2021;08:58:12;92;Sem vítima;481,249;BR-163/MS;Crescente;Colisão frontal;0;0;0;0;1;1;0;0;0;0;2;0;0;0;0
13/12/2021;10:18:45;118;Com vítima;568,336;BR-163/MS;Crescente;Capotamento;1;0;0;0;0;0;0;0;0;0;1;1;0;0;0
13/12/2021;13:08:18;156;Sem vítima;533,801;BR-163/MS;Decrescente;Colisão traseira;0;0;0;0;0;0;0;0;0;2;6;0;0;0;0
14/12/2021;02:41:53;8;Com vítima;372,231;BR-163/MS;Crescente;Tombamento;0;0;1;0;0;0;0;0;0;0;2;4;0;1;0
14/12/2021;14:59:00;162;Com vítima;676,275;BR-163/MS;Decrescente;Colisão traseira;0;0;1;0;0;1;0;0;0;0;0;26;0;0;0
14/12/2021;16:12:54;186;Sem vítima;717,229;BR-163/MS;Decrescente;Colisão traseira;0;0;0;0;0;1;0;0;0;0;1;0;0;0;0
14/12/2021;17:28:27;203;Sem vítima;480,934;BR-163/MS;Decrescente;Colisão lateral no mesmo sentido;1;0;0;0;0;0;0;0;0;1;3;0;0;0;0
16/12/2021;17:10:51;204;Sem vítima;562,980;BR-163/MS;Decrescente;Engavetamento;0;0;0;0;0;1;0;0;0;0;1;0;0;0;0
16/12/2021;18:42:14;218;Sem vítima;478,161;BR-163/MS;Crescente;Colisão traseira;0;0;0;0;1;0;0;0;0;0;1;0;0;0;0
16/12/2021;19:22:42;225;Sem vítima;538,668;BR-163/MS;Crescente;Atropelamento de pedestre;1;0;0;0;0;0;0;0;0;0;4;0;0;0;0
16/12/2021;20:19:56;241;Sem vítima;494,610;BR-163/MS;Crescente;Colisão traseira;0;0;0;0;1;1;0;0;0;0;1;0;0;0;0
17/12/2021;20:17:10;279;Sem vítima;256,719;BR-163/MS;Decrescente;Choque;1;0;0;0;0;0;0;0;0;0;2;0;0;0;0
17/12/2021;20:52:07;283;Com vítima;551,832;BR-163/MS;Decrescente;Acidentes de outra natureza;0;0;0;0;1;0;0;0;0;0;0;1;0;0;0
18/12/2021;11:30:07;155;Sem vítima;275,513;BR-163/MS;Decrescente;Acidentes de outra natureza;1;0;0;0;0;0;0;0;0;0;1;0;0;0;0
18/12/2021;18:26:31;259;Sem vítima;479,334;BR-163/MS;Decrescente;Choque;0;0;0;0;1;0;0;0;0;0;1;0;0;0;0
18/12/2021;19:23:41;269;Sem vítima;166,685;BR-163/MS;Crescente;Atropelamento de animal;1;0;0;0;0;0;0;0;0;0;4;0;0;0;0
18/12/2021;22:21:58;297;Sem vítima;366,505;BR-163/MS;Crescente;Colisão traseira;2;0;0;0;0;0;0;0;0;0;3;0;0;0;0
19/12/2021;01:46:25;12;Sem vítima;822,239;BR-163/MS;Decrescente;Atropelamento de animal;0;0;0;0;0;0;0;0;0;1;4;0;0;0;0
19/12/2021;03:52:24;21;Sem vítima;229,921;BR-163/MS;Crescente;Choque;1;0;0;0;0;0;0;0;0;0;3;0;0;0;0
19/12/2021;11:18:00;110;Sem vítima;489,841;BR-163/MS;Crescente;Colisão traseira;1;0;0;0;0;0;0;0;0;1;6;0;0;0;0
20/12/2021;05:17:14;24;Sem vítima;443,703;BR-163/MS;Crescente;Tombamento;1;0;0;0;0;0;0;0;0;0;1;0;0;0;0
20/12/2021;11:11:26;142;Sem vítima;589,335;BR-163/MS;Decrescente;Choque;0;0;0;0;0;0;0;0;0;1;3;0;0;0;0
21/12/2021;00:20:07;2;Com vítima;780,261;BR-163/MS;Crescente;Atropelamento de animal;0;0;0;0;0;0;0;0;0;1;4;0;0;1;0
21/12/2021;01:28:16;7;Sem vítima;252,488;BR-163/MS;Decrescente;Atropelamento de animal;0;0;0;0;0;0;0;0;0;1;5;0;0;0;0
21/12/2021;18:57:02;239;Sem vítima;475,811;BR-163/MS;Crescente;Colisão lateral no mesmo sentido;1;0;0;0;0;0;0;0;0;1;2;0;0;0;0
21/12/2021;23:52:14;302;Sem vítima;703,272;BR-163/MS;Decrescente;Atropelamento de animal;0;0;0;0;0;0;0;0;0;1;1;0;0;0;0
22/12/2021;09:09:13;114;Com vítima;490,635;BR-163/MS;Crescente;Colisão traseira;0;0;0;0;0;0;0;0;0;2;4;0;2;0;0
22/12/2021;17:32:56;264;Sem vítima;114,251;BR-163/MS;Crescente;Colisão frontal;2;0;0;0;0;0;0;0;0;0;4;0;0;0;0
22/12/2021;17:47:42;269;Sem vítima;482,536;BR-163/MS;Crescente;Atropelamento de pedestre;0;0;0;1;0;0;0;0;0;0;0;0;0;0;0
22/12/2021;20:19:55;302;Sem vítima;410,691;BR-163/MS;Decrescente;Colisão transversal;0;0;1;0;0;0;0;0;0;0;3;0;0;0;0
22/12/2021;22:27:56;322;Sem vítima;540,836;BR-163/MS;Crescente;Atropelamento de animal;0;0;0;0;0;0;0;0;0;1;4;0;0;0;0
22/12/2021;23:00:56;325;Com vítima;473,644;BR-163/MS;Decrescente;Atropelamento de animal;1;0;0;0;0;0;0;0;0;0;3;1;0;1;0
23/12/2021;02:21:03;17;Sem vítima;46,909;BR-163/MS;Decrescente;Atropelamento de animal;1;0;0;0;0;0;0;0;0;0;3;0;0;0;0
23/12/2021;07:53:27;82;Sem vítima;24,500;BR-163/MS;Decrescente;Choque;0;0;0;0;0;0;0;0;0;1;4;0;0;0;0
24/12/2021;02:04:53;14;Com vítima;211,516;BR-163/MS;Decrescente;Choque;0;0;0;0;0;0;0;0;0;1;1;1;0;0;0
24/12/2021;10:25:08;112;Sem vítima;660,450;BR-163/MS;Crescente;Acidentes de outra natureza;1;0;0;0;0;0;0;0;0;0;4;0;0;0;0
24/12/2021;12:56:55;148;Sem vítima;446,342;BR-163/MS;Decrescente;Capotamento;1;0;0;0;0;0;0;0;0;0;3;0;0;0;0
24/12/2021;20:02:28;258;Sem vítima;511,354;BR-163/MS;Decrescente;Acidentes de outra natureza;0;0;0;0;1;0;0;0;0;0;1;0;0;0;0
25/12/2021;00:56:21;5;Sem vítima;346,704;BR-163/MS;Decrescente;Acidentes de outra natureza;1;0;0;0;0;0;0;0;0;0;1;0;0;0;0
25/12/2021;03:51:45;14;Sem vítima;276,366;BR-163/MS;Decrescente;Choque;1;0;0;0;0;0;0;0;0;0;1;0;0;0;0
25/12/2021;19:32:10;137;Com vítima;303,382;BR-163/MS;Decrescente;Colisão frontal;1;0;0;0;0;0;0;0;0;1;0;2;0;0;0
26/12/2021;19:58:08;233;Sem vítima;267,700;BR-163/MS;Crescente;Capotamento;0;0;0;0;0;0;0;0;0;1;2;0;0;0;0
26/12/2021;20:47:28;244;Sem vítima;697,392;BR-163/MS;Decrescente;Choque;1;0;0;0;0;0;0;0;0;0;6;0;0;0;0
27/12/2021;00:25:49;3;Sem vítima;685,856;BR-163/MS;Crescente;Atropelamento de animal;0;0;0;0;0;0;0;0;0;1;2;0;0;0;0
27/12/2021;00:26:25;4;Sem vítima;710,219;BR-163/MS;Crescente;Atropelamento de animal;1;0;0;0;0;0;0;0;0;0;5;0;0;0;0
27/12/2021;17:41:47;283;Sem vítima;346,684;BR-163/MS;Decrescente;Acidentes de outra natureza;1;0;0;0;0;0;0;0;0;0;3;0;0;0;0
28/12/2021;09:27:44;118;Sem vítima;783,386;BR-163/MS;Crescente;Acidentes de outra natureza;1;0;0;0;0;0;0;0;0;0;5;0;0;0;0
28/12/2021;19:03:44;252;Sem vítima;777,370;BR-163/MS;Decrescente;Colisão traseira;0;0;0;0;0;1;0;0;0;0;1;0;0;0;0
29/12/2021;01:32:07;5;Sem vítima;748,720;BR-163/MS;Crescente;Atropelamento de animal;0;0;0;0;0;0;0;0;0;1;4;0;0;0;0
29/12/2021;14:20:42;187;Com vítima;679,930;BR-163/MS;Decrescente;Colisão traseira;1;0;0;0;0;0;0;0;0;1;5;1;0;0;0
29/12/2021;14:21:21;188;Sem vítima;490,593;BR-163/MS;Crescente;Colisão traseira;2;0;0;0;0;0;0;0;0;0;3;0;0;0;0
29/12/2021;22:38:20;268;Com vítima;258,639;BR-163/MS;Crescente;Acidentes de outra natureza;1;0;0;0;0;0;0;0;0;0;0;1;0;0;0
30/12/2021;01:55:02;6;Sem vítima;661,548;BR-163/MS;Decrescente;Atropelamento de animal;1;0;0;0;0;0;0;0;0;0;1;0;0;0;0
30/12/2021;05:45:42;19;Com vítima;475,781;BR-163/MS;Decrescente;Colisão lateral no mesmo sentido;1;0;0;0;0;0;0;0;0;0;0;1;0;0;0
30/12/2021;06:30:25;31;Sem vítima;19,165;BR-163/MS;Decrescente;Choque;1;0;0;0;0;0;0;0;0;0;1;0;0;0;0
30/12/2021;10:48:29;128;Sem vítima;617,178;BR-163/MS;Crescente;Colisão traseira;2;0;0;0;0;0;0;0;0;0;8;0;0;0;0
30/12/2021;16:18:19;212;Com vítima;503,126;BR-163/MS;Decrescente;Capotamento;1;0;0;0;0;0;0;0;0;0;0;0;0;2;0
30/12/2021;20:40:04;254;Com vítima;20,716;BR-163/MS;Crescente;Queda de moto;1;0;0;0;0;0;0;0;0;0;0;1;0;0;0
30/12/2021;20:52:12;255;Sem vítima;533,715;BR-163/MS;Decrescente;Choque;1;0;0;0;0;0;0;0;0;0;4;0;0;0;0
31/12/2021;07:44:07;54;Com vítima;258,625;BR-163/MS;Crescente;Choque;1;0;0;0;0;0;0;0;0;0;0;1;0;0;0
31/12/2021;19:15:40;217;Com vítima;475,824;BR-163/MS;Decrescente;Queda de moto;1;0;0;0;0;0;0;0;0;0;0;1;0;0;0
31/12/2021;20:29:25;229;Sem vítima;255,000;BR-163/MS;Crescente;Acidentes de outra natureza;1;0;0;0;0;0;0;0;0;0;1;0;0;0;0
01/01/2022;15:17:18;96;Sem vítima;823,541;BR-163/MS;Crescente;Queda de moto;1;0;0;0;0;0;0;0;0;0;1;0;0;0;0
02/01/2022;17:26:27;186;Sem vítima;485,750;BR-163/MS;Crescente;Colisão traseira;1;0;0;0;0;0;0;0;0;1;5;0;0;0;0
02/01/2022;19:12:06;208;Sem vítima;813,815;BR-163/MS;Crescente;Colisão transversal;1;0;0;0;0;0;0;0;0;1;13;0;0;0;0
03/01/2022;02:08:22;8;Sem vítima;595,710;BR-163/MS;Crescente;Atropelamento de animal;1;0;0;0;0;0;0;0;0;0;4;0;0;0;0
03/01/2022;08:23:19;76;Sem vítima;500,497;BR-163/MS;Decrescente;Queda de moto;1;0;0;0;0;0;0;0;0;0;1;0;0;0;0
03/01/2022;10:08:18;114;Com vítima;486,487;BR-163/MS;Crescente;Engavetamento;3;0;0;0;0;0;0;0;0;0;10;0;1;0;0
03/01/2022;12:56:12;146;Sem vítima;151,736;BR-163/MS;Crescente;Tombamento;0;0;0;0;0;1;0;0;0;0;1;0;0;0;0
03/01/2022;20:03:36;218;Sem vítima;511,165;BR-163/MS;Decrescente;Choque;0;0;0;0;0;1;0;0;0;0;1;0;0;0;0
04/01/2022;08:01:06;49;Com vítima;472,551;BR-163/MS;Crescente;Queda de moto;1;0;0;0;0;0;0;0;0;0;0;2;0;0;0
04/01/2022;10:09:50;91;Sem vítima;103,642;BR-163/MS;Crescente;Tombamento;0;0;0;0;0;1;0;0;0;0;0;0;0;0;0
04/01/2022;16:47:16;171;Com vítima;695,244;BR-163/MS;Crescente;Capotamento;0;0;0;0;1;0;0;0;0;0;0;1;0;0;0
05/01/2022;05:16:43;16;Com vítima;465,300;BR-163/MS;Crescente;Colisão transversal;1;0;0;0;0;0;0;0;0;0;0;1;0;0;0
05/01/2022;09:44:19;105;Sem vítima;636,701;BR-163/MS;Crescente;Acidentes de outra natureza;1;0;0;0;0;0;0;0;0;0;2;0;0;0;0
05/01/2022;15:06:43;184;Com vítima;490,418;BR-163/MS;Decrescente;Colisão transversal;1;0;0;0;0;0;0;0;0;0;0;1;0;0;0
05/01/2022;17:40:02;223;Sem vítima;485,146;BR-163/MS;Decrescente;Queda de moto;1;0;0;0;0;0;0;0;0;0;0;0;0;0;0
05/01/2022;19:13:47;236;Sem vítima;550,534;BR-163/MS;Decrescente;Atropelamento de animal;0;0;0;0;0;0;0;0;0;1;2;0;0;0;0
05/01/2022;21:39:31;247;Sem vítima;721,491;BR-163/MS;Crescente;Atropelamento de animal;1;0;0;0;0;0;0;0;0;0;3;0;0;0;0
06/01/2022;05:07:53;12;Sem vítima;391,538;BR-163/MS;Decrescente;Colisão traseira;1;0;0;0;0;0;0;0;0;1;7;0;0;0;0
06/01/2022;17:02:16;208;Sem vítima;549,110;BR-163/MS;Decrescente;Colisão lateral no mesmo sentido;0;0;0;0;0;1;0;0;0;0;1;0;0;0;0
06/01/2022;22:36:01;251;Sem vítima;778,857;BR-163/MS;Decrescente;Tombamento;0;0;0;0;0;1;0;0;0;0;0;0;0;0;0
07/01/2022;07:59:53;53;Sem vítima;838,287;BR-163/MS;Decrescente;Tombamento;0;0;0;0;0;1;0;0;0;0;1;0;0;0;0
07/01/2022;20:12:57;213;Com vítima;78,900;BR-163/MS;Decrescente;Choque;1;0;0;0;0;0;0;0;0;0;0;2;0;0;0
07/01/2022;21:34:07;222;Sem vítima;451,390;BR-163/MS;Decrescente;Atropelamento de animal;0;0;0;0;0;0;0;0;0;1;2;0;0;0;0
08/01/2022;00:06:33;1;Com vítima;534,677;BR-163/MS;Decrescente;Atropelamento de animal;0;0;0;0;0;0;0;0;0;1;3;1;0;0;0
08/01/2022;03:34:19;16;Com vítima;462,990;BR-163/MS;Crescente;Atropelamento de animal;0;0;0;0;0;0;0;0;0;1;1;3;0;0;0