data;horario;n_da_ocorrencia;tipo_de_ocorrencia;km;trecho;sentido;tipo_de_acidente;automovel;bicicleta;caminhao;moto;onibus;outros;tracao_animal;transporte_de_cargas_especiais;trator_maquinas;utilitarios;ilesos;levemente_feridos;moderadamente_feridos;gravemente_feridos;mortos
08/01/2022;03:53:32;20;Sem vítima;652,822;BR-163/MS;Decrescente;Atropelamento de animal;0;0;0;0;0;0;0;0;0;1;3;0;0;0;0
08/01/2022;13:57:31;132;Sem vítima;490,607;BR-163/MS;Crescente;Colisão traseira;1;0;0;0;0;0;0;0;0;1;7;0;0;0;0
08/01/2022;14:20:01;140;Sem vítima;681,432;BR-163/MS;Decrescente;Colisão traseira;0;0;0;0;0;0;0;0;0;2;9;0;0;0;0
08/01/2022;14:24:59;141;Sem vítima;843,266;BR-163/MS;Crescente;Engavetamento;0;0;0;0;0;1;0;0;0;0;1;0;0;0;0
09/01/2022;00:59:51;4;Com vítima;257,705;BR-163/MS;Crescente;Acidentes de outra natureza;1;0;0;0;0;0;0;0;0;0;0;2;0;0;0
09/01/2022;06:44:13;35;Com vítima;311,375;BR-163/MS;Crescente;Queda de moto;1;0;0;0;0;0;0;0;0;0;0;0;0;0;1
09/01/2022;09:56:12;64;Sem vítima;666,118;BR-163/MS;Crescente;Colisão traseira;1;0;0;0;0;1;0;0;0;0;1;0;0;0;0
10/01/2022;08:41:05;90;Sem vítima;484,409;BR-163/MS;Crescente;Colisão traseira;1;0;0;0;0;0;0;0;0;0;1;0;0;0;0
10/01/2022;09:16:20;106;Sem vítima;251,788;BR-163/MS;Crescente;Colisão traseira;0;0;0;0;0;0;0;0;0;2;3;0;0;0;0
10/01/2022;11:32:26;159;Com vítima;731,685;BR-163/MS;Crescente;Queda de moto;1;0;0;0;0;0;0;0;0;0;0;1;0;0;0
10/01/2022;16:25:39;230;Sem vítima;575,547;BR-163/MS;Crescente;Colisão lateral no mesmo sentido;0;0;0;0;1;0;0;0;0;0;1;0;0;0;0
10/01/2022;20:56:59;273;Sem vítima;436,233;BR-163/MS;Decrescente;Atropelamento de animal;1;0;0;0;0;0;0;0;0;0;2;0;0;0;0
11/01/2022;06:49:00;38;Sem vítima;364,300;BR-163/MS;Crescente;Colisão traseira;0;0;0;0;1;0;0;0;0;0;1;0;0;0;0
11/01/2022;07:20:27;51;Sem vítima;614,821;BR-163/MS;Crescente;Colisão transversal;1;0;0;0;0;0;0;0;0;1;3;0;0;0;0
11/01/2022;07:23:55;52;Sem vítima;520,350;BR-163/MS;Crescente;Colisão lateral no mesmo sentido;1;0;0;0;0;0;0;0;0;1;9;0;0;0;0
12/01/2022;14:19:50;167;Com vítima;485,190;BR-163/MS;Crescente;Queda de moto;1;0;0;0;0;0;0;0;0;0;0;1;0;0;0
13/01/2022;09:32:54;95;Sem vítima;562,600;BR-163/MS;Decrescente;Colisão traseira;1;0;0;0;0;0;0;0;0;1;4;0;0;0;0
13/01/2022;10:58:37;111;Sem vítima;278,750;BR-163/MS;Decrescente;Tombamento;0;0;0;0;0;1;0;0;0;0;1;0;0;0;0
14/01/2022;16:19:34;192;Sem vítima;398,857;BR-163/MS;Crescente;Colisão traseira;0;0;0;0;0;1;0;0;0;0;0;0;0;0;0
14/01/2022;18:07:28;217;Sem vítima;327,412;BR-163/MS;Crescente;Colisão traseira;1;0;0;0;0;0;0;0;0;1;3;0;0;0;0
15/01/2022;02:36:51;10;Sem vítima;485,280;BR-163/MS;Decrescente;Colisão transversal;0;0;1;0;0;0;0;0;0;0;9;0;0;0;0
15/01/2022;08:37:35;69;Com vítima;11,227;BR-163/MS;Crescente;Queda de moto;1;0;0;0;0;0;0;0;0;0;1;1;0;0;0
15/01/2022;15:19:06;171;Com vítima;484,826;BR-163/MS;Crescente;Engavetamento;1;0;0;0;0;0;0;0;0;2;4;1;0;0;0
15/01/2022;21:29:14;257;Sem vítima;128,319;BR-163/MS;Crescente;Atropelamento de animal;1;0;0;0;0;0;0;0;0;0;4;0;0;0;0
15/01/2022;21:59:55;258;Com vítima;484,733;BR-163/MS;Crescente;Atropelamento de pedestre;0;0;0;1;0;0;0;0;1;0;0;4;0;0;0
16/01/2022;18:02:13;159;Sem vítima;144,683;BR-163/MS;Crescente;Choque;0;0;0;0;0;1;0;0;0;0;1;0;0;0;0
16/01/2022;19:00:00;171;Sem vítima;743,148;BR-163/MS;Crescente;Acidentes de outra natureza;0;0;0;0;0;1;0;0;0;0;1;0;0;0;0
17/01/2022;06:46:07;39;Sem vítima;647,730;BR-163/MS;Decrescente;Acidentes de outra natureza;0;0;0;0;0;0;0;0;0;1;3;0;0;0;0
17/01/2022;13:45:10;150;Com vítima;201,988;BR-163/MS;Crescente;Capotamento;0;0;0;0;0;0;0;0;0;1;1;0;1;0;0
17/01/2022;19:10:10;213;Sem vítima;201,500;BR-163/MS;Crescente;Atropelamento de animal;0;0;0;0;0;0;0;0;0;1;2;0;0;0;0
18/01/2022;07:01:39;34;Sem vítima;254,281;BR-163/MS;Crescente;Acidentes de outra natureza;1;0;0;0;0;0;0;0;0;0;2;0;0;0;0
18/01/2022;16:11:43;187;Sem vítima;258,945;BR-163/MS;Decrescente;Acidentes de outra natureza;1;0;0;0;0;0;0;0;0;0;1;0;0;0;0
18/01/2022;16:32:48;192;Sem vítima;258,630;BR-163/MS;Decrescente;Queda de moto;1;0;0;0;0;0;0;0;0;0;0;0;0;0;0
18/01/2022;21:17:30;236;Sem vítima;564,517;BR-163/MS;Crescente;Atropelamento de animal;0;0;0;0;0;0;0;0;0;0;0;0;0;0;0
19/01/2022;05:20:51;22;Sem vítima;166,729;BR-163/MS;Crescente;Acidentes de outra natureza;0;0;0;0;0;0;0;0;0;1;1;0;0;0;0
19/01/2022;18:29:24;223;Sem vítima;484,964;BR-163/MS;Crescente;Engavetamento;0;0;0;0;1;0;0;0;0;0;1;0;0;0;0
19/01/2022;18:52:20;227;Sem vítima;665,440;BR-163/MS;Crescente;Colisão traseira;0;0;0;0;1;0;0;0;0;0;1;0;0;0;0
19/01/2022;19:24:39;234;Sem vítima;796,109;BR-163/MS;Decrescente;Atropelamento de animal;1;0;0;0;0;0;0;0;0;0;2;0;0;0;0
20/01/2022;03:33:41;9;Sem vítima;270,230;BR-163/MS;Decrescente;Choque;0;0;0;0;1;0;0;0;0;0;1;0;0;0;0
20/01/2022;11:09:34;145;Sem vítima;635,380;BR-163/MS;Decrescente;Capotamento;0;0;0;0;0;1;0;0;0;0;0;0;0;0;0
20/01/2022;20:45:58;284;Sem vítima;6,401;BR-163/MS;Crescente;Acidentes de outra natureza;0;0;0;0;0;0;0;0;0;1;1;0;0;0;0
21/01/2022;08:59:37;80;Sem vítima;261,828;BR-163/MS;Crescente;Colisão traseira;0;0;0;0;0;0;0;0;0;2;4;0;0;0;0
21/01/2022;15:58:34;168;Sem vítima;39,458;BR-163/MS;Decrescente;Queda de moto;1;0;0;0;0;0;0;0;0;0;1;0;0;0;0
22/01/2022;04:44:34;12;Com vítima;479,121;BR-163/MS;Decrescente;Queda de moto;1;0;0;0;0;0;0;0;0;0;0;1;0;0;0
22/01/2022;10:12:19;86;Sem vítima;647,822;BR-163/MS;Decrescente;Tombamento;0;0;0;0;0;1;0;0;0;0;1;0;0;0;0
22/01/2022;22:13:56;229;Sem vítima;679,780;BR-163/MS;Decrescente;Choque;1;0;0;0;0;0;0;0;0;0;1;0;0;0;0
22/01/2022;23:54:44;240;Sem vítima;257,289;BR-163/MS;Decrescente;Acidentes de outra natureza;2;0;0;0;0;0;0;0;0;1;4;0;0;0;0
23/01/2022;06:08:48;23;Com vítima;27,329;BR-163/MS;Decrescente;Choque;1;0;0;0;0;0;0;0;0;0;0;1;0;0;0
23/01/2022;15:12:26;117;Sem vítima;613,493;BR-163/MS;Crescente;Colisão frontal;0;0;0;0;0;1;0;0;0;0;1;0;0;0;0
23/01/2022;17:28:16;147;Sem vítima;661,283;BR-163/MS;Crescente;Atropelamento de animal;1;0;0;0;0;0;0;0;0;0;5;0;0;0;0
23/01/2022;18:26:54;156;Com vítima;37,174;BR-163/MS;Crescente;Colisão lateral no mesmo sentido;0;0;0;0;0;1;0;0;0;0;0;1;0;0;0
24/01/2022;15:47:32;226;Sem vítima;264,918;BR-163/MS;Crescente;Capotamento;0;0;0;0;0;0;0;0;0;1;1;0;0;0;0
24/01/2022;21:42:16;291;Sem vítima;787,934;BR-163/MS;Decrescente;Capotamento;0;0;0;0;0;0;0;0;0;1;1;0;0;0;0
24/01/2022;22:38:31;295;Sem vítima;311,633;BR-163/MS;Decrescente;Atropelamento de animal;1;0;0;0;0;0;0;0;0;0;1;0;0;0;0
25/01/2022;01:19:52;5;Sem vítima;6,440;BR-163/MS;Decrescente;Choque;1;0;0;0;0;0;0;0;0;0;2;0;0;0;0
25/01/2022;06:03:49;29;Sem vítima;611,949;BR-163/MS;Crescente;Colisão lateral no mesmo sentido;1;0;0;0;0;0;0;0;0;0;0;0;0;0;0
25/01/2022;17:52:26;226;Sem vítima;49,376;BR-163/MS;Crescente;Choque;1;0;0;0;0;0;0;0;0;0;1;0;0;0;0
25/01/2022;18:43:22;239;Sem vítima;478,694;BR-163/MS;Crescente;Colisão transversal;1;0;0;0;0;0;0;0;0;0;1;0;0;0;0
26/01/2022;03:36:52;8;Sem vítima;451,800;BR-163/MS;Crescente;Atropelamento de animal;0;0;0;0;0;0;0;0;0;1;4;0;0;0;0
26/01/2022;11:17:03;116;Sem vítima;258,671;BR-163/MS;Crescente;Queda de moto;1;0;0;0;0;0;0;0;0;0;0;0;0;0;0
26/01/2022;15:20:13;159;Sem vítima;117,915;BR-163/MS;Crescente;Acidentes de outra natureza;1;0;0;0;0;0;0;0;0;0;2;0;0;0;0
26/01/2022;17:03:33;185;Sem vítima;255,200;BR-163/MS;Decrescente;Choque;1;0;0;0;0;0;0;0;0;0;1;0;0;0;0
26/01/2022;19:04:03;206;Com vítima;486,300;BR-163/MS;Crescente;Colisão transversal;2;0;0;0;0;0;0;0;0;0;1;1;0;0;0
26/01/2022;19:43:35;214;Sem vítima;264,548;BR-163/MS;Crescente;Queda de moto;1;0;0;0;0;0;0;0;0;0;1;0;0;0;0
27/01/2022;14:32:21;175;Sem vítima;553,410;BR-163/MS;Decrescente;Colisão traseira;0;0;0;0;1;0;0;0;0;0;2;0;0;0;0
28/01/2022;10:26:25;134;Sem vítima;191,922;BR-163/MS;Crescente;Acidentes de outra natureza;0;0;0;0;0;0;0;0;0;1;3;0;0;0;0
28/01/2022;16:29:48;209;Com vítima;560,567;BR-163/MS;Crescente;Tombamento;0;0;0;0;0;1;0;0;0;0;0;1;0;0;0
28/01/2022;17:10:58;220;Com vítima;365,411;BR-163/MS;Crescente;Choque;1;0;0;0;0;0;0;0;0;0;0;1;0;0;0
29/01/2022;19:16:36;222;Com vítima;269,502;BR-163/MS;Crescente;Queda de moto;1;0;0;0;0;0;0;0;0;0;0;2;0;0;0
29/01/2022;19:40:13;226;Sem vítima;481,660;BR-163/MS;Decrescente;Colisão traseira;0;0;0;0;0;1;0;0;0;0;1;0;0;0;0
30/01/2022;01:51:17;7;Sem vítima;256,421;BR-163/MS;Decrescente;Atropelamento de animal;1;0;0;0;0;0;0;0;0;0;2;0;0;0;0
31/01/2022;06:52:07;36;Sem vítima;591,646;BR-163/MS;Decrescente;Acidentes de outra natureza;1;0;0;0;0;0;0;0;0;0;1;0;0;0;0
31/01/2022;11:20:51;123;Com vítima;466,322;BR-163/MS;Decrescente;Tombamento;0;0;0;0;0;1;0;0;0;0;1;1;0;0;0
31/01/2022;19:27:04;224;Sem vítima;601,171;BR-163/MS;Crescente;Colisão traseira;0;0;0;0;2;0;0;0;0;0;1;0;0;0;0
31/01/2022;20:55:22;237;Sem vítima;390,192;BR-163/MS;Crescente;Atropelamento de animal;1;0;0;0;0;0;0;0;0;0;2;0;0;0;0
01/02/2022;03:32:20;12;Com vítima;382,362;BR-163/MS;Crescente;Atropelamento de animal;1;0;0;0;0;0;0;0;0;0;1;1;0;0;0
01/02/2022;13:01:23;162;Sem vítima;42,963;BR-163/MS;Crescente;Capotamento;0;0;0;0;1;0;0;0;0;0;0;0;0;0;0
01/02/2022;21:08:23;245;Com vítima;185,388;BR-163/MS;Decrescente;Tombamento;0;0;0;0;0;1;0;0;0;0;0;1;0;0;0
02/02/2022;20:23:24;282;Sem vítima;238,114;BR-163/MS;Crescente;Atropelamento de animal;1;0;0;0;0;0;0;0;0;0;2;0;0;0;0
03/02/2022;11:05:05;164;Sem vítima;209,620;BR-163/MS;Decrescente;Colisão transversal;1;0;0;0;0;0;0;0;0;1;3;0;0;0;0
05/02/2022;05:43:55;13;Sem vítima;468,347;BR-163/MS;Decrescente;Colisão traseira;0;0;0;0;0;1;0;0;0;0;1;0;0;0;0
05/02/2022;09:51:15;69;Sem vítima;1,875;BR-163/MS;Crescente;Engavetamento;1;0;0;0;0;0;0;0;0;2;10;0;0;0;0
05/02/2022;23:01:04;194;Sem vítima;133,424;BR-163/MS;Crescente;Queda de moto;1;0;0;0;0;0;0;0;0;0;0;0;0;0;0
06/02/2022;22:14:32;206;Com vítima;560,703;BR-163/MS;Decrescente;Acidentes de outra natureza;0;0;0;0;1;0;0;0;0;0;0;1;0;0;0
07/02/2022;08:12:51;59;Sem vítima;678,720;BR-163/MS;Crescente;Colisão traseira;1;0;0;0;0;0;0;0;0;1;2;0;0;0;0
07/02/2022;12:29:33;131;Sem vítima;555,702;BR-163/MS;Decrescente;Colisão traseira;2;0;0;0;0;0;0;0;0;0;4;0;0;0;0
07/02/2022;13:40:08;150;Com vítima;194,596;BR-163/MS;Crescente;Queda de moto;1;0;0;0;0;0;0;0;0;0;0;1;0;0;0
07/02/2022;14:54:32;172;Sem vítima;679,859;BR-163/MS;Crescente;Colisão transversal;0;0;0;0;1;0;0;0;0;0;1;0;0;0;0
08/02/2022;07:22:05;52;Com vítima;491,536;BR-163/MS;Crescente;Colisão transversal;1;0;0;0;0;0;0;0;0;0;1;0;0;1;0
08/02/2022;22:33:04;306;Sem vítima;680,771;BR-163/MS;Crescente;Colisão transversal;2;0;0;0;0;0;0;0;0;0;0;0;0;0;0
09/02/2022;06:05:50;40;Com vítima;392,345;BR-163/MS;Decrescente;Queda de moto;1;0;0;0;0;0;0;0;0;0;0;1;0;0;0
09/02/2022;10:19:27;132;Sem vítima;19,540;BR-163/MS;Crescente;Colisão transversal;1;0;0;0;0;0;0;0;0;0;1;0;0;0;0
09/02/2022;16:54:03;246;Sem vítima;191,720;BR-163/MS;Crescente;Engavetamento;2;0;0;0;0;0;0;0;0;1;4;0;0;0;0
09/02/2022;18:03:02;256;Sem vítima;400,532;BR-163/MS;Crescente;Colisão traseira;0;0;0;0;0;1;0;0;0;0;1;0;0;0;0
10/02/2022;06:05:34;20;Sem vítima;255,936;BR-163/MS;Crescente;Tombamento;0;0;0;0;1;0;0;0;0;0;1;0;0;0;0
10/02/2022;16:28:41;221;Sem vítima;842,393;BR-163/MS;Decrescente;Acidentes de outra natureza;0;0;0;0;0;1;0;0;0;0;1;0;0;0;0
10/02/2022;17:22:11;228;Sem vítima;227,963;BR-163/MS;Crescente;Colisão traseira;0;0;0;0;0;1;0;0;0;0;1;0;0;0;0
10/02/2022;17:33:52;234;Com vítima;477,669;BR-163/MS;Decrescente;Queda de moto;1;0;0;0;0;0;0;0;0;0;0;2;0;0;0
10/02/2022;19:52:34;263;Com vítima;701,430;BR-163/MS;Decrescente;Choque;0;0;0;1;0;0;0;0;0;0;0;1;0;0;0
10/02/2022;23:38:11;293;Com vítima;261,283;BR-163/MS;Crescente;Colisão traseira;0;0;0;2;1;0;0;0;0;0;3;0;0;0;4
11/02/2022;19:25:12;260;Com vítima;628,252;BR-163/MS;Decrescente;Queda de moto;1;0;0;0;0;0;0;0;0;0;0;1;0;0;0
11/02/2022;21:01:31;280;Com vítima;224,595;BR-163/MS;Decrescente;Queda de moto;1;0;0;0;0;0;0;0;0;0;0;1;0;0;0
12/02/2022;00:27:04;4;Sem vítima;361,310;BR-163/MS;Crescente;Atropelamento de animal;0;0;0;0;0;0;0;0;0;1;4;0;0;0;0
12/02/2022;02:22:52;20;Sem vítima;156,747;BR-163/MS;Crescente;Atropelamento de animal;0;0;0;0;0;0;0;0;0;1;1;0;0;0;0
12/02/2022;13:40:43;175;Com vítima;490,846;BR-163/MS;Decrescente;Colisão lateral no mesmo sentido;1;0;0;0;0;1;0;0;0;0;1;0;0;1;0
12/02/2022;21:27:16;274;Com vítima;258,457;BR-163/MS;Decrescente;Queda de moto;1;0;0;0;0;0;0;0;0;0;0;1;0;0;0
13/02/2022;00:21:24;1;Sem vítima;490,757;BR-163/MS;Decrescente;Queda de moto;1;0;0;0;0;0;0;0;0;0;1;0;0;0;0
13/02/2022;01:50:00;9;Com vítima;258,687;BR-163/MS;Decrescente;Choque;1;0;0;0;0;0;0;0;0;0;0;1;0;0;0
13/02/2022;22:16:07;209;Sem vítima;752,317;BR-163/MS;Crescente;Atropelamento de animal;1;0;0;0;0;0;0;0;0;0;4;0;0;0;0
14/02/2022;15:37:17;181;Com vítima;258,625;BR-163/MS;Crescente;Queda de moto;1;0;0;0;0;0;0;0;0;0;0;1;0;0;0
15/02/2022;15:05:59;187;Sem vítima;297,232;BR-163/MS;Crescente;Colisão lateral no mesmo sentido;0;0;0;0;0;1;0;0;0;0;1;0;0;0;0
16/02/2022;04:43:25;16;Com vítima;151,735;BR-163/MS;Decrescente;Capotamento;0;0;0;0;0;0;0;0;0;1;0;0;1;0;0
16/02/2022;08:51:25;100;Sem vítima;485,250;BR-163/MS;Crescente;Colisão traseira;0;0;0;0;0;1;0;0;0;0;1;0;0;0;0
16/02/2022;10:58:10;136;Sem vítima;603,123;BR-163/MS;Decrescente;Colisão transversal;0;0;0;0;0;1;0;0;0;0;1;0;0;0;0
16/02/2022;18:52:45;259;Com vítima;271,331;BR-163/MS;Crescente;Atropelamento de animal;1;0;0;0;0;0;0;0;0;0;0;2;0;0;0
17/02/2022;09:29:20;129;Sem vítima;313,481;BR-163/MS;Decrescente;Colisão traseira;0;0;0;0;1;0;0;0;0;0;1;0;0;0;0
17/02/2022;18:30:51;278;Sem vítima;485,125;BR-163/MS;Crescente;Colisão traseira;2;0;0;0;0;0;0;0;0;0;4;0;0;0;0
18/02/2022;04:03:06;14;Sem vítima;1,842;BR-163/MS;Crescente;Capotamento;0;0;0;0;0;0;0;0;0;1;1;0;0;0;0
18/02/2022;11:38:02;163;Com vítima;753,818;BR-163/MS;Decrescente;Capotamento;0;0;0;0;0;0;0;0;0;1;3;1;0;0;0
18/02/2022;13:53:07;198;Com vítima;489,808;BR-163/MS;Decrescente;Colisão traseira;1;0;0;0;0;0;0;0;0;0;0;1;0;0;0
18/02/2022;19:22:33;281;Sem vítima;542,399;BR-163/MS;Decrescente;Colisão transversal;0;0;0;0;0;1;0;0;0;0;2;0;0;0;0
19/02/2022;19:22:49;179;Sem vítima;608,805;BR-163/MS;Decrescente;Colisão traseira;0;0;0;0;0;0;0;0;0;2;6;0;0;0;0
19/02/2022;22:14:18;196;Sem vítima;519,364;BR-163/MS;Decrescente;Atropelamento de animal;0;0;0;0;0;0;0;0;0;1;3;0;0;0;0
19/02/2022;23:42:46;205;Sem vítima;537,850;BR-163/MS;Crescente;Atropelamento de animal;0;0;0;0;0;0;0;0;0;1;3;0;0;0;0
20/02/2022;15:00:15;142;Com vítima;0,541;BR-163/MS;Decrescente;Colisão traseira;2;0;0;0;0;0;0;0;0;0;7;1;0;0;0
21/02/2022;00:55:51;3;Com vítima;249,850;BR-163/MS;Decrescente;Capotamento;1;0;0;0;0;0;0;0;0;0;0;1;0;0;0
21/02/2022;18:09:27;269;Sem vítima;490,774;BR-163/MS;Crescente;Colisão traseira;0;0;0;0;0;1;0;0;0;0;2;0;0;0;0
21/02/2022;21:02:05;303;Com vítima;206,000;BR-163/MS;Decrescente;Queda de moto;1;0;0;0;0;0;0;0;0;0;0;1;0;0;0
22/02/2022;07:32:53;60;Sem vítima;222,960;BR-163/MS;Decrescente;Colisão transversal;0;0;0;0;0;1;0;0;0;0;1;0;0;0;0
22/02/2022;14:36:59;178;Sem vítima;682,392;BR-163/MS;Decrescente;Colisão traseira;0;0;0;0;0;0;0;0;0;2;7;0;0;0;0
22/02/2022;18:40:40;235;Sem vítima;293,878;BR-163/MS;Decrescente;Atropelamento de animal;0;0;0;0;0;0;0;0;0;1;1;0;0;0;0
23/02/2022;01:19:01;5;Sem vítima;809,688;BR-163/MS;Crescente;Atropelamento de animal;0;0;0;0;0;0;0;0;0;1;1;0;0;0;0
24/02/2022;00:37:59;3;Sem vítima;787,926;BR-163/MS;Decrescente;Capotamento;0;0;0;0;0;0;0;0;0;1;2;0;0;0;0
24/02/2022;06:10:24;26;Com vítima;497,530;BR-163/MS;Crescente;Colisão transversal;1;0;0;0;0;0;0;0;0;1;2;1;1;0;0
25/02/2022;04:33:36;14;Com vítima;672,461;BR-163/MS;Decrescente;Atropelamento de animal;0;0;0;0;0;0;0;0;0;1;0;2;0;0;0
25/02/2022;13:47:50;186;Com vítima;490,412;BR-163/MS;Crescente;Colisão traseira;0;0;0;0;0;0;0;0;0;1;2;1;0;0;0
25/02/2022;16:42:39;239;Com vítima;117,819;BR-163/MS;Decrescente;Capotamento;0;0;0;0;0;0;0;0;0;1;0;1;0;0;0
25/02/2022;23:04:47;305;Sem vítima;259,282;BR-163/MS;Crescente;Acidentes de outra natureza;1;0;0;0;0;0;0;0;0;0;1;0;0;0;0
26/02/2022;02:50:28;5;Sem vítima;688,397;BR-163/MS;Crescente;Atropelamento de animal;1;0;0;0;0;0;0;0;0;0;5;0;0;0;0
26/02/2022;07:56:30;59;Sem vítima;406,614;BR-163/MS;Decrescente;Acidentes de outra natureza;1;0;0;0;0;0;0;0;0;0;2;0;0;0;0
26/02/2022;08:24:41;69;Sem vítima;603,501;BR-163/MS;Crescente;Colisão traseira;1;0;0;0;0;0;0;0;0;1;6;0;0;0;0
27/02/2022;04:20:02;19;Com vítima;470,853;BR-163/MS;Decrescente;Queda de moto;1;0;0;0;0;0;0;0;0;0;0;1;0;0;0
27/02/2022;06:17:43;31;Com vítima;485,210;BR-163/MS;Crescente;Colisão traseira;0;0;2;0;0;0;0;0;0;0;2;1;0;0;0
27/02/2022;09:57:43;78;Com vítima;662,357;BR-163/MS;Crescente;Colisão traseira;2;0;0;0;0;0;0;0;0;0;2;1;0;0;0
27/02/2022;16:12:55;149;Sem vítima;446,964;BR-163/MS;Crescente;Tombamento;0;0;0;0;0;1;0;0;0;0;1;0;0;0;0
28/02/2022;10:25:30;133;Com vítima;272,359;BR-163/MS;Crescente;Colisão traseira;1;0;0;0;0;0;0;0;0;0;0;1;0;0;0
28/02/2022;20:32:45;270;Com vítima;293,379;BR-163/MS;Crescente;Colisão frontal;0;0;0;0;0;1;0;0;0;0;0;1;0;0;0
01/03/2022;10:18:22;109;Sem vítima;654,300;BR-163/MS;Crescente;Tombamento;1;0;0;0;0;0;0;0;0;0;4;0;0;0;0
01/03/2022;11:12:03;116;Sem vítima;27,685;BR-163/MS;Decrescente;Colisão traseira;0;0;0;0;1;0;0;0;0;0;1;0;0;0;0
01/03/2022;14:47:24;174;Sem vítima;181,480;BR-163/MS;Decrescente;Acidentes de outra natureza;1;0;0;0;0;0;0;0;0;0;1;0;0;0;0
01/03/2022;17:30:35;206;Com vítima;330,482;BR-163/MS;Decrescente;Colisão traseira;0;0;0;1;0;0;0;0;0;0;0;0;0;1;0
02/03/2022;00:33:55;4;Sem vítima;440,647;BR-163/MS;Crescente;Atropelamento de animal;1;0;0;0;0;0;0;0;0;0;4;0;0;0;0
02/03/2022;02:03:24;7;Sem vítima;41,967;BR-163/MS;Crescente;Atropelamento de animal;0;0;1;0;0;0;0;0;0;0;1;0;0;0;0
02/03/2022;05:20:31;21;Sem vítima;807,427;BR-163/MS;Decrescente;Atropelamento de animal;1;0;0;0;0;0;0;0;0;0;2;0;0;0;0
02/03/2022;17:13:31;208;Com vítima;680,241;BR-163/MS;Decrescente;Choque;0;0;0;1;0;0;0;0;0;0;0;1;0;0;0
02/03/2022;22:49:30;260;Sem vítima;368,165;BR-163/MS;Crescente;Colisão traseira;0;0;0;0;0;1;0;0;0;0;1;0;0;0;0
03/03/2022;00:10:12;4;Sem vítima;265,941;BR-163/MS;Decrescente;Colisão traseira;1;0;0;0;0;0;0;0;0;1;2;0;0;0;0
03/03/2022;10:43:33;149;Com vítima;211,295;BR-163/MS;Crescente;Queda de moto;1;0;0;0;0;0;0;0;0;0;0;1;0;0;0
04/03/2022;11:17:17;130;Com vítima;690,216;BR-163/MS;Decrescente;Colisão frontal;2;0;0;0;0;0;0;0;0;0;0;2;0;1;0
04/03/2022;17:13:45;205;Sem vítima;603,311;BR-163/MS;Crescente;Acidentes de outra natureza;1;0;0;0;0;0;0;0;0;1;4;0;0;0;0
04/03/2022;20:03:40;242;Com vítima;478,695;BR-163/MS;Crescente;Choque;1;0;0;0;0;0;0;0;0;0;0;1;0;0;0
04/03/2022;23:48:30;259;Sem vítima;491,332;BR-163/MS;Decrescente;Atropelamento de pedestre;0;0;0;0;1;0;0;0;0;0;1;0;0;0;0
05/03/2022;01:42:36;15;Sem vítima;420,827;BR-163/MS;Decrescente;Queda de moto;1;0;0;0;0;0;0;0;0;0;1;0;0;0;0
05/03/2022;16:21:12;194;Com vítima;442,219;BR-163/MS;Crescente;Colisão transversal;2;0;0;0;0;0;0;0;0;0;3;3;0;0;0
06/03/2022;13:38:06;113;Com vítima;113,730;BR-163/MS;Decrescente;Queda de moto;1;0;0;0;0;0;0;0;0;0;1;1;0;0;0
06/03/2022;18:52:59;181;Sem vítima;263,120;BR-163/MS;Decrescente;Colisão traseira;1;0;0;0;0;0;0;0;0;1;3;0;0;0;0
06/03/2022;23:55:34;211;Sem vítima;497,952;BR-163/MS;Crescente;Colisão frontal;0;0;0;0;0;1;0;0;0;0;1;0;0;0;0
07/03/2022;02:08:03;9;Com vítima;288,878;BR-163/MS;Decrescente;Tombamento;0;0;0;0;1;0;0;0;0;0;0;1;0;0;0
07/03/2022;15:16:39;199;Com vítima;307,000;BR-163/MS;Decrescente;Colisão traseira;0;0;0;2;0;0;0;0;0;0;1;1;0;0;0
07/03/2022;16:18:34;217;Com vítima;680,792;BR-163/MS;Crescente;Colisão traseira;1;0;0;0;0;0;0;0;0;0;1;1;0;0;0
07/03/2022;22:41:13;288;Sem vítima;738,560;BR-163/MS;Decrescente;Atropelamento de animal;1;0;0;0;0;0;0;0;0;0;5;0;0;0;0
08/03/2022;08:26:24;91;Sem vítima;129,482;BR-163/MS;Crescente;Engavetamento;0;0;0;0;0;4;0;0;0;0;4;0;0;0;0
08/03/2022;18:34:11;235;Com vítima;614,806;BR-163/MS;Decrescente;Colisão traseira;1;0;0;0;0;0;0;0;0;0;0;1;0;0;0
09/03/2022;15:52:56;208;Com vítima;479,166;BR-163/MS;Crescente;Queda de moto;1;0;0;0;1;0;0;0;0;0;1;1;0;0;0
09/03/2022;18:21:05;241;Com vítima;482,401;BR-163/MS;Decrescente;Colisão transversal;2;0;0;0;0;0;0;0;0;0;0;1;0;0;0
09/03/2022;18:46:49;249;Sem vítima;159,516;BR-163/MS;Crescente;Atropelamento de animal;1;0;0;0;0;0;0;0;0;0;1;0;0;0;0