data;horario;n_da_ocorrencia;tipo_de_ocorrencia;km;trecho;sentido;tipo_de_acidente;automovel;bicicleta;caminhao;moto;onibus;outros;tracao_animal;transporte_de_cargas_especiais;trator_maquinas;utilitarios;ilesos;levemente_feridos;moderadamente_feridos;gravemente_feridos;mortos
09/03/2022;23:06:17;291;Sem vítima;522,452;BR-163/MS;Decrescente;Atropelamento de animal;1;0;0;0;0;0;0;0;0;0;3;0;0;0;0
09/03/2022;23:31:00;294;Sem vítima;522,452;BR-163/MS;Decrescente;Choque;1;0;0;0;0;0;0;0;0;0;3;0;0;0;0
10/03/2022;13:10:55;165;Sem vítima;13,380;BR-163/MS;Decrescente;Acidentes de outra natureza;1;0;0;0;0;0;0;0;0;0;1;0;0;0;0
10/03/2022;14:11:06;176;Sem vítima;22,635;BR-163/MS;Crescente;Colisão lateral no mesmo sentido;2;0;0;0;0;0;0;0;0;0;5;0;0;0;0
10/03/2022;18:22:56;221;Sem vítima;258,359;BR-163/MS;Decrescente;Tombamento;0;1;1;0;0;0;0;0;0;0;1;0;0;0;0
10/03/2022;19:44:11;236;Sem vítima;756,586;BR-163/MS;Decrescente;Atropelamento de animal;0;0;0;0;0;0;0;0;0;0;0;0;0;0;0
11/03/2022;03:40:44;12;Com vítima;735,729;BR-163/MS;Decrescente;Tombamento;0;0;1;0;0;0;0;0;0;0;0;1;0;0;0
11/03/2022;04:20:45;15;Sem vítima;545,741;BR-163/MS;Crescente;Choque;0;0;0;0;1;0;0;0;0;0;1;0;0;0;0
11/03/2022;13:41:22;165;Sem vítima;555,858;BR-163/MS;Decrescente;Colisão traseira;2;0;0;0;0;0;0;0;0;0;2;0;0;0;0
11/03/2022;17:49:24;223;Sem vítima;475,239;BR-163/MS;Decrescente;Engavetamento;2;0;1;0;0;0;0;0;0;0;7;0;0;0;0
12/03/2022;00:06:08;3;Com vítima;384,130;BR-163/MS;Crescente;Colisão traseira;0;0;0;1;0;0;0;0;0;1;1;1;0;0;0
12/03/2022;22:41:57;270;Sem vítima;381,952;BR-163/MS;Decrescente;Atropelamento de animal;1;0;0;0;0;0;0;0;0;0;3;0;0;0;0
13/03/2022;19:51:22;236;Sem vítima;168,630;BR-163/MS;Decrescente;Atropelamento de animal;1;0;0;0;0;0;0;0;0;0;2;0;0;0;0
14/03/2022;06:03:09;23;Sem vítima;217,629;BR-163/MS;Decrescente;Queda de moto;1;0;0;0;0;0;0;0;0;0;0;0;0;0;0
14/03/2022;07:00:07;39;Com vítima;342,727;BR-163/MS;Decrescente;Colisão lateral no mesmo sentido;1;0;0;0;0;0;0;0;0;0;0;1;0;0;0
14/03/2022;11:21:15;147;Sem vítima;475,774;BR-163/MS;Decrescente;Colisão transversal;1;0;0;0;0;0;0;0;0;1;2;0;0;0;0
14/03/2022;13:06:26;166;Sem vítima;307,221;BR-163/MS;Decrescente;Colisão traseira;1;0;0;0;0;0;0;0;0;1;4;0;0;0;0
14/03/2022;19:49:16;249;Sem vítima;500,235;BR-163/MS;Decrescente;Colisão traseira;0;0;1;0;0;0;0;0;0;1;2;0;0;0;0
14/03/2022;21:56:00;271;Com vítima;258,556;BR-163/MS;Crescente;Queda de moto;1;0;0;0;0;0;0;0;0;0;0;1;0;0;0
15/03/2022;15:46:49;202;Com vítima;181,786;BR-163/MS;Crescente;Colisão frontal;0;0;0;0;2;0;0;0;0;0;0;0;0;1;0
15/03/2022;22:07:49;273;Sem vítima;740,794;BR-163/MS;Decrescente;Atropelamento de animal;0;0;0;0;0;0;0;0;0;1;4;0;0;0;0
16/03/2022;01:35:53;11;Com vítima;256,520;BR-163/MS;Decrescente;Queda de moto;1;0;0;0;0;0;0;0;0;0;0;2;0;0;0
16/03/2022;01:45:44;13;Com vítima;283,320;BR-163/MS;Crescente;Colisão traseira;0;0;0;0;1;0;0;0;0;0;0;1;0;0;0
16/03/2022;07:00:47;53;Com vítima;468,798;BR-163/MS;Crescente;Queda de moto;0;0;0;1;0;0;0;0;0;0;0;0;2;0;0
16/03/2022;11:21:24;153;Sem vítima;258,547;BR-163/MS;Crescente;Queda de moto;1;0;0;0;0;0;0;0;0;0;1;0;0;0;0
16/03/2022;16:23:23;236;Sem vítima;465,965;BR-163/MS;Decrescente;Choque;0;0;0;0;1;0;0;0;0;0;1;0;0;0;0
17/03/2022;07:02:08;36;Sem vítima;670,270;BR-163/MS;Crescente;Colisão lateral no mesmo sentido;0;0;0;0;0;1;0;0;0;0;2;0;0;0;0
17/03/2022;08:51:53;78;Sem vítima;756,602;BR-163/MS;Crescente;Colisão lateral no mesmo sentido;0;0;0;0;0;1;0;0;0;0;1;0;0;0;0
18/03/2022;17:30:37;220;Sem vítima;518,747;BR-163/MS;Decrescente;Acidentes de outra natureza;1;0;0;0;0;0;0;0;0;0;1;0;0;0;0
18/03/2022;19:17:36;239;Sem vítima;13,766;BR-163/MS;Decrescente;Colisão traseira;0;0;0;0;0;1;0;0;0;0;1;0;0;0;0
19/03/2022;01:15:10;5;Com vítima;261,486;BR-163/MS;Decrescente;Atropelamento de animal;1;0;0;0;0;0;0;0;0;0;0;1;0;0;0
19/03/2022;11:14:14;111;Com vítima;682,350;BR-163/MS;Crescente;Atropelamento de ciclista;0;0;0;1;1;0;0;0;0;0;1;0;0;1;0
19/03/2022;18:29:20;203;Com vítima;366,582;BR-163/MS;Decrescente;Colisão transversal;0;0;0;1;0;0;0;0;0;0;0;1;0;0;0
19/03/2022;19:18:07;213;Com vítima;615,363;BR-163/MS;Crescente;Colisão transversal;1;0;0;0;0;0;0;0;0;1;1;1;0;0;0
20/03/2022;13:55:43;115;Com vítima;506,953;BR-163/MS;Crescente;Capotamento;1;0;0;0;0;0;0;0;0;0;1;1;0;0;0
21/03/2022;14:21:04;173;Com vítima;484,383;BR-163/MS;Crescente;Colisão traseira;2;0;0;0;0;0;0;0;0;0;1;1;0;0;0
22/03/2022;04:58:30;16;Sem vítima;620,797;BR-163/MS;Crescente;Atropelamento de animal;0;0;0;0;0;0;0;0;0;1;4;0;0;0;0
22/03/2022;20:51:44;300;Sem vítima;12,207;BR-163/MS;Crescente;Colisão frontal;0;0;0;0;0;1;0;0;0;0;1;0;0;0;0
23/03/2022;19:11:16;267;Sem vítima;248,556;BR-163/MS;Crescente;Queda de moto;1;0;0;0;0;0;0;0;0;0;0;0;0;0;0
24/03/2022;01:09:07;10;Sem vítima;476,707;BR-163/MS;Crescente;Capotamento;0;0;0;0;0;0;0;0;0;1;1;0;0;0;0
24/03/2022;04:15:59;27;Sem vítima;690,482;BR-163/MS;Decrescente;Atropelamento de animal;1;0;0;0;0;0;0;0;0;0;5;0;0;0;0
24/03/2022;10:24:30;136;Com vítima;183,596;BR-163/MS;Decrescente;Atropelamento de pedestre;1;0;0;0;0;1;0;0;0;0;1;0;0;0;1
24/03/2022;10:38:15;139;Com vítima;574,732;BR-163/MS;Crescente;Colisão lateral no mesmo sentido;0;0;1;0;0;0;0;0;0;1;1;0;1;0;0
24/03/2022;15:15:01;207;Com vítima;475,810;BR-163/MS;Decrescente;Colisão transversal;1;0;0;0;0;0;0;0;0;0;0;1;0;0;0
24/03/2022;18:30:05;253;Com vítima;526,528;BR-163/MS;Decrescente;Colisão traseira;0;0;0;0;0;0;0;0;0;1;1;0;1;0;0
24/03/2022;18:56:46;257;Com vítima;258,800;BR-163/MS;Crescente;Choque;1;0;0;0;0;0;0;0;0;0;0;1;0;0;0
25/03/2022;04:51:06;16;Com vítima;263,710;BR-163/MS;Decrescente;Colisão transversal;1;0;0;1;0;0;0;0;0;0;1;1;0;0;0
25/03/2022;16:24:39;200;Sem vítima;728,939;BR-163/MS;Crescente;Colisão transversal;2;0;0;0;0;0;0;0;0;0;6;0;0;0;0
27/03/2022;11:33:08;100;Com vítima;498,734;BR-163/MS;Decrescente;Choque;1;0;0;0;0;0;0;0;0;0;1;0;1;0;0
27/03/2022;18:40:35;203;Com vítima;61,872;BR-163/MS;Crescente;Colisão traseira;0;0;0;1;0;0;0;0;0;1;1;1;0;0;0
28/03/2022;01:36:40;8;Sem vítima;680,813;BR-163/MS;Crescente;Choque;1;0;0;0;0;0;0;0;0;0;1;0;0;0;0
29/03/2022;05:19:14;16;Sem vítima;781,956;BR-163/MS;Crescente;Atropelamento de animal;0;0;0;0;0;0;0;0;0;1;2;0;0;0;0
29/03/2022;14:02:22;172;Com vítima;250,769;BR-163/MS;Crescente;Engavetamento;1;0;1;0;0;0;0;0;0;1;1;3;0;0;0
30/03/2022;00:45:41;6;Sem vítima;331,688;BR-163/MS;Crescente;Atropelamento de animal;0;0;0;0;0;0;0;0;0;1;2;0;0;0;0
30/03/2022;18:23:28;243;Sem vítima;486,551;BR-163/MS;Decrescente;Atropelamento de animal;1;0;0;0;0;0;0;0;0;0;0;0;0;0;0
31/03/2022;07:32:04;51;Com vítima;491,276;BR-163/MS;Crescente;Colisão lateral no mesmo sentido;1;0;0;0;0;0;0;0;0;0;0;0;0;1;0
31/03/2022;08:01:01;63;Sem vítima;484,245;BR-163/MS;Crescente;Colisão transversal;0;0;0;0;1;0;0;0;0;0;1;0;0;0;0
31/03/2022;15:27:07;175;Sem vítima;219,714;BR-163/MS;Decrescente;Acidentes de outra natureza;0;0;0;0;0;1;0;0;0;0;3;0;0;0;0
31/03/2022;18:39:42;218;Com vítima;486,000;BR-163/MS;Decrescente;Engavetamento;1;0;0;0;1;0;0;0;0;0;1;0;0;1;0
31/03/2022;22:01:07;238;Sem vítima;264,000;BR-163/MS;Decrescente;Colisão traseira;0;0;0;0;0;1;0;0;0;0;1;0;0;0;0
02/04/2022;01:07:37;8;Sem vítima;258,200;BR-163/MS;Crescente;Choque;1;0;0;0;0;0;0;0;0;0;3;0;0;0;0
02/04/2022;18:38:29;190;Com vítima;368,611;BR-163/MS;Crescente;Colisão frontal;1;0;0;0;0;0;0;0;0;2;1;2;0;1;0
02/04/2022;18:48:37;197;Sem vítima;190,900;BR-163/MS;Crescente;Colisão frontal;0;0;0;0;0;1;0;0;0;0;1;0;0;0;0
02/04/2022;19:53:14;207;Com vítima;680,100;BR-163/MS;Crescente;Atropelamento de pedestre;0;0;0;1;0;0;0;0;0;0;0;0;0;1;0
03/04/2022;05:13:19;20;Sem vítima;260,000;BR-163/MS;Crescente;Acidentes de outra natureza;1;0;0;0;0;0;0;0;0;0;2;0;0;0;0
03/04/2022;08:02:11;34;Sem vítima;6,700;BR-163/MS;Decrescente;Colisão traseira;0;0;0;0;0;1;0;0;0;0;1;0;0;0;0
03/04/2022;08:17:57;36;Sem vítima;512,224;BR-163/MS;Crescente;Queda de moto;1;0;0;0;0;0;0;0;0;0;0;0;0;0;0
03/04/2022;18:25:09;178;Com vítima;285,500;BR-163/MS;Decrescente;Colisão lateral no mesmo sentido;2;0;0;0;0;0;0;0;0;0;0;0;0;2;0
04/04/2022;13:20:19;190;Sem vítima;6,500;BR-163/MS;Crescente;Colisão traseira;0;0;0;0;1;0;0;0;0;0;1;0;0;0;0
04/04/2022;20:32:10;290;Sem vítima;443,100;BR-163/MS;Crescente;Atropelamento de animal;1;0;0;0;0;0;0;0;0;0;1;0;0;0;0
05/04/2022;05:40:02;17;Sem vítima;499,800;BR-163/MS;Crescente;Tombamento;0;0;0;0;1;0;0;0;0;0;1;0;0;0;0
05/04/2022;11:21:42;151;Com vítima;258,000;BR-163/MS;Crescente;Colisão lateral no mesmo sentido;1;0;0;0;0;0;0;0;0;0;0;1;0;0;0
06/04/2022;05:05:01;11;Com vítima;548,365;BR-163/MS;Crescente;Colisão lateral no mesmo sentido;1;0;0;0;0;0;0;0;0;1;1;1;0;0;0
06/04/2022;10:27:23;119;Sem vítima;316,500;BR-163/MS;Decrescente;Capotamento;1;0;0;0;0;0;0;0;0;0;1;0;0;0;0
06/04/2022;18:01:17;236;Com vítima;259,000;BR-163/MS;Crescente;Colisão traseira;2;0;0;0;0;0;0;0;0;0;3;1;0;0;0
06/04/2022;19:10:00;256;Com vítima;256,000;BR-163/MS;Crescente;Queda de moto;1;0;0;0;0;0;0;0;0;0;1;1;0;0;0
06/04/2022;20:04:14;270;Sem vítima;355,000;BR-163/MS;Decrescente;Atropelamento de animal;0;0;0;0;0;0;0;0;0;1;1;0;0;0;0
07/04/2022;05:02:19;28;Sem vítima;734,000;BR-163/MS;Crescente;Tombamento;1;0;0;0;0;0;0;0;0;0;2;0;0;0;0
07/04/2022;11:30:01;146;Sem vítima;704,100;BR-163/MS;Decrescente;Choque;0;0;0;0;1;0;0;0;0;0;2;0;0;0;0
07/04/2022;17:25:47;242;Com vítima;485,150;BR-163/MS;Crescente;Queda de moto;1;0;0;0;0;0;0;0;0;0;0;1;0;0;0
08/04/2022;21:34:22;285;Com vítima;265,410;BR-163/MS;Crescente;Colisão traseira;1;0;0;0;0;0;0;0;0;1;2;2;0;0;0
09/04/2022;07:43:38;59;Sem vítima;526,234;BR-163/MS;Crescente;Choque;0;0;0;0;0;0;0;0;0;1;2;0;0;0;0
09/04/2022;12:13:58;142;Sem vítima;148,210;BR-163/MS;Decrescente;Colisão traseira;0;0;2;0;0;0;0;0;0;0;2;0;0;0;0
09/04/2022;20:03:56;253;Sem vítima;506,285;BR-163/MS;Crescente;Queda de moto;1;0;0;0;0;0;0;0;0;0;2;0;0;0;0
10/04/2022;10:04:01;82;Com vítima;86,172;BR-163/MS;Decrescente;Tombamento;0;0;0;0;0;1;0;0;0;0;0;1;0;0;0
10/04/2022;12:54:57;120;Com vítima;495,204;BR-163/MS;Crescente;Capotamento;0;0;0;0;0;0;0;0;0;1;1;2;2;0;0
10/04/2022;15:52:13;163;Sem vítima;264,000;BR-163/MS;Crescente;Acidentes de outra natureza;1;0;0;0;0;0;0;0;0;0;2;0;0;0;0
11/04/2022;02:23:12;17;Sem vítima;257,736;BR-163/MS;Crescente;Queda de moto;1;0;0;0;0;0;0;0;0;0;0;0;0;0;0
11/04/2022;07:01:09;52;Sem vítima;487,449;BR-163/MS;Crescente;Colisão transversal;0;0;0;0;1;0;0;0;0;0;4;0;0;0;0
11/04/2022;13:43:09;196;Sem vítima;614,354;BR-163/MS;Crescente;Colisão transversal;1;0;0;0;0;0;0;0;0;0;2;0;0;0;0
11/04/2022;17:45:57;263;Com vítima;490,531;BR-163/MS;Decrescente;Colisão traseira;1;0;0;0;0;0;0;0;0;0;0;1;0;0;0
11/04/2022;19:54:48;291;Sem vítima;126,619;BR-163/MS;Crescente;Acidentes de outra natureza;1;0;0;0;0;0;0;0;0;0;2;0;0;0;0
12/04/2022;02:11:00;9;Sem vítima;11,500;BR-163/MS;Decrescente;Choque;1;0;0;0;0;0;0;0;0;0;1;0;0;0;0
12/04/2022;18:39:29;225;Sem vítima;443,753;BR-163/MS;Crescente;Atropelamento de animal;0;0;0;0;0;0;0;0;0;1;1;0;0;0;0
12/04/2022;19:29:00;232;Com vítima;117,742;BR-163/MS;Decrescente;Colisão transversal;1;0;1;0;0;0;0;0;0;0;3;1;0;0;0
12/04/2022;20:01:03;239;Sem vítima;313,725;BR-163/MS;Decrescente;Choque;1;0;0;0;0;0;0;0;0;0;2;0;0;0;0
12/04/2022;22:30:09;256;Com vítima;259,468;BR-163/MS;Decrescente;Colisão traseira;0;0;0;1;0;0;0;0;0;0;0;1;0;0;0
13/04/2022;17:52:55;231;Sem vítima;478,687;BR-163/MS;Crescente;Colisão transversal;0;0;1;0;0;0;0;0;0;0;1;0;0;0;0
14/04/2022;09:52:36;128;Sem vítima;106,000;BR-163/MS;Crescente;Acidentes de outra natureza;0;0;0;0;0;0;0;0;0;1;1;0;0;0;0
14/04/2022;18:47:42;313;Sem vítima;7,457;BR-163/MS;Decrescente;Acidentes de outra natureza;1;0;0;0;0;0;0;0;0;0;4;0;0;0;0
14/04/2022;23:41:30;356;Sem vítima;355,346;BR-163/MS;Decrescente;Acidentes de outra natureza;1;0;0;0;0;0;0;0;0;0;3;0;0;0;0
15/04/2022;07:23:49;50;Sem vítima;117,211;BR-163/MS;Crescente;Colisão traseira;0;0;0;0;0;0;0;0;0;2;3;0;0;0;0
15/04/2022;18:06:52;245;Com vítima;669,197;BR-163/MS;Crescente;Colisão traseira;2;0;1;0;0;0;0;0;0;0;3;2;0;0;1
16/04/2022;05:18:13;18;Sem vítima;254,629;BR-163/MS;Crescente;Atropelamento de animal;0;0;0;0;0;0;0;0;0;1;2;0;0;0;0
16/04/2022;14:35:42;129;Com vítima;479,342;BR-163/MS;Decrescente;Colisão lateral no mesmo sentido;1;0;0;1;0;0;0;0;0;0;0;1;0;1;0
17/04/2022;01:17:56;12;Com vítima;258,606;BR-163/MS;Crescente;Choque;1;0;0;0;0;0;0;0;0;0;1;1;0;0;0
17/04/2022;05:05:09;23;Com vítima;1,163;BR-163/MS;Decrescente;Colisão frontal;0;0;0;0;0;0;0;0;0;2;2;2;0;1;1
17/04/2022;16:43:54;192;Com vítima;249,950;BR-163/MS;Crescente;Engavetamento;3;0;0;0;0;0;0;0;0;0;8;1;0;0;0
17/04/2022;18:36:35;218;Sem vítima;368,380;BR-163/MS;Crescente;Atropelamento de animal;1;0;0;0;0;0;0;0;0;0;1;0;0;0;0
17/04/2022;18:53:33;222;Sem vítima;400,726;BR-163/MS;Crescente;Atropelamento de animal;1;0;0;0;0;0;0;0;0;0;4;0;0;0;0
18/04/2022;17:09:16;238;Com vítima;91,968;BR-163/MS;Crescente;Colisão traseira;1;0;0;0;0;0;0;0;0;1;4;2;0;0;0
18/04/2022;19:04:16;258;Sem vítima;806,850;BR-163/MS;Crescente;Colisão traseira;1;0;1;0;0;0;0;0;0;0;2;0;0;0;0
19/04/2022;01:48:57;5;Sem vítima;413,229;BR-163/MS;Decrescente;Atropelamento de animal;0;0;0;0;0;0;0;0;0;0;0;0;0;0;0
19/04/2022;17:32:01;225;Com vítima;523,227;BR-163/MS;Decrescente;Queda de moto;0;0;0;1;0;0;0;0;0;0;0;1;0;0;0
19/04/2022;18:17:11;236;Com vítima;258,000;BR-163/MS;Decrescente;Atropelamento de pedestre;1;1;0;0;0;0;0;0;0;0;5;0;0;0;0
19/04/2022;18:23:32;238;Sem vítima;477,676;BR-163/MS;Decrescente;Colisão transversal;0;0;1;1;0;0;0;0;0;0;1;0;0;0;0
19/04/2022;21:32:51;269;Com vítima;340,500;BR-163/MS;Decrescente;Atropelamento de animal;0;0;0;0;0;0;0;0;0;1;1;1;0;0;0
20/04/2022;14:50:55;202;Sem vítima;434,392;BR-163/MS;Crescente;Engavetamento;2;0;0;0;0;0;0;0;0;1;5;0;0;0;0
20/04/2022;22:19:21;278;Com vítima;486,450;BR-163/MS;Crescente;Engavetamento;3;0;0;0;0;0;0;0;0;0;6;1;0;0;0
21/04/2022;01:31:57;10;Sem vítima;226,548;BR-163/MS;Crescente;Atropelamento de animal;1;0;0;0;0;0;0;0;0;0;2;0;0;0;0
21/04/2022;11:36:03;105;Sem vítima;364,100;BR-163/MS;Crescente;Colisão traseira;2;0;0;0;0;0;0;0;0;0;3;0;0;0;0
21/04/2022;14:06:18;154;Com vítima;335,255;BR-163/MS;Crescente;Queda de moto;0;0;0;1;0;0;0;0;0;0;0;1;0;1;0
21/04/2022;15:23:20;165;Sem vítima;363,900;BR-163/MS;Crescente;Acidentes de outra natureza;0;0;0;0;0;0;0;0;0;1;2;0;0;0;0
21/04/2022;16:46:54;183;Com vítima;614,900;BR-163/MS;Decrescente;Colisão transversal;2;0;0;0;0;0;0;0;0;0;4;1;0;0;0
22/04/2022;05:43:21;26;Sem vítima;397,000;BR-163/MS;Decrescente;Atropelamento de animal;0;0;1;0;0;0;0;0;0;0;5;0;0;0;0
22/04/2022;08:33:54;87;Sem vítima;574,811;BR-163/MS;Crescente;Engavetamento;0;0;2;0;0;0;0;0;0;0;3;0;0;0;0
22/04/2022;18:04:35;221;Com vítima;257,421;BR-163/MS;Crescente;Engavetamento;3;0;0;1;0;0;0;0;0;0;6;1;0;0;0
23/04/2022;05:06:12;22;Com vítima;663,321;BR-163/MS;Decrescente;Queda de moto;0;0;0;1;0;0;0;0;0;0;0;1;0;0;0
23/04/2022;05:38:18;24;Sem vítima;223,125;BR-163/MS;Decrescente;Choque;0;0;0;0;0;0;0;0;0;1;1;0;0;0;0
23/04/2022;09:19:42;67;Sem vítima;626,207;BR-163/MS;Crescente;Choque;1;0;0;0;0;0;0;0;0;0;2;0;0;0;0
23/04/2022;11:03:48;98;Sem vítima;359,200;BR-163/MS;Decrescente;Choque;1;0;0;0;0;0;0;0;0;1;6;0;0;0;0
23/04/2022;17:34:11;166;Sem vítima;699,902;BR-163/MS;Decrescente;Capotamento;1;0;0;0;0;0;0;0;0;0;1;0;0;0;0
23/04/2022;18:31:06;174;Com vítima;258,598;BR-163/MS;Crescente;Choque;0;1;0;0;0;0;0;0;0;0;0;0;0;0;0
23/04/2022;21:06:17;192;Sem vítima;452,200;BR-163/MS;Decrescente;Acidentes de outra natureza;1;0;0;0;0;0;0;0;0;0;2;0;0;0;0
24/04/2022;14:45:26;186;Sem vítima;424,200;BR-163/MS;Decrescente;Acidentes de outra natureza;1;0;0;0;0;0;0;0;0;0;1;0;0;0;0
24/04/2022;18:42:18;249;Sem vítima;612,150;BR-163/MS;Crescente;Queda de moto;0;0;0;1;0;0;0;0;0;0;0;0;0;0;0
25/04/2022;04:57:45;15;Com vítima;735,752;BR-163/MS;Decrescente;Tombamento;0;0;1;0;0;0;0;0;0;0;0;1;0;0;0
25/04/2022;10:10:03;100;Sem vítima;617,536;BR-163/MS;Crescente;Colisão frontal;1;0;1;0;0;0;0;0;0;0;2;0;0;0;0
25/04/2022;17:48:30;205;Com vítima;479,500;BR-163/MS;Crescente;Colisão transversal;0;0;0;2;0;0;0;0;0;0;1;1;0;0;0
26/04/2022;11:52:30;158;Com vítima;486,483;BR-163/MS;Decrescente;Colisão lateral no mesmo sentido;0;0;1;1;0;0;0;0;0;0;1;1;0;0;0
26/04/2022;13:19:49;180;Sem vítima;205,140;BR-163/MS;Decrescente;Engavetamento;2;0;0;0;0;0;0;0;0;1;6;0;0;0;0
26/04/2022;15:16:49;202;Com vítima;435,974;BR-163/MS;Decrescente;Colisão traseira;2;0;0;0;0;0;0;0;0;0;2;1;0;0;0
26/04/2022;18:10:55;244;Com vítima;276,420;BR-163/MS;Decrescente;Choque;0;0;0;1;0;0;0;0;0;0;0;1;0;0;0
26/04/2022;19:39:59;267;Com vítima;281,423;BR-163/MS;Crescente;Colisão transversal;2;0;0;0;0;0;0;0;0;0;3;1;0;0;0
26/04/2022;22:18:20;281;Sem vítima;485,630;BR-163/MS;Crescente;Colisão traseira;0;0;2;0;0;0;0;0;0;0;2;0;0;0;0
27/04/2022;02:22:41;10;Sem vítima;481,720;BR-163/MS;Crescente;Queda de moto;0;0;0;1;0;0;0;0;0;0;0;0;0;0;0
27/04/2022;18:54:16;279;Sem vítima;266,234;BR-163/MS;Crescente;Acidentes de outra natureza;0;0;0;0;0;0;0;0;0;1;1;0;0;0;0
28/04/2022;03:29:47;8;Sem vítima;241,570;BR-163/MS;Decrescente;Atropelamento de animal;1;0;0;0;0;0;0;0;0;0;4;0;0;0;0
28/04/2022;07:30:59;53;Sem vítima;476,250;BR-163/MS;Crescente;Queda de moto;0;0;0;1;0;0;0;0;0;0;0;0;0;0;0
28/04/2022;15:40:55;248;Sem vítima;492,286;BR-163/MS;Crescente;Colisão traseira;1;0;1;0;0;0;0;0;0;0;1;0;0;0;0
28/04/2022;17:39:21;278;Com vítima;258,000;BR-163/MS;Decrescente;Acidentes de outra natureza;0;0;0;1;0;0;0;0;0;1;1;1;0;0;0
28/04/2022;20:42:48;311;Sem vítima;690,323;BR-163/MS;Decrescente;Acidentes de outra natureza;1;0;0;0;0;0;0;0;0;0;3;0;0;0;0
29/04/2022;06:35:48;21;Com vítima;480,902;BR-163/MS;Decrescente;Queda de moto;0;0;0;1;0;0;0;0;0;0;0;1;0;0;0
29/04/2022;17:52:21;222;Com vítima;437,454;BR-163/MS;Decrescente;Tombamento;0;0;1;0;0;0;0;0;0;0;0;2;0;0;0
29/04/2022;18:53:07;238;Sem vítima;751,633;BR-163/MS;Decrescente;Atropelamento de animal;0;0;0;0;0;0;0;0;0;1;1;0;0;0;0
29/04/2022;19:17:30;243;Sem vítima;386,301;BR-163/MS;Crescente;Atropelamento de pedestre;0;0;0;0;0;0;0;0;0;1;4;0;0;0;0
29/04/2022;21:14:08;264;Sem vítima;329,000;BR-163/MS;Decrescente;Atropelamento de animal;0;0;0;0;0;0;0;0;0;1;1;0;0;0;0
30/04/2022;09:29:55;84;Sem vítima;482,936;BR-163/MS;Decrescente;Tombamento;0;0;1;0;0;0;0;0;0;0;0;0;0;0;0
30/04/2022;19:47:22;230;Com vítima;1,348;BR-163/MS;Decrescente;Tombamento;0;0;0;0;0;0;0;0;0;1;0;1;0;0;0
01/05/2022;04:47:57;12;Sem vítima;140,282;BR-163/MS;Crescente;Acidentes de outra natureza;1;0;0;0;0;0;0;0;0;0;2;0;0;0;0
01/05/2022;13:14:47;110;Sem vítima;25,954;BR-163/MS;Crescente;Colisão transversal;1;0;0;0;0;0;0;0;0;1;3;0;0;0;0
02/05/2022;05:04:44;21;Com vítima;614,743;BR-163/MS;Crescente;Colisão transversal;0;0;0;0;0;0;0;0;0;2;4;1;0;1;0
02/05/2022;06:51:39;43;Com vítima;40,377;BR-163/MS;Crescente;Tombamento;0;0;1;0;0;0;0;0;0;0;0;1;0;0;0
02/05/2022;09:16:26;110;Sem vítima;484,403;BR-163/MS;Crescente;Colisão lateral no mesmo sentido;1;0;0;1;0;0;0;0;0;0;2;0;0;0;0
03/05/2022;15:48:16;178;Sem vítima;123,547;BR-163/MS;Crescente;Colisão traseira;2;0;0;0;0;0;0;0;0;0;3;0;0;0;0
03/05/2022;20:46:49;231;Sem vítima;255,847;BR-163/MS;Crescente;Acidentes de outra natureza;0;0;0;0;0;0;0;0;0;1;1;0;0;0;0
04/05/2022;07:34:56;48;Com vítima;260,100;BR-163/MS;Crescente;Choque;0;1;0;0;0;0;0;0;0;0;0;0;0;0;0
04/05/2022;09:00:18;84;Sem vítima;223,800;BR-163/MS;Decrescente;Colisão lateral no mesmo sentido;1;0;0;0;0;0;0;0;0;1;2;0;0;0;0
04/05/2022;09:24:26;94;Sem vítima;222,820;BR-163/MS;Crescente;Colisão traseira;0;0;0;0;0;0;0;0;0;2;4;0;0;0;0
04/05/2022;17:50:12;195;Com vítima;479,325;BR-163/MS;Crescente;Colisão transversal;0;1;0;0;0;0;0;0;0;0;0;0;0;0;0
05/05/2022;07:17:54;41;Sem vítima;89,100;BR-163/MS;Crescente;Capotamento;1;0;0;0;0;0;0;0;0;0;3;0;0;0;0
06/05/2022;05:24:30;18;Com vítima;87,289;BR-163/MS;Crescente;Choque;1;0;0;0;0;0;0;0;0;0;0;2;0;0;0
06/05/2022;07:46:33;54;Sem vítima;477,498;BR-163/MS;Crescente;Queda de moto;0;0;0;1;0;0;0;0;0;0;1;0;0;0;0
06/05/2022;10:00:19;105;Com vítima;366,508;BR-163/MS;Crescente;Colisão lateral no mesmo sentido;0;0;0;0;0;0;0;0;0;1;0;1;0;0;0
06/05/2022;12:47:23;151;Com vítima;203,822;BR-163/MS;Crescente;Engavetamento;0;0;2;0;0;0;0;0;0;0;1;0;0;1;0
06/05/2022;13:26:16;153;Com vítima;36,375;BR-163/MS;Crescente;Colisão traseira;1;0;0;0;0;0;0;0;0;1;2;1;0;0;0