data;horario;n_da_ocorrencia;tipo_de_ocorrencia;km;trecho;sentido;tipo_de_acidente;automovel;bicicleta;caminhao;moto;onibus;outros;tracao_animal;transporte_de_cargas_especiais;trator_maquinas;utilitarios;ilesos;levemente_feridos;moderadamente_feridos;gravemente_feridos;mortos
06/05/2022;17:01:12;209;Sem vítima;363,760;BR-163/MS;Decrescente;Acidentes de outra natureza;1;0;0;0;0;0;0;0;0;0;1;0;0;0;0
06/05/2022;17:14:00;214;Sem vítima;268,142;BR-163/MS;Crescente;Colisão traseira;3;0;0;0;0;0;0;0;0;0;3;0;0;0;0
07/05/2022;04:27:29;15;Sem vítima;386,213;BR-163/MS;Crescente;Atropelamento de animal;1;0;0;0;0;0;0;0;0;0;1;0;0;0;0
07/05/2022;05:57:52;24;Com vítima;256,300;BR-163/MS;Crescente;Queda de moto;0;0;0;1;0;0;0;0;0;0;0;1;0;0;0
07/05/2022;18:03:17;218;Com vítima;76,963;BR-163/MS;Decrescente;Colisão lateral no mesmo sentido;0;0;1;1;0;0;0;0;0;0;2;2;0;0;0
07/05/2022;18:14:47;220;Com vítima;484,378;BR-163/MS;Crescente;Colisão transversal;2;0;0;0;0;0;0;0;0;0;2;1;0;0;0
07/05/2022;18:54:15;227;Com vítima;212,160;BR-163/MS;Crescente;Colisão frontal;1;0;0;0;0;0;0;0;0;0;0;1;0;0;0
08/05/2022;02:54:24;12;Sem vítima;294,947;BR-163/MS;Crescente;Atropelamento de animal;1;0;0;0;0;0;0;0;0;0;2;0;0;0;0
08/05/2022;17:41:21;193;Sem vítima;655,100;BR-163/MS;Crescente;Colisão lateral no mesmo sentido;1;0;0;0;0;0;0;0;0;1;3;0;0;0;0
08/05/2022;19:06:02;212;Sem vítima;370,794;BR-163/MS;Decrescente;Atropelamento de animal;1;0;0;0;0;0;0;0;0;0;3;0;0;0;0
08/05/2022;21:23:27;224;Sem vítima;264,904;BR-163/MS;Decrescente;Choque;1;0;0;0;0;0;0;0;0;0;5;0;0;0;0
09/05/2022;07:30:51;55;Com vítima;476,890;BR-163/MS;Crescente;Queda de moto;0;0;0;1;0;0;0;0;0;0;0;1;0;0;0
09/05/2022;09:46:52;98;Sem vítima;172,400;BR-163/MS;Crescente;Acidentes de outra natureza;0;0;0;0;0;0;0;0;0;1;1;0;0;0;0
09/05/2022;09:52:48;99;Com vítima;238,659;BR-163/MS;Crescente;Choque;0;0;0;0;0;0;0;0;0;1;1;2;0;0;0
09/05/2022;09:56:30;100;Com vítima;490,670;BR-163/MS;Decrescente;Colisão transversal;0;0;0;1;0;0;0;0;0;0;0;0;1;0;0
09/05/2022;11:08:25;122;Sem vítima;1,900;BR-163/MS;Crescente;Colisão traseira;1;0;0;0;0;0;0;0;0;1;3;0;0;0;0
09/05/2022;17:51:41;211;Com vítima;76,000;BR-163/MS;Decrescente;Atropelamento de pedestre;1;1;0;0;0;0;0;0;0;0;1;0;0;0;0
09/05/2022;20:59:52;246;Sem vítima;359,350;BR-163/MS;Crescente;Atropelamento de animal;1;0;0;0;0;0;0;0;0;0;3;0;0;0;0
10/05/2022;04:50:29;20;Sem vítima;181,110;BR-163/MS;Crescente;Colisão lateral no mesmo sentido;1;0;0;0;1;0;0;0;0;0;3;0;0;0;0
10/05/2022;14:06:09;146;Com vítima;481,680;BR-163/MS;Crescente;Colisão transversal;0;0;0;1;0;0;0;0;0;0;0;0;0;0;1
10/05/2022;15:54:03;167;Sem vítima;614,266;BR-163/MS;Decrescente;Colisão transversal;1;0;0;0;0;0;0;0;0;1;2;0;0;0;0
10/05/2022;17:30:24;183;Sem vítima;484,700;BR-163/MS;Crescente;Colisão traseira;2;0;0;0;0;0;0;0;0;0;2;0;0;0;0
10/05/2022;19:03:55;199;Sem vítima;779,522;BR-163/MS;Crescente;Atropelamento de animal;0;0;0;0;0;0;0;0;0;1;4;0;0;0;0
11/05/2022;17:19:57;215;Com vítima;679,838;BR-163/MS;Crescente;Queda de moto;0;0;0;1;0;0;0;0;0;0;0;1;0;0;0
11/05/2022;18:10:20;224;Sem vítima;389,101;BR-163/MS;Crescente;Atropelamento de animal;0;0;0;0;0;0;0;0;0;1;1;0;0;0;0
11/05/2022;18:24:27;225;Com vítima;484,383;BR-163/MS;Decrescente;Colisão transversal;1;0;0;1;0;0;0;0;0;0;5;0;1;0;0
11/05/2022;18:52:46;231;Sem vítima;269,311;BR-163/MS;Crescente;Atropelamento de animal;1;0;0;0;0;0;0;0;0;0;1;0;0;0;0
11/05/2022;21:05:42;251;Sem vítima;228,268;BR-163/MS;Decrescente;Choque;1;0;0;0;0;0;0;0;0;0;0;0;0;0;0
12/05/2022;07:36:09;61;Sem vítima;490,635;BR-163/MS;Crescente;Engavetamento;2;0;0;0;0;0;0;0;0;1;3;0;0;0;0
12/05/2022;10:33:38;149;Sem vítima;548,359;BR-163/MS;Crescente;Colisão frontal;1;0;0;0;0;0;0;0;0;1;4;0;0;0;0
12/05/2022;13:32:56;189;Sem vítima;317,200;BR-163/MS;Crescente;Acidentes de outra natureza;0;0;0;0;0;0;0;0;0;1;1;0;0;0;0
12/05/2022;14:43:14;206;Sem vítima;264,700;BR-163/MS;Decrescente;Colisão traseira;0;0;0;0;0;0;0;0;0;2;2;0;0;0;0
12/05/2022;17:05:13;241;Com vítima;486,100;BR-163/MS;Decrescente;Colisão frontal;1;0;0;1;0;0;0;0;0;0;3;0;0;1;0
13/05/2022;07:06:53;32;Com vítima;9,100;BR-163/MS;Decrescente;Queda de moto;0;0;0;1;0;0;0;0;0;0;0;1;0;0;0
13/05/2022;09:55:14;99;Sem vítima;533,850;BR-163/MS;Crescente;Colisão traseira;0;0;1;0;0;0;0;0;0;1;4;0;0;0;0
13/05/2022;14:15:09;176;Sem vítima;614,786;BR-163/MS;Crescente;Colisão lateral no mesmo sentido;1;0;0;0;0;2;0;0;0;0;1;0;0;0;0
13/05/2022;15:03:51;186;Sem vítima;34,550;BR-163/MS;Decrescente;Choque;0;0;0;0;0;0;0;0;0;1;1;0;0;0;0
14/05/2022;15:58:05;169;Sem vítima;82,700;BR-163/MS;Decrescente;Choque;1;0;0;0;0;0;0;0;0;0;2;0;0;0;0
14/05/2022;16:13:44;173;Sem vítima;260,330;BR-163/MS;Crescente;Acidentes de outra natureza;1;0;0;0;0;0;0;0;0;0;2;0;0;0;0
14/05/2022;16:38:16;176;Com vítima;447,640;BR-163/MS;Crescente;Colisão transversal;2;0;0;0;0;0;0;0;0;0;4;0;1;0;0
14/05/2022;18:48:59;198;Sem vítima;170,700;BR-163/MS;Decrescente;Acidentes de outra natureza;0;0;0;0;0;0;0;0;0;1;2;0;0;0;0
14/05/2022;19:09:08;205;Sem vítima;318,784;BR-163/MS;Decrescente;Choque;1;0;0;0;0;0;0;0;0;0;2;0;0;0;0
14/05/2022;23:02:02;230;Com vítima;476,901;BR-163/MS;Decrescente;Colisão traseira;2;0;0;0;0;0;0;0;0;0;0;1;4;0;0
15/05/2022;04:26:41;25;Sem vítima;13,800;BR-163/MS;Decrescente;Acidentes de outra natureza;1;0;0;0;0;0;0;0;0;0;1;0;0;0;0
15/05/2022;05:35:06;31;Sem vítima;151,984;BR-163/MS;Crescente;Tombamento;0;0;0;0;0;0;0;0;0;1;1;0;0;0;0
15/05/2022;20:18:44;192;Com vítima;23,500;BR-163/MS;Decrescente;Colisão traseira;0;0;0;1;0;0;0;0;0;1;5;1;0;0;0
15/05/2022;22:13:02;202;Com vítima;485,507;BR-163/MS;Decrescente;Colisão traseira;1;0;0;1;0;0;0;0;0;0;2;0;1;0;0
16/05/2022;12:57:09;189;Com vítima;492,339;BR-163/MS;Crescente;Colisão transversal;1;0;1;0;0;0;0;0;0;0;1;0;0;1;0
16/05/2022;17:25:52;275;Com vítima;766,822;BR-163/MS;Decrescente;Tombamento;0;0;1;0;0;1;0;0;0;0;0;1;0;0;0
16/05/2022;17:34:54;277;Sem vítima;476,647;BR-163/MS;Crescente;Colisão lateral no mesmo sentido;0;0;1;0;0;0;0;0;0;0;1;0;0;0;0
18/05/2022;03:17:11;12;Com vítima;256,595;BR-163/MS;Decrescente;Tombamento;1;0;1;0;0;1;0;0;0;0;1;1;0;0;0
18/05/2022;11:31:40;113;Sem vítima;751,732;BR-163/MS;Crescente;Tombamento;0;0;0;0;0;2;0;0;0;0;0;0;0;0;0
18/05/2022;19:28:57;228;Sem vítima;387,200;BR-163/MS;Crescente;Atropelamento de animal;0;0;0;0;0;0;0;0;0;1;2;0;0;0;0
19/05/2022;12:40:50;127;Com vítima;175,608;BR-163/MS;Crescente;Colisão frontal;0;0;1;0;0;2;0;0;0;0;0;0;0;2;0
19/05/2022;16:32:34;179;Com vítima;256,100;BR-163/MS;Decrescente;Colisão traseira;0;0;0;1;0;0;0;0;0;1;1;1;0;0;0
19/05/2022;22:45:37;242;Sem vítima;469,757;BR-163/MS;Decrescente;Colisão traseira;0;0;0;0;0;0;0;0;0;0;0;0;0;0;0
20/05/2022;03:07:52;10;Sem vítima;258,256;BR-163/MS;Crescente;Capotamento;0;0;0;0;0;0;0;0;0;1;1;0;0;0;0
21/05/2022;10:33:09;95;Com vítima;324,500;BR-163/MS;Crescente;Colisão transversal;0;0;1;1;0;0;0;0;0;0;1;1;0;0;0
22/05/2022;18:32:09;177;Com vítima;487,466;BR-163/MS;Decrescente;Queda de moto;1;0;0;1;0;0;0;0;0;0;2;2;0;0;0
22/05/2022;18:48:58;181;Com vítima;78,434;BR-163/MS;Crescente;Colisão transversal;0;1;0;1;0;0;0;0;0;0;0;0;0;0;0
22/05/2022;22:14:13;198;Sem vítima;388,900;BR-163/MS;Decrescente;Atropelamento de animal;0;0;0;0;0;0;0;0;0;1;1;0;0;0;0
23/05/2022;05:30:59;26;Sem vítima;419,785;BR-163/MS;Decrescente;Choque;1;0;0;0;0;2;0;0;0;0;1;0;0;0;0
23/05/2022;08:03:27;69;Sem vítima;484,832;BR-163/MS;Crescente;Colisão traseira;0;0;0;0;0;0;0;0;0;0;0;0;0;0;0
23/05/2022;11:14:44;149;Com vítima;427,837;BR-163/MS;Decrescente;Colisão traseira;0;0;1;0;0;0;0;0;0;1;1;1;0;0;0
23/05/2022;18:12:09;290;Sem vítima;656,821;BR-163/MS;Crescente;Atropelamento de animal;1;0;0;0;0;0;0;0;0;0;1;0;0;0;0
23/05/2022;20:50:21;315;Sem vítima;256,000;BR-163/MS;Decrescente;Colisão frontal;0;2;0;0;0;0;0;0;0;0;0;0;0;0;0
24/05/2022;07:14:38;45;Com vítima;477,725;BR-163/MS;Decrescente;Colisão traseira;1;0;0;1;0;1;0;0;0;0;1;1;0;0;0
24/05/2022;14:05:14;175;Com vítima;552,450;BR-163/MS;Decrescente;Atropelamento de animal;1;0;1;0;0;0;0;0;0;0;2;1;0;0;0
24/05/2022;17:50:11;248;Com vítima;467,514;BR-163/MS;Crescente;Engavetamento;2;0;0;0;0;0;0;0;0;1;3;0;1;0;0
25/05/2022;05:47:04;16;Com vítima;338,130;BR-163/MS;Crescente;Colisão traseira;0;0;0;1;0;0;0;0;0;1;2;0;1;0;1
25/05/2022;14:24:06;211;Sem vítima;639,870;BR-163/MS;Decrescente;Tombamento;0;0;0;0;0;2;0;0;0;0;0;0;0;0;0
25/05/2022;14:37:02;215;Sem vítima;287,300;BR-163/MS;Decrescente;Acidentes de outra natureza;1;0;0;0;0;0;0;0;0;0;1;0;0;0;0
25/05/2022;16:12:36;265;Sem vítima;471,402;BR-163/MS;Crescente;Colisão traseira;1;0;0;0;0;0;0;0;0;1;2;0;0;0;0
25/05/2022;16:44:23;282;Com vítima;473,272;BR-163/MS;Crescente;Colisão transversal;0;0;0;1;0;0;0;0;0;1;2;1;0;0;0
25/05/2022;22:52:27;328;Sem vítima;680,181;BR-163/MS;Decrescente;Colisão traseira;0;0;3;0;0;1;0;0;0;0;2;0;0;0;0
26/05/2022;00:49:50;3;Sem vítima;124,920;BR-163/MS;Decrescente;Atropelamento de animal;0;0;0;0;0;2;0;0;0;0;0;0;0;0;0
26/05/2022;15:24:09;242;Com vítima;484,547;BR-163/MS;Crescente;Colisão transversal;1;0;0;1;0;0;0;0;0;0;1;1;0;0;0
26/05/2022;16:39:18;266;Sem vítima;503,252;BR-163/MS;Decrescente;Atropelamento de animal;0;0;0;0;0;0;0;0;0;1;1;0;0;0;0
27/05/2022;11:33:50;138;Sem vítima;42,218;BR-163/MS;Crescente;Engavetamento;0;0;1;0;0;2;0;0;0;0;2;0;0;0;0
27/05/2022;13:44:58;165;Sem vítima;77,179;BR-163/MS;Crescente;Colisão lateral no mesmo sentido;0;0;0;0;0;0;0;0;0;0;0;0;0;0;0
27/05/2022;17:26:51;221;Sem vítima;2,800;BR-163/MS;Crescente;Colisão lateral no mesmo sentido;1;0;0;0;0;2;0;0;0;0;1;0;0;0;0
27/05/2022;18:26:58;229;Sem vítima;4,921;BR-163/MS;Decrescente;Colisão traseira;1;0;0;0;0;0;0;0;0;1;2;0;0;0;0
28/05/2022;04:24:04;17;Sem vítima;466,779;BR-163/MS;Decrescente;Capotamento;1;0;0;0;0;0;0;0;0;0;1;0;0;0;0
28/05/2022;18:46:30;195;Com vítima;608,893;BR-163/MS;Crescente;Colisão traseira;1;0;0;1;0;0;0;0;0;0;5;0;0;0;1
28/05/2022;22:33:27;218;Sem vítima;278,158;BR-163/MS;Crescente;Atropelamento de animal;1;0;0;0;0;0;0;0;0;0;2;0;0;0;0
29/05/2022;01:45:36;5;Com vítima;488,952;BR-163/MS;Decrescente;Colisão frontal;3;0;0;0;0;0;0;0;0;0;5;1;0;2;0
29/05/2022;10:32:13;83;Sem vítima;271,818;BR-163/MS;Decrescente;Colisão transversal;1;0;0;0;0;0;0;0;0;1;2;0;0;0;0
29/05/2022;14:30:20;128;Sem vítima;691,300;BR-163/MS;Crescente;Engavetamento;0;0;1;0;0;4;0;0;0;0;1;0;0;0;0
29/05/2022;18:15:09;179;Sem vítima;410,000;BR-163/MS;Decrescente;Colisão traseira;1;0;0;0;0;0;0;0;0;1;5;0;0;0;0
29/05/2022;18:35:47;187;Sem vítima;572,000;BR-163/MS;Crescente;Atropelamento de animal;0;0;0;0;0;0;0;0;0;1;3;0;0;0;0
30/05/2022;08:46:17;95;Sem vítima;734,630;BR-163/MS;Crescente;Choque;1;0;0;0;0;0;0;0;0;1;3;0;0;0;0
31/05/2022;18:45:35;218;Sem vítima;734,937;BR-163/MS;Decrescente;Choque;0;0;0;0;0;0;0;0;0;1;3;0;0;0;0
01/06/2022;04:06:46;14;Com vítima;611,630;BR-163/MS;Decrescente;Colisão transversal;0;0;0;1;0;2;0;0;0;0;0;2;0;0;0
02/06/2022;02:56:28;4;Sem vítima;586,670;BR-163/MS;Crescente;Atropelamento de animal;0;0;0;0;0;0;0;0;0;1;1;0;0;0;0
02/06/2022;08:44:36;72;Sem vítima;542,500;BR-163/MS;Decrescente;Colisão traseira;1;0;0;0;0;0;0;0;0;0;3;0;0;0;0
02/06/2022;12:56:25;135;Sem vítima;258,100;BR-163/MS;Decrescente;Colisão lateral no mesmo sentido;0;0;0;0;0;0;0;0;0;0;0;0;0;0;0
02/06/2022;16:00:47;187;Com vítima;772,424;BR-163/MS;Crescente;Atropelamento de animal;0;0;0;0;0;0;0;0;0;1;3;1;0;0;0
02/06/2022;17:41:04;205;Com vítima;456,410;BR-163/MS;Decrescente;Colisão transversal;2;0;0;0;0;0;0;0;0;0;1;0;2;0;0
03/06/2022;03:23:16;11;Sem vítima;240,000;BR-163/MS;Crescente;Atropelamento de animal;1;0;0;0;0;0;0;0;0;0;2;0;0;0;0
03/06/2022;04:41:28;19;Sem vítima;440,521;BR-163/MS;Crescente;Atropelamento de animal;0;0;0;0;0;0;0;0;0;1;1;0;0;0;0
03/06/2022;06:15:59;28;Com vítima;485,533;BR-163/MS;Crescente;Colisão lateral no mesmo sentido;0;0;0;1;0;0;0;0;0;1;1;1;0;0;0
03/06/2022;17:08:41;223;Com vítima;366,485;BR-163/MS;Decrescente;Colisão traseira;2;0;0;0;0;0;0;0;0;0;4;1;0;0;0
04/06/2022;15:05:17;192;Com vítima;834,150;BR-163/MS;Crescente;Queda de moto;0;0;0;1;0;0;0;0;0;0;0;1;0;0;0
04/06/2022;17:09:54;222;Sem vítima;19,900;BR-163/MS;Crescente;Colisão transversal;0;0;0;0;0;0;0;0;0;0;0;0;0;0;0
05/06/2022;06:14:51;21;Com vítima;646,449;BR-163/MS;Crescente;Queda de moto;0;0;0;1;0;0;0;0;0;0;0;1;0;0;0
05/06/2022;16:42:42;180;Sem vítima;485,436;BR-163/MS;Decrescente;Colisão traseira;0;0;0;0;0;0;0;0;0;2;7;0;0;0;0
06/06/2022;07:02:56;32;Sem vítima;257,629;BR-163/MS;Decrescente;Engavetamento;3;0;0;0;0;0;0;0;0;0;4;0;0;0;0
06/06/2022;07:38:12;39;Sem vítima;257,629;BR-163/MS;Crescente;Colisão traseira;2;0;0;0;0;0;0;0;0;0;2;0;0;0;0
06/06/2022;12:48:29;132;Com vítima;485,100;BR-163/MS;Crescente;Queda de moto;0;0;0;1;0;0;0;0;0;0;0;1;0;0;0
06/06/2022;13:32:41;145;Com vítima;622,685;BR-163/MS;Decrescente;Acidentes de outra natureza;1;0;0;0;0;0;0;0;0;0;0;3;0;0;0
07/06/2022;06:30:44;41;Sem vítima;500,200;BR-163/MS;Decrescente;Acidentes de outra natureza;1;0;0;0;0;0;0;0;0;0;1;0;0;0;0
07/06/2022;20:20:09;286;Sem vítima;409,126;BR-163/MS;Crescente;Atropelamento de animal;0;0;0;0;0;0;0;0;0;1;2;0;0;0;0
07/06/2022;21:04:38;291;Sem vítima;103,760;BR-163/MS;Decrescente;Choque;0;0;0;0;0;0;0;0;0;1;2;0;0;0;0
08/06/2022;20:55:38;318;Com vítima;669,221;BR-163/MS;Decrescente;Choque;1;0;0;0;0;0;0;0;0;0;0;2;0;0;0
10/06/2022;11:12:53;121;Sem vítima;527,294;BR-163/MS;Decrescente;Tombamento;0;0;0;0;0;2;0;0;0;0;0;0;0;0;0
10/06/2022;12:42:46;142;Sem vítima;527,520;BR-163/MS;Decrescente;Tombamento;0;0;0;0;0;4;0;0;0;0;0;0;0;0;0
10/06/2022;18:57:27;244;Sem vítima;384,000;BR-163/MS;Crescente;Atropelamento de animal;1;0;0;0;0;0;0;0;0;0;3;0;0;0;0
11/06/2022;01:37:40;11;Sem vítima;459,000;BR-163/MS;Decrescente;Colisão traseira;0;0;0;0;0;0;0;0;0;0;0;0;0;0;0
11/06/2022;13:57:41;151;Sem vítima;272,907;BR-163/MS;Decrescente;Choque;1;0;0;0;0;0;0;0;0;0;1;0;0;0;0
11/06/2022;18:11:24;195;Sem vítima;396,377;BR-163/MS;Crescente;Atropelamento de animal;1;0;0;0;0;0;0;0;0;0;5;0;0;0;0
11/06/2022;20:26:57;212;Sem vítima;500,715;BR-163/MS;Decrescente;Acidentes de outra natureza;1;0;0;0;0;0;0;0;0;0;1;0;0;0;0
12/06/2022;02:59:58;13;Sem vítima;258,000;BR-163/MS;Crescente;Choque;0;0;0;1;0;0;0;0;0;0;0;0;0;0;0
12/06/2022;04:49:36;18;Com vítima;783,121;BR-163/MS;Crescente;Capotamento;1;0;0;0;0;0;0;0;0;0;1;1;0;1;0
12/06/2022;11:58:09;102;Sem vítima;655,320;BR-163/MS;Decrescente;Tombamento;0;0;1;0;0;1;0;0;0;0;1;0;0;0;0
12/06/2022;13:01:19;109;Sem vítima;460,600;BR-163/MS;Decrescente;Colisão lateral no mesmo sentido;1;0;0;1;0;0;0;0;0;0;4;0;0;0;0
12/06/2022;21:47:03;191;Com vítima;187,468;BR-163/MS;Decrescente;Atropelamento de animal;0;0;0;1;0;0;0;0;0;0;0;1;0;0;0
13/06/2022;06:40:27;24;Com vítima;659,500;BR-163/MS;Decrescente;Queda de moto;0;0;0;1;0;0;0;0;0;0;1;1;0;0;0
13/06/2022;11:24:18;138;Com vítima;9,114;BR-163/MS;Crescente;Colisão frontal;2;0;0;0;0;0;0;0;0;0;0;1;0;1;0
13/06/2022;18:59:38;265;Sem vítima;126,587;BR-163/MS;Crescente;Colisão traseira;0;0;0;0;0;0;0;0;0;2;3;0;0;0;0
13/06/2022;21:22:27;289;Sem vítima;777,926;BR-163/MS;Decrescente;Atropelamento de animal;0;0;1;0;0;1;0;0;0;0;1;0;0;0;0
14/06/2022;15:55:59;250;Sem vítima;475,820;BR-163/MS;Crescente;Colisão transversal;1;0;0;0;0;0;0;0;0;1;3;0;0;0;0
15/06/2022;06:24:48;36;Sem vítima;603,400;BR-163/MS;Crescente;Colisão traseira;1;0;0;0;0;2;0;0;0;0;1;0;0;0;0
15/06/2022;07:50:26;65;Sem vítima;475,300;BR-163/MS;Decrescente;Colisão lateral no mesmo sentido;1;0;0;1;0;0;0;0;0;0;2;0;0;0;0
15/06/2022;14:48:33;240;Sem vítima;603,400;BR-163/MS;Crescente;Colisão traseira;1;0;1;0;0;0;0;0;0;0;2;0;0;0;0
15/06/2022;15:24:09;253;Com vítima;313,725;BR-163/MS;Crescente;Colisão traseira;1;0;0;0;0;0;0;0;0;1;1;1;0;0;0
15/06/2022;15:50:16;267;Sem vítima;681,640;BR-163/MS;Crescente;Colisão transversal;0;0;0;0;0;0;0;0;0;0;0;0;0;0;0
15/06/2022;17:52:38;317;Sem vítima;246,000;BR-163/MS;Decrescente;Choque;1;0;0;0;0;0;0;0;0;0;4;0;0;0;0
16/06/2022;03:22:35;14;Com vítima;257,600;BR-163/MS;Crescente;Queda de moto;0;0;0;1;0;0;0;0;0;0;1;1;0;0;0
16/06/2022;08:05:37;52;Sem vítima;251,884;BR-163/MS;Crescente;Colisão transversal;1;0;0;0;0;0;0;0;0;1;4;0;0;0;0
16/06/2022;10:19:08;105;Sem vítima;2,500;BR-163/MS;Crescente;Colisão traseira;0;0;0;0;0;0;0;0;0;0;0;0;0;0;0
16/06/2022;20:31:53;273;Com vítima;444,700;BR-163/MS;Crescente;Atropelamento de animal;0;0;0;0;0;0;0;0;0;1;5;1;0;0;0
17/06/2022;06:56:03;60;Com vítima;475,784;BR-163/MS;Crescente;Colisão transversal;1;0;0;1;0;0;0;0;0;0;1;1;0;0;0
17/06/2022;18:03:30;300;Sem vítima;375,760;BR-163/MS;Decrescente;Acidentes de outra natureza;0;0;0;0;0;0;0;0;0;1;3;0;0;0;0
17/06/2022;20:10:41;312;Com vítima;259,570;BR-163/MS;Decrescente;Colisão frontal;0;1;0;0;0;0;0;0;0;1;1;0;0;0;0
18/06/2022;01:47:45;4;Sem vítima;258,673;BR-163/MS;Crescente;Queda de moto;0;0;0;1;0;0;0;0;0;0;2;0;0;0;0
18/06/2022;23:19:58;277;Sem vítima;357,325;BR-163/MS;Decrescente;Atropelamento de animal;0;0;0;0;0;0;0;0;0;1;2;0;0;0;0
19/06/2022;02:47:18;14;Sem vítima;256,105;BR-163/MS;Decrescente;Atropelamento de animal;2;0;0;0;0;0;0;0;0;0;1;0;0;0;0
19/06/2022;05:45:38;27;Sem vítima;812,162;BR-163/MS;Crescente;Capotamento;1;0;0;0;0;0;0;0;0;0;2;0;0;0;0
19/06/2022;18:59:35;241;Sem vítima;278,644;BR-163/MS;Decrescente;Atropelamento de animal;0;0;0;0;0;0;0;0;0;0;0;0;0;0;0
19/06/2022;21:11:46;267;Com vítima;683,740;BR-163/MS;Decrescente;Tombamento;0;0;1;0;0;1;0;0;0;0;0;0;1;0;0
19/06/2022;23:12:35;280;Sem vítima;641,213;BR-163/MS;Crescente;Atropelamento de animal;1;0;0;0;0;0;0;0;0;0;3;0;0;0;0
20/06/2022;03:28:20;15;Com vítima;724,128;BR-163/MS;Crescente;Queda de moto;0;0;0;1;0;0;0;0;0;0;0;1;0;0;0
20/06/2022;05:44:56;27;Sem vítima;780,990;BR-163/MS;Crescente;Atropelamento de animal;0;0;1;0;0;0;0;0;0;0;0;0;0;0;0
20/06/2022;06:31:54;34;Sem vítima;200,501;BR-163/MS;Crescente;Choque;1;0;0;0;0;0;0;0;0;0;1;0;0;0;0
20/06/2022;07:56:28;64;Sem vítima;466,322;BR-163/MS;Crescente;Engavetamento;1;0;0;0;0;0;0;0;0;2;5;0;0;0;0
20/06/2022;09:20:31;99;Sem vítima;566,277;BR-163/MS;Decrescente;Choque;1;0;0;0;0;0;0;0;0;0;2;0;0;0;0
20/06/2022;10:06:44;119;Sem vítima;667,100;BR-163/MS;Crescente;Atropelamento de animal;0;0;0;0;0;0;0;0;0;1;1;0;0;0;0
20/06/2022;15:50:52;216;Com vítima;478,100;BR-163/MS;Decrescente;Queda de moto;0;0;0;1;0;0;0;0;0;0;0;0;1;0;0
20/06/2022;16:55:09;231;Com vítima;513,691;BR-163/MS;Decrescente;Capotamento;1;0;0;0;0;0;0;0;0;0;0;1;0;0;0
20/06/2022;18:03:05;242;Com vítima;330,991;BR-163/MS;Crescente;Colisão traseira;0;0;2;0;0;1;0;0;0;1;2;0;0;1;0
20/06/2022;19:31:25;256;Sem vítima;721,335;BR-163/MS;Crescente;Atropelamento de animal;0;0;0;0;0;0;0;0;0;1;2;0;0;0;0
21/06/2022;07:31:54;70;Sem vítima;21,600;BR-163/MS;Crescente;Colisão lateral no mesmo sentido;1;0;0;0;0;4;0;0;0;0;1;0;0;0;0
21/06/2022;11:01:48;134;Sem vítima;485,120;BR-163/MS;Crescente;Colisão traseira;0;0;1;0;1;0;0;0;0;0;4;0;0;0;0
21/06/2022;13:58:46;175;Sem vítima;603,410;BR-163/MS;Crescente;Colisão lateral no mesmo sentido;1;0;1;0;0;0;0;0;0;0;2;0;0;0;0
21/06/2022;14:09:27;179;Com vítima;251,360;BR-163/MS;Crescente;Colisão traseira;0;0;1;0;0;0;0;0;0;1;1;1;0;0;0
21/06/2022;18:50:35;244;Sem vítima;256,000;BR-163/MS;Decrescente;Colisão traseira;2;0;0;0;0;0;0;0;0;0;5;0;0;0;0
22/06/2022;00:59:49;7;Sem vítima;564,100;BR-163/MS;Crescente;Atropelamento de animal;0;0;0;0;0;0;0;0;0;1;1;0;0;0;0
22/06/2022;01:20:00;10;Sem vítima;380,200;BR-163/MS;Decrescente;Acidentes de outra natureza;0;0;0;0;0;0;0;0;0;0;0;0;0;0;0
22/06/2022;07:50:11;60;Sem vítima;146,100;BR-163/MS;Decrescente;Atropelamento de animal;1;0;0;0;0;0;0;0;0;0;1;0;0;0;0
23/06/2022;18:16:19;361;Sem vítima;808,577;BR-163/MS;Decrescente;Colisão traseira;1;0;0;0;0;1;0;0;0;0;1;0;0;0;0
23/06/2022;20:06:20;385;Sem vítima;415,791;BR-163/MS;Decrescente;Colisão traseira;0;0;2;0;0;2;0;0;0;0;2;0;0;0;0
24/06/2022;09:03:28;97;Sem vítima;217,400;BR-163/MS;Crescente;Atropelamento de animal;1;0;0;0;0;0;0;0;0;0;1;0;0;0;0
24/06/2022;16:12:59;239;Com vítima;526,140;BR-163/MS;Decrescente;Engavetamento;1;0;1;0;0;1;0;0;0;0;1;1;0;0;0
24/06/2022;16:41:14;246;Sem vítima;368,000;BR-163/MS;Decrescente;Colisão traseira;0;0;0;0;0;1;0;0;0;2;6;0;0;0;0
24/06/2022;18:10:22;260;Sem vítima;476,664;BR-163/MS;Decrescente;Capotamento;0;0;0;0;0;0;0;0;0;0;0;0;0;0;0