data;horario;n_da_ocorrencia;tipo_de_ocorrencia;km;trecho;sentido;tipo_de_acidente;automovel;bicicleta;caminhao;moto;onibus;outros;tracao_animal;transporte_de_cargas_especiais;trator_maquinas;utilitarios;ilesos;levemente_feridos;moderadamente_feridos;gravemente_feridos;mortos
24/06/2022;18:51:20;269;Sem vítima;623,130;BR-163/MS;Decrescente;Atropelamento de animal;1;0;0;0;0;0;0;0;0;0;2;0;0;0;0
25/06/2022;04:32:17;22;Com vítima;491,980;BR-163/MS;Crescente;Colisão frontal;0;0;0;2;0;0;0;0;0;0;0;0;0;2;0
25/06/2022;06:51:49;38;Sem vítima;368,314;BR-163/MS;Decrescente;Acidentes de outra natureza;0;0;0;0;0;2;0;0;0;0;0;0;0;0;0
25/06/2022;08:03:27;61;Com vítima;464,825;BR-163/MS;Decrescente;Queda de moto;0;0;0;1;0;0;0;0;0;0;0;1;1;0;0
25/06/2022;11:13:57;118;Sem vítima;463,500;BR-163/MS;Decrescente;Tombamento;1;0;0;0;0;0;0;0;0;0;2;0;0;0;0
25/06/2022;15:50:08;184;Sem vítima;251,743;BR-163/MS;Crescente;Atropelamento de animal;0;0;0;0;0;0;0;0;0;0;0;0;0;0;0
25/06/2022;18:06:30;207;Com vítima;628,341;BR-163/MS;Decrescente;Colisão lateral no mesmo sentido;0;0;0;0;0;2;0;0;0;1;1;1;0;0;0
25/06/2022;22:18:00;243;Sem vítima;297,556;BR-163/MS;Crescente;Colisão traseira;0;0;0;0;0;0;0;0;0;0;0;0;0;0;0
26/06/2022;08:56:08;72;Sem vítima;549,350;BR-163/MS;Crescente;Colisão lateral no mesmo sentido;0;0;2;0;0;1;0;0;0;0;3;0;0;0;0
26/06/2022;16:03:08;149;Sem vítima;487,929;BR-163/MS;Decrescente;Queda de moto;0;0;0;1;0;0;0;0;0;0;2;0;0;0;0
26/06/2022;19:27:06;199;Sem vítima;225,113;BR-163/MS;Decrescente;Choque;0;0;1;0;0;0;0;0;0;0;1;0;0;0;0
26/06/2022;22:02:46;217;Com vítima;417,344;BR-163/MS;Decrescente;Atropelamento de animal;0;0;0;1;0;0;0;0;0;0;0;1;0;0;0
27/06/2022;06:03:48;15;Sem vítima;310,451;BR-163/MS;Crescente;Atropelamento de animal;1;0;0;0;0;0;0;0;0;0;1;0;0;0;0
27/06/2022;06:38:57;33;Sem vítima;264,959;BR-163/MS;Decrescente;Colisão lateral no mesmo sentido;0;0;1;0;0;0;0;0;0;1;3;0;0;0;0
28/06/2022;02:16:57;10;Sem vítima;779,803;BR-163/MS;Decrescente;Atropelamento de animal;0;0;0;0;0;0;0;0;0;1;1;0;0;0;0
28/06/2022;10:11:02;164;Sem vítima;341,700;BR-163/MS;Crescente;Colisão traseira;1;0;0;0;0;0;0;0;0;0;1;0;0;0;0
28/06/2022;17:51:41;323;Com vítima;478,964;BR-163/MS;Crescente;Colisão transversal;0;0;0;1;0;0;0;0;0;1;2;1;0;0;0
29/06/2022;06:45:34;47;Sem vítima;485,150;BR-163/MS;Crescente;Colisão traseira;0;0;0;0;0;0;0;0;0;0;0;0;0;0;0
29/06/2022;06:58:06;50;Com vítima;485,251;BR-163/MS;Decrescente;Colisão lateral no mesmo sentido;1;0;0;0;0;2;0;0;0;0;1;0;1;0;0
29/06/2022;11:40:56;154;Com vítima;477,725;BR-163/MS;Decrescente;Colisão transversal;0;0;1;1;0;0;0;0;0;0;1;0;1;0;0
29/06/2022;12:19:14;164;Sem vítima;407,100;BR-163/MS;Crescente;Tombamento;0;0;1;0;0;0;0;0;0;0;1;0;0;0;0
30/06/2022;06:33:37;55;Sem vítima;661,401;BR-163/MS;Decrescente;Acidentes de outra natureza;0;0;0;0;0;0;0;0;0;0;0;0;0;0;0
30/06/2022;10:38:43;153;Sem vítima;20,540;BR-163/MS;Crescente;Queda de moto;1;0;0;1;0;0;0;0;0;0;0;0;0;0;0
30/06/2022;20:00:05;283;Com vítima;614,810;BR-163/MS;Decrescente;Colisão lateral no mesmo sentido;0;0;0;2;0;0;0;0;0;0;0;3;0;0;0
30/06/2022;20:12:57;286;Sem vítima;238,993;BR-163/MS;Decrescente;Atropelamento de animal;0;0;0;0;0;0;0;0;0;1;1;0;0;0;0
01/07/2022;06:10:51;33;Sem vítima;741,000;BR-163/MS;Decrescente;Colisão traseira;0;0;1;0;0;0;0;0;0;1;2;0;0;0;0
01/07/2022;18:08:54;279;Sem vítima;769,962;BR-163/MS;Decrescente;Atropelamento de animal;0;0;0;0;0;0;0;0;0;1;4;0;0;0;0
01/07/2022;18:19:20;281;Sem vítima;618,480;BR-163/MS;Decrescente;Capotamento;0;0;0;0;0;0;0;0;0;0;0;0;0;0;0
03/07/2022;00:36:30;7;Com vítima;204,244;BR-163/MS;Decrescente;Capotamento;1;0;0;0;0;0;0;0;0;0;0;1;0;0;0
03/07/2022;09:25:24;91;Sem vítima;743,301;BR-163/MS;Crescente;Tombamento;0;0;1;0;0;2;0;0;0;0;1;0;0;0;0
03/07/2022;16:19:52;193;Sem vítima;257,329;BR-163/MS;Crescente;Colisão traseira;2;0;0;0;0;0;0;0;0;0;2;0;0;0;0
03/07/2022;18:12:30;219;Com vítima;195,185;BR-163/MS;Crescente;Capotamento;1;0;0;0;0;0;0;0;0;0;0;0;0;1;0
03/07/2022;19:41:14;235;Sem vítima;439,200;BR-163/MS;Decrescente;Atropelamento de animal;1;0;0;0;0;0;0;0;0;0;3;0;0;0;0
03/07/2022;20:08:05;237;Com vítima;730,470;BR-163/MS;Crescente;Colisão frontal;0;0;0;0;1;0;0;0;0;1;3;0;0;1;0
04/07/2022;05:31:41;21;Com vítima;480,689;BR-163/MS;Crescente;Atropelamento de animal;1;0;1;0;0;1;0;0;0;0;2;1;0;0;0
04/07/2022;06:47:07;34;Sem vítima;415,970;BR-163/MS;Crescente;Colisão traseira;0;0;0;0;0;0;0;0;0;0;0;0;0;0;0
04/07/2022;07:14:20;45;Com vítima;415,970;BR-163/MS;Crescente;Colisão traseira;0;0;0;0;1;0;0;0;0;1;9;1;0;0;0
04/07/2022;12:34:33;152;Com vítima;822,241;BR-163/MS;Crescente;Colisão traseira;0;0;0;0;0;2;0;0;0;1;0;4;0;0;0
05/07/2022;06:45:37;41;Sem vítima;788,200;BR-163/MS;Crescente;Choque;0;0;1;0;0;0;0;0;0;0;2;0;0;0;0
05/07/2022;16:44:23;228;Sem vítima;227,250;BR-163/MS;Decrescente;Colisão traseira;1;0;1;0;0;1;0;0;0;0;3;0;0;0;0
05/07/2022;18:06:02;242;Sem vítima;258,890;BR-163/MS;Crescente;Engavetamento;1;0;2;0;0;3;0;0;0;0;3;0;0;0;0
05/07/2022;19:44:43;262;Sem vítima;539,100;BR-163/MS;Crescente;Atropelamento de animal;1;0;0;0;0;0;0;0;0;0;2;0;0;0;0
06/07/2022;12:14:31;148;Sem vítima;485,630;BR-163/MS;Decrescente;Engavetamento;1;0;1;0;0;3;0;0;0;0;2;0;0;0;0
06/07/2022;13:20:23;161;Com vítima;250,895;BR-163/MS;Decrescente;Colisão lateral no mesmo sentido;1;0;0;0;0;0;0;0;0;1;5;0;1;0;0
06/07/2022;15:26:32;195;Com vítima;408,322;BR-163/MS;Decrescente;Colisão traseira;0;0;0;1;0;1;0;0;0;0;0;1;0;1;0
06/07/2022;16:25:46;215;Sem vítima;162,412;BR-163/MS;Crescente;Atropelamento de animal;1;0;0;0;0;0;0;0;0;0;3;0;0;0;0
06/07/2022;17:37:33;232;Com vítima;479,964;BR-163/MS;Crescente;Colisão traseira;1;0;0;1;0;0;0;0;0;0;2;0;0;1;0
07/07/2022;07:21:00;49;Sem vítima;366,300;BR-163/MS;Decrescente;Acidentes de outra natureza;1;0;0;0;0;0;0;0;0;0;2;0;0;0;0
07/07/2022;13:11:45;167;Sem vítima;203,310;BR-163/MS;Crescente;Tombamento;0;0;0;0;0;2;0;0;0;0;0;0;0;0;0
08/07/2022;00:31:23;4;Sem vítima;505,902;BR-163/MS;Decrescente;Atropelamento de animal;0;0;0;0;0;0;0;0;0;1;3;0;0;0;0
08/07/2022;08:51:19;103;Sem vítima;72,394;BR-163/MS;Crescente;Tombamento;0;0;0;0;0;2;0;0;0;0;0;0;0;0;0
08/07/2022;21:38:14;294;Sem vítima;503,551;BR-163/MS;Decrescente;Atropelamento de pedestre;0;0;0;0;0;0;0;0;0;0;0;0;0;0;0
08/07/2022;21:44:28;296;Sem vítima;482,190;BR-163/MS;Crescente;Queda de moto;0;0;0;0;0;0;0;0;0;0;0;0;0;0;0
09/07/2022;13:56:26;153;Com vítima;264,501;BR-163/MS;Decrescente;Choque;0;1;0;0;0;0;0;0;0;0;0;0;0;0;0
10/07/2022;04:47:58;24;Sem vítima;18,146;BR-163/MS;Crescente;Choque;1;0;0;0;0;0;0;0;0;0;1;0;0;0;0
10/07/2022;08:45:38;72;Sem vítima;27,148;BR-163/MS;Decrescente;Choque;1;0;0;0;0;0;0;0;0;0;3;0;0;0;0
10/07/2022;16:49:07;184;Com vítima;419,950;BR-163/MS;Decrescente;Colisão transversal;1;0;0;1;0;0;0;0;0;0;2;0;1;0;0
10/07/2022;22:26:50;269;Sem vítima;479,508;BR-163/MS;Decrescente;Choque;1;0;0;0;0;0;0;0;0;0;1;0;0;0;0
11/07/2022;09:49:41;111;Com vítima;487,530;BR-163/MS;Crescente;Colisão transversal;0;0;0;1;0;0;0;0;0;0;1;1;0;0;0
12/07/2022;14:52:39;245;Com vítima;477,725;BR-163/MS;Crescente;Colisão traseira;1;0;0;1;0;0;0;0;0;0;2;2;0;0;0
12/07/2022;15:29:02;262;Com vítima;479,964;BR-163/MS;Decrescente;Colisão traseira;0;0;1;0;0;0;0;0;0;1;1;1;0;0;0
12/07/2022;18:00:57;294;Sem vítima;464,837;BR-163/MS;Decrescente;Tombamento;0;0;1;0;0;1;0;0;0;0;1;0;0;0;0
13/07/2022;04:27:24;8;Com vítima;834,888;BR-163/MS;Crescente;Capotamento;1;0;0;0;0;0;0;0;0;0;0;0;2;0;0
13/07/2022;11:05:56;126;Com vítima;39,203;BR-163/MS;Crescente;Colisão lateral no mesmo sentido;1;0;0;1;0;0;0;0;0;0;3;1;0;0;0
13/07/2022;15:05:23;179;Sem vítima;76,609;BR-163/MS;Crescente;Colisão traseira;0;0;0;0;0;0;0;0;0;2;7;0;0;0;0
13/07/2022;15:34:10;184;Com vítima;169,928;BR-163/MS;Decrescente;Colisão lateral no mesmo sentido;2;0;0;0;0;0;0;0;0;0;2;1;0;0;0
13/07/2022;17:03:30;198;Sem vítima;490,349;BR-163/MS;Crescente;Colisão lateral no mesmo sentido;0;0;0;0;0;0;0;0;0;0;0;0;0;0;0
15/07/2022;04:09:12;14;Com vítima;611,287;BR-163/MS;Crescente;Colisão traseira;1;0;1;0;0;1;0;0;0;0;2;3;0;0;0
15/07/2022;08:22:04;77;Com vítima;681,467;BR-163/MS;Crescente;Colisão transversal;0;0;0;1;0;0;0;0;0;1;0;2;0;0;0
15/07/2022;13:15:05;205;Sem vítima;491,120;BR-163/MS;Decrescente;Colisão transversal;1;0;0;0;0;0;0;0;0;1;4;0;0;0;0
15/07/2022;17:42:57;338;Sem vítima;260,000;BR-163/MS;Crescente;Acidentes de outra natureza;1;0;0;0;0;0;0;0;0;0;2;0;0;0;0
15/07/2022;21:04:33;377;Sem vítima;435,946;BR-163/MS;Crescente;Atropelamento de animal;1;0;0;0;0;0;0;0;0;0;4;0;0;0;0
16/07/2022;11:20:40;160;Com vítima;491,561;BR-163/MS;Decrescente;Colisão transversal;1;0;0;0;0;0;0;0;0;0;0;4;0;0;0
16/07/2022;14:09:33;207;Sem vítima;77,598;BR-163/MS;Decrescente;Colisão transversal;1;0;0;0;0;2;0;0;0;0;4;0;0;0;0
16/07/2022;18:08:45;290;Sem vítima;623,941;BR-163/MS;Decrescente;Colisão traseira;0;0;0;0;0;0;0;0;0;0;0;0;0;0;0
17/07/2022;05:09:48;20;Sem vítima;66,264;BR-163/MS;Decrescente;Colisão traseira;1;0;0;1;0;0;0;0;0;0;2;0;0;0;0
17/07/2022;14:39:42;224;Sem vítima;496,612;BR-163/MS;Decrescente;Acidentes de outra natureza;1;0;0;0;0;0;0;0;0;0;3;0;0;0;0
18/07/2022;07:29:08;46;Com vítima;754,379;BR-163/MS;Decrescente;Colisão traseira;1;0;0;0;0;0;0;0;0;1;4;1;0;0;0
18/07/2022;08:40:18;95;Com vítima;477,254;BR-163/MS;Crescente;Engavetamento;0;0;0;0;0;0;0;0;0;3;4;2;0;0;0
18/07/2022;11:04:54;176;Sem vítima;663,363;BR-163/MS;Decrescente;Tombamento;0;0;1;0;0;1;0;0;0;0;1;0;0;0;0
18/07/2022;16:10:15;281;Com vítima;484,484;BR-163/MS;Decrescente;Queda de moto;0;0;0;1;0;0;0;0;0;0;0;0;1;0;0
18/07/2022;19:48:15;339;Sem vítima;134,500;BR-163/MS;Crescente;Choque;0;0;1;0;0;1;0;0;0;0;1;0;0;0;0
19/07/2022;08:32:15;107;Sem vítima;279,279;BR-163/MS;Crescente;Colisão lateral no mesmo sentido;0;0;2;0;0;1;0;0;0;0;7;0;0;0;0
19/07/2022;13:23:15;243;Com vítima;331,510;BR-163/MS;Decrescente;Choque;0;0;0;2;0;2;0;0;0;0;1;1;0;0;0
19/07/2022;15:34:59;286;Sem vítima;6,952;BR-163/MS;Crescente;Acidentes de outra natureza;1;0;0;0;0;0;0;0;0;0;0;0;0;0;0
19/07/2022;19:13:35;335;Com vítima;289,280;BR-163/MS;Crescente;Queda de moto;0;0;0;1;0;0;0;0;0;0;0;2;0;0;0
20/07/2022;18:31:34;322;Com vítima;208,880;BR-163/MS;Decrescente;Colisão traseira;0;0;0;1;0;0;0;0;0;0;0;0;0;1;0
20/07/2022;20:55:15;348;Sem vítima;258,685;BR-163/MS;Decrescente;Queda de moto;0;0;0;1;0;0;0;0;0;0;1;0;0;0;0
20/07/2022;21:11:55;350;Sem vítima;516,000;BR-163/MS;Decrescente;Atropelamento de animal;1;0;0;0;0;0;0;0;0;0;2;0;0;0;0
20/07/2022;22:30:03;361;Sem vítima;666,620;BR-163/MS;Crescente;Colisão traseira;0;0;2;0;0;0;0;0;0;0;2;0;0;0;0
21/07/2022;05:17:00;31;Sem vítima;188,910;BR-163/MS;Crescente;Atropelamento de animal;1;0;0;0;0;0;0;0;0;0;3;0;0;0;0
21/07/2022;05:43:12;37;Sem vítima;75,834;BR-163/MS;Decrescente;Colisão frontal;0;0;0;0;0;0;0;0;0;0;0;0;0;0;0
21/07/2022;21:45:46;336;Sem vítima;336,200;BR-163/MS;Decrescente;Colisão traseira;0;0;1;0;0;3;0;0;0;0;1;0;0;0;0
22/07/2022;01:42:22;11;Sem vítima;468,385;BR-163/MS;Crescente;Atropelamento de animal;1;0;0;0;0;0;0;0;0;0;3;0;0;0;0
22/07/2022;02:26:09;14;Sem vítima;710,383;BR-163/MS;Decrescente;Tombamento;0;0;0;0;0;2;0;0;0;0;0;0;0;0;0
22/07/2022;06:16:50;29;Sem vítima;212,150;BR-163/MS;Decrescente;Colisão lateral no mesmo sentido;0;0;1;0;0;0;0;0;0;1;3;0;0;0;0
22/07/2022;06:44:31;38;Com vítima;9,500;BR-163/MS;Decrescente;Colisão transversal;1;0;0;0;0;0;0;0;0;1;2;1;0;0;0
22/07/2022;16:54:37;258;Com vítima;258,632;BR-163/MS;Crescente;Queda de moto;0;0;0;1;0;0;0;0;0;0;1;1;0;0;0
22/07/2022;19:25:35;286;Com vítima;537,704;BR-163/MS;Crescente;Atropelamento de animal;1;0;0;0;0;0;0;0;0;0;0;1;0;0;0
23/07/2022;10:48:05;149;Com vítima;695,461;BR-163/MS;Crescente;Capotamento;1;0;0;0;0;0;0;0;0;0;0;2;0;0;1
25/09/2022;19:24:17;315;Sem vítima;529,700;BR-163/MS;Decrescente;Acidentes de outra natureza;1;0;0;0;0;0;0;0;0;0;2;0;0;0;0
25/09/2022;21:37:10;359;Sem vítima;822,127;BR-163/MS;Crescente;Atropelamento de animal;1;0;0;0;0;0;0;0;0;0;4;0;0;0;0
25/09/2022;21:53:41;362;Sem vítima;822,127;BR-163/MS;Crescente;Atropelamento de animal;1;0;0;0;0;0;0;0;0;0;3;0;0;0;0
26/09/2022;08:56:01;96;Sem vítima;389,654;BR-163/MS;Decrescente;Capotamento;0;0;0;0;0;0;0;0;0;1;1;0;0;0;0
26/09/2022;12:48:30;157;Com vítima;11,554;BR-163/MS;Crescente;Capotamento;1;0;0;0;0;0;0;0;0;0;0;1;0;0;0
26/09/2022;13:06:29;162;Com vítima;264,594;BR-163/MS;Decrescente;Colisão lateral no mesmo sentido;1;0;0;1;0;0;0;0;0;0;2;1;0;0;0
26/09/2022;14:14:31;178;Sem vítima;821,548;BR-163/MS;Decrescente;Tombamento;0;0;0;0;0;2;0;0;0;0;0;0;0;0;0
27/09/2022;03:52:51;23;Sem vítima;837,461;BR-163/MS;Decrescente;Tombamento;0;0;0;0;0;0;0;0;0;1;1;0;0;0;0
27/09/2022;17:12:21;292;Sem vítima;253,800;BR-163/MS;Crescente;Engavetamento;1;0;0;0;0;2;0;0;0;1;2;0;0;0;0
27/09/2022;18:12:40;300;Com vítima;20,100;BR-163/MS;Decrescente;Colisão transversal;0;0;0;2;0;0;0;0;0;0;0;2;0;0;0
27/09/2022;18:55:50;332;Sem vítima;20,100;BR-163/MS;Decrescente;Colisão traseira;2;0;0;0;0;0;0;0;0;0;4;0;0;0;0
28/09/2022;13:58:29;256;Sem vítima;581,181;BR-163/MS;Crescente;Colisão lateral no mesmo sentido;0;0;0;0;0;0;0;0;0;0;0;0;0;0;0
28/09/2022;17:34:11;345;Sem vítima;6,855;BR-163/MS;Crescente;Colisão traseira;0;0;0;0;0;0;0;0;0;0;0;0;0;0;0
28/09/2022;18:40:43;361;Sem vítima;120,830;BR-163/MS;Decrescente;Atropelamento de animal;1;0;0;0;0;0;0;0;0;0;2;0;0;0;0
28/09/2022;19:58:13;378;Com vítima;76,283;BR-163/MS;Decrescente;Colisão lateral no mesmo sentido;0;0;1;0;0;1;0;0;0;1;1;3;0;0;0
30/09/2022;01:37:40;12;Com vítima;672,774;BR-163/MS;Decrescente;Queda de moto;0;0;0;1;0;0;0;0;0;0;0;1;0;0;0
30/09/2022;14:16:01;274;Com vítima;380,126;BR-163/MS;Decrescente;Colisão frontal;1;0;1;0;0;1;0;0;0;0;0;4;0;1;0
01/10/2022;01:49:52;10;Sem vítima;276,886;BR-163/MS;Crescente;Choque;1;0;0;0;0;0;0;0;0;0;1;0;0;0;0
01/10/2022;05:54:54;28;Sem vítima;270,720;BR-163/MS;Decrescente;Choque;1;0;0;0;0;0;0;0;0;0;2;0;0;0;0
01/10/2022;13:45:36;227;Sem vítima;464,800;BR-163/MS;Decrescente;Choque;0;0;1;0;0;0;0;0;0;0;1;0;0;0;0
01/10/2022;19:54:25;347;Com vítima;838,000;BR-163/MS;Crescente;Tombamento;0;1;0;0;0;0;0;0;0;0;0;0;0;0;0
01/10/2022;23:53:25;394;Com vítima;483,000;BR-163/MS;Decrescente;Atropelamento de pedestre;0;0;0;0;0;0;0;0;0;0;0;0;1;0;0
02/10/2022;04:21:48;13;Sem vítima;126,717;BR-163/MS;Crescente;Acidentes de outra natureza;1;0;0;0;0;0;0;0;0;0;1;0;0;0;0
02/10/2022;21:05:19;301;Com vítima;486,780;BR-163/MS;Crescente;Tombamento;0;1;0;0;0;0;0;0;0;0;0;0;0;0;0
02/10/2022;21:58:15;305;Sem vítima;253,604;BR-163/MS;Crescente;Colisão frontal;0;0;0;0;0;0;0;0;0;0;0;0;0;0;0
03/10/2022;03:54:08;15;Sem vítima;4,224;BR-163/MS;Decrescente;Acidentes de outra natureza;1;0;0;0;0;0;0;0;0;0;2;0;0;0;0
03/10/2022;11:16:03;212;Sem vítima;495,172;BR-163/MS;Crescente;Acidentes de outra natureza;1;0;0;0;0;0;0;0;0;0;3;0;0;0;0
03/10/2022;14:04:14;254;Sem vítima;484,950;BR-163/MS;Crescente;Colisão traseira;0;0;2;0;0;0;0;0;0;0;3;0;0;0;0
03/10/2022;18:50:39;336;Com vítima;166,970;BR-163/MS;Crescente;Atropelamento de pedestre;0;1;0;0;0;0;0;0;0;0;0;0;0;0;0
04/10/2022;06:42:19;37;Sem vítima;209,820;BR-163/MS;Crescente;Colisão traseira;0;0;2;0;0;1;0;0;0;0;2;0;0;0;0
04/10/2022;08:26:25;105;Sem vítima;651,872;BR-163/MS;Decrescente;Colisão traseira;0;0;0;0;0;2;0;0;0;1;1;0;0;0;0
04/10/2022;09:52:24;145;Sem vítima;714,887;BR-163/MS;Decrescente;Colisão lateral no mesmo sentido;1;0;1;0;0;0;0;0;0;0;5;0;0;0;0
04/10/2022;14:48:57;231;Sem vítima;613,541;BR-163/MS;Crescente;Colisão traseira;0;0;1;0;0;0;0;0;0;1;1;0;0;0;0
05/10/2022;09:21:58;156;Com vítima;124,241;BR-163/MS;Crescente;Queda de moto;0;0;0;1;0;0;0;0;0;0;0;1;0;0;0
05/10/2022;10:55:45;192;Sem vítima;475,000;BR-163/MS;Decrescente;Colisão traseira;1;0;1;0;0;1;0;0;0;0;2;0;0;0;0
05/10/2022;15:14:42;254;Com vítima;246,552;BR-163/MS;Crescente;Colisão transversal;0;0;0;1;0;0;0;0;0;0;1;1;0;0;0
05/10/2022;21:12:33;353;Com vítima;256,000;BR-163/MS;Crescente;Queda de moto;0;0;0;1;0;0;0;0;0;0;0;1;0;0;0
05/10/2022;22:15:58;357;Sem vítima;447,789;BR-163/MS;Crescente;Atropelamento de animal;0;0;0;0;0;0;0;0;0;1;1;0;0;0;0
06/10/2022;10:55:40;160;Com vítima;129,980;BR-163/MS;Crescente;Queda de moto;0;0;0;1;0;0;0;0;0;0;0;1;0;0;0
06/10/2022;14:27:53;203;Sem vítima;190,920;BR-163/MS;Decrescente;Acidentes de outra natureza;1;0;0;0;0;0;0;0;0;0;2;0;0;0;0
06/10/2022;15:06:13;213;Sem vítima;136,414;BR-163/MS;Crescente;Acidentes de outra natureza;0;0;1;0;0;2;0;0;0;0;1;0;0;0;0
06/10/2022;17:33:33;260;Sem vítima;251,961;BR-163/MS;Crescente;Engavetamento;2;0;0;1;0;0;0;0;0;0;4;0;0;0;0
06/10/2022;18:54:17;309;Com vítima;714,300;BR-163/MS;Crescente;Tombamento;0;0;1;0;0;0;0;0;0;0;0;1;0;0;0
07/10/2022;04:31:58;24;Sem vítima;567,884;BR-163/MS;Decrescente;Colisão lateral no mesmo sentido;1;0;0;0;0;0;0;0;0;0;4;0;0;0;0
07/10/2022;07:40:21;76;Com vítima;475,400;BR-163/MS;Decrescente;Colisão lateral no mesmo sentido;1;0;1;0;0;1;0;0;0;0;2;0;1;0;0
07/10/2022;12:44:22;189;Sem vítima;648,450;BR-163/MS;Crescente;Colisão transversal;1;0;1;0;0;1;0;0;0;0;4;0;0;0;0
07/10/2022;12:48:47;190;Com vítima;293,654;BR-163/MS;Crescente;Colisão frontal;2;0;0;0;0;0;0;0;0;0;0;2;0;0;0
08/10/2022;02:21:26;11;Sem vítima;270,590;BR-163/MS;Decrescente;Tombamento;1;0;0;0;0;0;0;0;0;0;2;0;0;0;0
08/10/2022;06:23:48;28;Sem vítima;630,227;BR-163/MS;Crescente;Atropelamento de animal;1;0;0;0;0;0;0;0;0;0;4;0;0;0;0
08/10/2022;07:11:44;41;Sem vítima;1,800;BR-163/MS;Crescente;Engavetamento;3;0;0;0;0;0;0;0;0;1;17;0;0;0;0
08/10/2022;08:52:12;103;Com vítima;341,500;BR-163/MS;Crescente;Colisão lateral no mesmo sentido;0;1;0;1;0;0;0;0;0;0;0;1;0;0;0
08/10/2022;09:30:00;118;Sem vítima;341,100;BR-163/MS;Decrescente;Colisão traseira;1;0;0;0;0;0;0;0;0;1;2;0;0;0;0
08/10/2022;12:11:57;194;Sem vítima;86,000;BR-163/MS;Crescente;Colisão lateral no mesmo sentido;1;0;0;0;0;0;0;0;0;0;2;0;0;0;0
08/10/2022;22:03:02;371;Com vítima;550,422;BR-163/MS;Decrescente;Tombamento;0;0;1;0;0;1;0;0;0;0;0;1;0;0;0
08/10/2022;22:13:44;373;Sem vítima;469,712;BR-163/MS;Crescente;Atropelamento de animal;1;0;0;0;0;0;0;0;0;0;1;0;0;0;0
09/10/2022;00:24:21;3;Sem vítima;533,779;BR-163/MS;Decrescente;Choque;1;0;0;0;0;0;0;0;0;0;2;0;0;0;0
09/10/2022;04:20:44;13;Sem vítima;256,540;BR-163/MS;Decrescente;Choque;1;0;0;0;0;0;0;0;0;0;1;0;0;0;0
09/10/2022;06:30:50;34;Sem vítima;281,500;BR-163/MS;Crescente;Queda de moto;0;0;0;0;0;0;0;0;0;0;0;0;0;0;0
09/10/2022;19:12:39;274;Sem vítima;6,775;BR-163/MS;Decrescente;Choque;1;0;0;0;0;0;0;0;0;0;3;0;0;0;0
09/10/2022;19:47:37;293;Sem vítima;344,799;BR-163/MS;Decrescente;Atropelamento de animal;1;0;1;0;0;0;0;0;0;0;1;0;0;0;0
09/10/2022;21:50:28;309;Com vítima;258,710;BR-163/MS;Decrescente;Colisão traseira;2;0;0;0;0;0;0;0;0;0;2;1;0;0;0
09/10/2022;23:17:15;312;Com vítima;210,376;BR-163/MS;Decrescente;Colisão transversal;1;1;0;0;0;0;0;0;0;0;0;0;0;0;0
09/10/2022;23:28:26;314;Com vítima;482,152;BR-163/MS;Crescente;Capotamento;1;0;0;0;0;0;0;0;0;0;0;0;1;0;0
09/10/2022;23:59:11;315;Sem vítima;210,376;BR-163/MS;Decrescente;Atropelamento de pedestre;0;0;0;0;0;0;0;0;0;0;0;0;0;0;0
10/10/2022;13:16:36;202;Com vítima;728,941;BR-163/MS;Crescente;Colisão frontal;1;0;0;1;0;0;0;0;0;0;1;1;0;0;0
10/10/2022;21:28:34;338;Sem vítima;238,443;BR-163/MS;Decrescente;Atropelamento de animal;1;0;0;0;0;0;0;0;0;0;2;0;0;0;0
11/10/2022;23:14:09;288;Sem vítima;248,500;BR-163/MS;Crescente;Choque;0;0;0;0;0;0;0;0;0;1;1;0;0;0;0
13/10/2022;00:28:10;2;Sem vítima;419,950;BR-163/MS;Crescente;Atropelamento de animal;0;0;0;0;0;0;0;0;0;1;5;0;0;0;0
13/10/2022;18:18:55;352;Com vítima;377,717;BR-163/MS;Crescente;Capotamento;1;0;1;0;0;1;0;0;0;0;2;1;0;0;0
13/10/2022;19:38:01;367;Com vítima;243,857;BR-163/MS;Decrescente;Colisão traseira;0;0;0;1;0;0;0;0;0;1;1;1;0;0;0
14/10/2022;08:19:27;80;Com vítima;688,646;BR-163/MS;Decrescente;Atropelamento de pedestre;0;0;1;0;0;0;0;0;0;0;1;1;0;0;0
15/10/2022;10:05:29;138;Sem vítima;257,150;BR-163/MS;Decrescente;Colisão traseira;1;0;0;0;0;0;0;0;0;0;1;0;0;0;0
15/10/2022;10:22:18;143;Sem vítima;24,700;BR-163/MS;Decrescente;Acidentes de outra natureza;0;0;0;0;0;0;0;0;0;1;1;0;0;0;0
15/10/2022;21:38:21;284;Sem vítima;277,282;BR-163/MS;Crescente;Queda de moto;0;0;0;1;0;0;0;0;0;0;2;0;0;0;0
15/10/2022;23:28:40;298;Com vítima;485,191;BR-163/MS;Decrescente;Atropelamento de pedestre;0;1;0;0;0;3;0;0;0;0;0;0;0;0;0