data;horario;n_da_ocorrencia;tipo_de_ocorrencia;km;trecho;sentido;tipo_de_acidente;automovel;bicicleta;caminhao;moto;onibus;outros;tracao_animal;transporte_de_cargas_especiais;trator_maquinas;utilitarios;ilesos;levemente_feridos;moderadamente_feridos;gravemente_feridos;mortos
16/10/2022;03:00:44;21;Sem vítima;10,126;BR-163/MS;Crescente;Tombamento;0;0;0;0;0;2;0;0;0;0;0;0;0;0;0
16/10/2022;13:42:19;178;Com vítima;600,500;BR-163/MS;Crescente;Tombamento;0;0;0;0;0;0;0;0;0;1;3;1;0;0;0
16/10/2022;17:44:41;229;Sem vítima;390,294;BR-163/MS;Crescente;Colisão traseira;1;0;0;0;0;0;0;0;0;1;7;0;0;0;0
16/10/2022;18:07:55;234;Com vítima;98,200;BR-163/MS;Decrescente;Queda de moto;0;0;0;1;0;0;0;0;0;0;1;1;0;0;0
16/10/2022;19:26:52;266;Com vítima;399,800;BR-163/MS;Crescente;Colisão traseira;1;0;0;0;0;0;0;0;0;1;1;3;0;0;0
16/10/2022;19:53:30;290;Sem vítima;722,950;BR-163/MS;Decrescente;Atropelamento de animal;0;0;0;0;0;0;0;0;0;1;0;0;0;0;0
17/10/2022;00:18:46;3;Sem vítima;1,700;BR-163/MS;Crescente;Choque;1;0;0;0;0;0;0;0;0;0;2;0;0;0;0
17/10/2022;03:50:34;12;Com vítima;614,800;BR-163/MS;Crescente;Colisão lateral no mesmo sentido;0;0;0;1;1;0;0;0;0;0;1;0;0;1;0
17/10/2022;14:01:38;269;Sem vítima;2,500;BR-163/MS;Crescente;Colisão traseira;1;0;0;0;0;0;0;0;0;1;4;0;0;0;0
17/10/2022;16:03:58;319;Sem vítima;485,630;BR-163/MS;Crescente;Colisão traseira;0;0;1;0;0;0;0;0;0;1;6;0;0;0;0
17/10/2022;16:30:04;321;Sem vítima;247,250;BR-163/MS;Crescente;Acidentes de outra natureza;0;0;0;0;0;0;0;0;0;1;2;0;0;0;0
19/10/2022;03:28:13;18;Sem vítima;34,668;BR-163/MS;Decrescente;Tombamento;0;0;0;0;0;2;0;0;0;0;0;0;0;0;0
19/10/2022;05:15:03;28;Sem vítima;210,864;BR-163/MS;Decrescente;Colisão lateral no mesmo sentido;0;0;0;0;0;0;0;0;0;0;0;0;0;0;0
19/10/2022;09:03:42;118;Sem vítima;212,900;BR-163/MS;Decrescente;Engavetamento;0;0;0;0;0;0;0;0;0;0;0;0;0;0;0
19/10/2022;18:34:02;330;Sem vítima;33,284;BR-163/MS;Decrescente;Colisão lateral no mesmo sentido;0;0;0;0;0;0;0;0;0;0;0;0;0;0;0
19/10/2022;19:25:59;351;Sem vítima;579,170;BR-163/MS;Decrescente;Choque;0;0;0;0;0;0;0;0;0;0;0;0;0;0;0
20/10/2022;01:11:13;7;Com vítima;477,725;BR-163/MS;Decrescente;Colisão transversal;0;0;0;0;0;0;0;0;0;1;0;0;1;0;0
20/10/2022;03:36:03;22;Sem vítima;267,000;BR-163/MS;Crescente;Choque;0;0;0;0;0;0;0;0;0;1;1;0;0;0;0
20/10/2022;04:51:50;27;Sem vítima;264,000;BR-163/MS;Crescente;Queda de moto;0;0;0;0;0;0;0;0;0;0;0;0;0;0;0
20/10/2022;09:30:44;135;Com vítima;37,500;BR-163/MS;Decrescente;Colisão traseira;0;0;1;0;0;1;0;0;0;1;1;0;1;0;0
20/10/2022;14:05:26;262;Com vítima;754,354;BR-163/MS;Decrescente;Queda de moto;0;0;0;1;0;0;0;0;0;0;0;1;0;0;0
20/10/2022;18:01:39;365;Sem vítima;485,654;BR-163/MS;Decrescente;Colisão traseira;1;0;1;0;0;0;0;0;0;0;2;0;0;0;0
20/10/2022;18:34:40;368;Sem vítima;238,000;BR-163/MS;Decrescente;Atropelamento de animal;1;0;0;0;0;0;0;0;0;0;0;0;0;0;0
20/10/2022;18:57:44;374;Sem vítima;237,200;BR-163/MS;Decrescente;Atropelamento de animal;1;0;0;0;0;0;0;0;0;0;1;0;0;0;0
21/10/2022;06:01:14;35;Sem vítima;499,112;BR-163/MS;Decrescente;Colisão lateral no mesmo sentido;1;0;0;0;1;0;0;0;0;0;15;0;0;0;0
21/10/2022;11:13:07;182;Com vítima;487,530;BR-163/MS;Decrescente;Atropelamento de pedestre;0;1;0;0;0;0;0;0;0;0;0;1;0;0;0
21/10/2022;17:26:22;377;Sem vítima;564,520;BR-163/MS;Crescente;Acidentes de outra natureza;1;0;0;0;0;0;0;0;0;0;1;0;0;0;0
21/10/2022;17:58:49;389;Com vítima;483,000;BR-163/MS;Crescente;Colisão transversal;1;0;0;1;0;0;0;0;0;0;2;1;0;0;0
22/10/2022;17:41:53;385;Sem vítima;533,824;BR-163/MS;Crescente;Colisão lateral no mesmo sentido;1;0;0;0;0;0;0;0;0;0;2;0;0;0;0
23/10/2022;00:37:49;4;Com vítima;110,150;BR-163/MS;Crescente;Queda de moto;0;0;0;1;0;0;0;0;0;0;0;1;0;0;0
23/10/2022;15:55:33;225;Sem vítima;793,657;BR-163/MS;Crescente;Atropelamento de animal;0;0;1;0;0;0;0;0;0;0;2;0;0;0;0
23/10/2022;18:39:21;258;Com vítima;144,850;BR-163/MS;Decrescente;Queda de moto;0;0;0;1;0;0;0;0;0;0;0;1;0;0;0
23/10/2022;19:29:57;296;Com vítima;614,216;BR-163/MS;Crescente;Colisão transversal;2;0;0;0;0;0;0;0;0;0;7;1;0;0;0
24/10/2022;03:30:00;16;Com vítima;350,851;BR-163/MS;Decrescente;Colisão frontal;0;0;0;0;1;0;0;0;0;1;1;4;2;1;3
24/10/2022;07:06:29;48;Sem vítima;513,254;BR-163/MS;Crescente;Acidentes de outra natureza;1;0;1;0;0;0;0;0;0;0;3;0;0;0;0
24/10/2022;09:10:13;122;Sem vítima;476,710;BR-163/MS;Crescente;Colisão transversal;2;0;0;0;0;0;0;0;0;0;2;0;0;0;0
24/10/2022;11:46:24;181;Com vítima;77,600;BR-163/MS;Decrescente;Colisão transversal;0;0;0;1;0;0;0;0;0;1;1;1;0;0;0
24/10/2022;17:02:24;282;Com vítima;256,100;BR-163/MS;Crescente;Queda de moto;0;0;0;1;0;0;0;0;0;0;0;0;1;0;0
24/10/2022;17:26:39;287;Com vítima;223,150;BR-163/MS;Crescente;Colisão lateral no mesmo sentido;0;0;0;1;0;1;0;0;0;0;0;0;1;0;0
24/10/2022;17:53:50;294;Com vítima;205,789;BR-163/MS;Decrescente;Choque;0;1;0;0;0;0;0;0;0;0;0;0;0;0;0
24/10/2022;20:05:13;317;Sem vítima;669,209;BR-163/MS;Decrescente;Choque;0;0;0;0;0;0;0;0;0;1;1;0;0;0;0
26/10/2022;05:02:04;45;Com vítima;486,200;BR-163/MS;Decrescente;Colisão traseira;1;0;0;0;0;0;0;0;0;1;3;0;1;0;0
26/10/2022;06:16:28;59;Com vítima;487,400;BR-163/MS;Decrescente;Tombamento;0;0;1;0;0;1;0;0;0;0;0;1;0;0;0
26/10/2022;16:37:22;309;Sem vítima;296,250;BR-163/MS;Crescente;Colisão lateral no mesmo sentido;1;0;0;0;0;2;0;0;0;1;3;0;0;0;0
26/10/2022;22:04:40;426;Com vítima;400,500;BR-163/MS;Decrescente;Queda de moto;0;0;0;1;0;0;0;0;0;0;0;2;0;0;0
27/10/2022;04:59:39;26;Com vítima;616,985;BR-163/MS;Crescente;Colisão transversal;0;0;0;1;0;0;0;0;0;1;1;1;0;0;0
27/10/2022;22:24:45;328;Sem vítima;792,758;BR-163/MS;Decrescente;Colisão traseira;0;0;1;0;0;3;0;0;0;0;1;0;0;0;0
27/10/2022;23:01:49;333;Sem vítima;383,501;BR-163/MS;Decrescente;Atropelamento de animal;0;0;0;0;0;0;0;0;0;1;1;0;0;0;0
28/10/2022;02:07:30;7;Com vítima;587,500;BR-163/MS;Crescente;Capotamento;0;0;0;0;0;0;0;0;0;1;0;0;1;0;0
28/10/2022;05:23:40;18;Com vítima;103,150;BR-163/MS;Decrescente;Queda de moto;0;0;0;1;0;0;0;0;0;0;0;0;1;0;0
28/10/2022;18:59:21;313;Com vítima;436,293;BR-163/MS;Decrescente;Atropelamento de animal;1;0;0;0;0;0;0;0;0;0;2;1;0;0;0
29/10/2022;07:23:13;63;Com vítima;455,100;BR-163/MS;Decrescente;Colisão transversal;1;0;0;0;0;4;0;0;0;1;4;0;1;1;0
29/10/2022;18:34:57;350;Com vítima;260,600;BR-163/MS;Crescente;Atropelamento de pedestre;1;0;0;0;0;0;0;0;0;0;1;1;0;0;0
29/10/2022;18:45:56;371;Com vítima;260,600;BR-163/MS;Crescente;Colisão traseira;0;0;0;1;0;0;0;0;0;1;1;0;0;0;1
29/10/2022;18:55:22;375;Sem vítima;537,897;BR-163/MS;Crescente;Atropelamento de animal;0;0;1;0;0;0;0;0;0;0;1;0;0;0;0
29/10/2022;20:23:59;408;Sem vítima;547,156;BR-163/MS;Crescente;Atropelamento de animal;1;0;0;0;0;0;0;0;0;0;3;0;0;0;0
30/10/2022;09:28:54;105;Sem vítima;418,950;BR-163/MS;Crescente;Colisão lateral no mesmo sentido;1;0;0;0;0;0;0;0;0;1;2;0;0;0;0
30/10/2022;14:47:06;184;Sem vítima;836,550;BR-163/MS;Crescente;Choque;0;0;1;0;0;2;0;0;0;0;1;0;0;0;0
30/10/2022;22:01:29;335;Com vítima;476,701;BR-163/MS;Crescente;Queda de moto;0;0;0;1;0;0;0;0;0;0;0;0;0;1;0
31/10/2022;05:10:39;20;Com vítima;273,500;BR-163/MS;Crescente;Tombamento;0;0;1;0;0;1;0;0;0;0;0;0;1;0;0
31/10/2022;13:57:59;150;Sem vítima;234,850;BR-163/MS;Crescente;Acidentes de outra natureza;0;0;0;0;0;0;0;0;0;1;2;0;0;0;0
31/10/2022;19:01:18;200;Com vítima;488,625;BR-163/MS;Crescente;Colisão traseira;0;0;1;1;0;0;0;0;0;0;1;0;0;0;1
01/11/2022;10:19:14;99;Com vítima;549,000;BR-163/MS;Crescente;Colisão transversal;0;0;0;1;0;0;0;0;0;1;1;1;0;0;0
01/11/2022;22:57:26;215;Com vítima;258,900;BR-163/MS;Decrescente;Atropelamento de pedestre;0;1;0;0;0;0;0;0;0;0;0;0;0;0;0
02/11/2022;08:19:29;64;Com vítima;550,510;BR-163/MS;Decrescente;Tombamento;0;0;1;0;0;2;0;0;0;0;0;1;0;0;0
03/11/2022;00:27:26;4;Com vítima;466,322;BR-163/MS;Decrescente;Queda de moto;0;0;0;1;0;0;0;0;0;0;0;1;0;0;0
03/11/2022;05:30:28;19;Sem vítima;655,500;BR-163/MS;Decrescente;Tombamento;0;0;0;0;0;0;0;0;0;1;1;0;0;0;0
03/11/2022;11:41:36;161;Com vítima;41,620;BR-163/MS;Crescente;Colisão traseira;1;0;0;0;1;0;0;0;0;0;0;4;0;0;0
03/11/2022;12:48:16;174;Com vítima;78,654;BR-163/MS;Crescente;Colisão frontal;1;0;0;0;0;0;0;0;0;1;2;1;0;0;0
03/11/2022;18:26:42;258;Com vítima;463,924;BR-163/MS;Crescente;Colisão frontal;0;0;1;0;0;1;0;0;0;1;2;0;1;0;0
03/11/2022;18:45:05;283;Com vítima;678,900;BR-163/MS;Decrescente;Colisão lateral no mesmo sentido;0;0;0;1;0;0;0;0;0;0;0;1;0;0;0
03/11/2022;19:27:29;298;Sem vítima;263,800;BR-163/MS;Crescente;Colisão lateral no mesmo sentido;0;0;0;1;0;0;0;0;0;1;1;0;0;0;0
04/11/2022;06:44:45;55;Com vítima;738,738;BR-163/MS;Crescente;Atropelamento de animal;0;0;0;1;0;0;0;0;0;0;0;1;0;0;0
04/11/2022;08:39:17;121;Com vítima;485,730;BR-163/MS;Decrescente;Colisão transversal;1;0;2;0;0;0;0;0;0;0;6;1;0;0;0
04/11/2022;16:47:08;267;Sem vítima;485,486;BR-163/MS;Decrescente;Acidentes de outra natureza;2;0;0;0;0;0;0;0;0;0;1;0;0;0;0
04/11/2022;18:40:33;296;Com vítima;251,250;BR-163/MS;Decrescente;Colisão frontal;0;0;0;1;0;0;0;0;0;1;4;0;0;0;1
05/11/2022;00:53:53;8;Sem vítima;667,800;BR-163/MS;Crescente;Capotamento;1;0;0;0;0;0;0;0;0;0;1;0;0;0;0
05/11/2022;07:23:30;63;Com vítima;480,990;BR-163/MS;Crescente;Colisão transversal;1;0;0;0;0;2;0;0;0;0;0;0;1;0;0
05/11/2022;08:41:35;121;Sem vítima;64,241;BR-163/MS;Decrescente;Colisão traseira;2;0;0;0;0;0;0;0;0;0;4;0;0;0;0
05/11/2022;20:19:48;303;Sem vítima;544,806;BR-163/MS;Decrescente;Colisão traseira;0;0;2;0;0;0;0;0;0;0;2;0;0;0;0
06/11/2022;05:29:16;17;Com vítima;690,381;BR-163/MS;Decrescente;Colisão lateral no mesmo sentido;1;0;0;0;0;3;0;0;0;0;0;0;0;0;1
06/11/2022;14:41:20;148;Com vítima;256,746;BR-163/MS;Decrescente;Acidentes de outra natureza;1;0;0;0;0;0;0;0;0;0;0;1;0;0;0
06/11/2022;18:50:32;224;Com vítima;262,450;BR-163/MS;Crescente;Tombamento;0;1;0;0;0;0;0;0;0;0;0;0;0;0;0
06/11/2022;19:36:07;235;Com vítima;18,700;BR-163/MS;Decrescente;Colisão traseira;1;0;0;1;0;0;0;0;0;0;0;2;0;0;0
06/11/2022;22:28:25;277;Sem vítima;463,681;BR-163/MS;Crescente;Atropelamento de animal;1;0;0;0;0;0;0;0;0;0;0;0;0;0;0
07/11/2022;10:52:15;150;Com vítima;259,494;BR-163/MS;Crescente;Colisão transversal;0;0;0;0;0;0;0;0;0;2;1;1;0;0;0
07/11/2022;13:07:03;181;Sem vítima;31,540;BR-163/MS;Decrescente;Colisão lateral no mesmo sentido;1;0;0;0;0;2;0;0;0;0;2;0;0;0;0
07/11/2022;17:43:08;238;Com vítima;682,280;BR-163/MS;Crescente;Colisão traseira;1;0;0;0;0;0;0;0;0;1;5;1;0;0;0
07/11/2022;23:32:54;306;Com vítima;77,323;BR-163/MS;Decrescente;Atropelamento de pedestre;0;0;0;0;0;0;0;0;0;0;0;1;0;0;0
08/11/2022;02:52:24;12;Sem vítima;452,909;BR-163/MS;Crescente;Atropelamento de animal;0;0;0;0;0;0;0;0;0;1;1;0;0;0;0
08/11/2022;08:58:44;124;Com vítima;487,530;BR-163/MS;Crescente;Colisão lateral no mesmo sentido;1;0;1;0;0;0;0;0;0;0;2;1;0;0;0
08/11/2022;14:44:04;247;Sem vítima;603,654;BR-163/MS;Decrescente;Colisão traseira;1;0;0;0;0;0;0;0;0;1;5;0;0;0;0
08/11/2022;15:59:21;267;Sem vítima;485,680;BR-163/MS;Decrescente;Engavetamento;1;0;0;0;0;2;0;0;0;1;3;0;0;0;0
08/11/2022;19:59:46;355;Sem vítima;813,400;BR-163/MS;Crescente;Colisão transversal;0;0;0;0;0;2;0;0;0;1;2;0;0;0;0
08/11/2022;20:14:49;358;Com vítima;393,562;BR-163/MS;Crescente;Atropelamento de pedestre;1;0;0;0;0;0;0;0;0;0;0;0;0;1;0
09/11/2022;00:50:19;10;Sem vítima;739,858;BR-163/MS;Decrescente;Atropelamento de animal;0;0;0;0;0;0;0;0;0;0;0;0;0;0;0
09/11/2022;06:56:09;90;Sem vítima;485,630;BR-163/MS;Decrescente;Colisão traseira;0;0;2;0;0;0;0;0;0;0;2;0;0;0;0
09/11/2022;07:00:17;92;Sem vítima;691,967;BR-163/MS;Crescente;Tombamento;0;0;0;0;0;2;0;0;0;0;0;0;0;0;0
09/11/2022;08:06:06;115;Com vítima;658,150;BR-163/MS;Crescente;Colisão traseira;0;0;3;0;0;4;0;0;0;0;3;1;0;0;0
09/11/2022;17:37:04;296;Com vítima;484,000;BR-163/MS;Crescente;Colisão lateral no mesmo sentido;0;1;0;1;0;0;0;0;0;0;0;0;1;0;0
09/11/2022;18:03:14;303;Com vítima;481,980;BR-163/MS;Decrescente;Atropelamento de pedestre;0;1;1;0;0;0;0;0;0;0;0;0;0;0;0
09/11/2022;18:27:01;308;Sem vítima;799,199;BR-163/MS;Decrescente;Colisão traseira;0;0;1;0;0;3;0;0;0;1;1;0;0;0;0
09/11/2022;21:42:36;402;Sem vítima;809,000;BR-163/MS;Decrescente;Atropelamento de animal;0;0;1;0;0;0;0;0;0;0;1;0;0;0;0
09/11/2022;21:44:07;403;Com vítima;810,175;BR-163/MS;Decrescente;Atropelamento de animal;0;0;0;1;0;0;0;0;0;0;0;0;1;0;0
10/11/2022;07:04:03;56;Sem vítima;267,990;BR-163/MS;Crescente;Engavetamento;0;0;0;0;0;0;0;0;0;3;5;0;0;0;0
10/11/2022;17:42:41;276;Sem vítima;486,247;BR-163/MS;Crescente;Colisão traseira;2;0;0;0;0;0;0;0;0;0;4;0;0;0;0
11/11/2022;03:24:16;9;Sem vítima;660,577;BR-163/MS;Decrescente;Atropelamento de animal;0;0;1;0;0;0;0;0;0;0;2;0;0;0;0
11/11/2022;06:55:59;58;Com vítima;484,711;BR-163/MS;Decrescente;Queda de moto;0;0;0;1;0;0;0;0;0;0;0;1;0;0;0
11/11/2022;07:13:25;65;Sem vítima;844,302;BR-163/MS;Crescente;Tombamento;0;0;0;0;0;2;0;0;0;0;0;0;0;0;0
11/11/2022;18:44:32;299;Com vítima;185,576;BR-163/MS;Decrescente;Capotamento;0;0;0;0;0;0;0;0;0;1;3;1;0;0;0
11/11/2022;19:05:10;304;Sem vítima;375,118;BR-163/MS;Crescente;Acidentes de outra natureza;1;0;0;0;0;0;0;0;0;0;2;0;0;0;0
12/11/2022;17:27:11;297;Sem vítima;533,322;BR-163/MS;Crescente;Colisão traseira;0;0;0;0;0;0;0;0;0;0;0;0;0;0;0
12/11/2022;18:53:46;343;Com vítima;42,490;BR-163/MS;Decrescente;Capotamento;0;0;0;0;0;0;0;0;0;1;2;1;0;0;0
12/11/2022;18:55:33;344;Sem vítima;518,000;BR-163/MS;Crescente;Atropelamento de animal;1;0;0;0;0;0;0;0;0;0;1;0;0;0;0
12/11/2022;20:05:32;358;Com vítima;108,525;BR-163/MS;Crescente;Queda de moto;0;0;0;1;0;0;0;0;0;0;0;0;1;0;0
12/11/2022;23:25:51;378;Sem vítima;117,142;BR-163/MS;Decrescente;Acidentes de outra natureza;0;0;0;0;0;0;0;0;0;1;1;0;0;0;0
13/11/2022;04:57:40;31;Sem vítima;261,800;BR-163/MS;Crescente;Acidentes de outra natureza;1;0;0;0;0;0;0;0;0;0;1;0;0;0;0
13/11/2022;06:08:42;46;Com vítima;39,763;BR-163/MS;Decrescente;Colisão transversal;0;0;0;1;0;2;0;0;0;0;0;0;0;0;1
13/11/2022;07:32:55;93;Com vítima;473,703;BR-163/MS;Crescente;Engavetamento;0;0;1;2;0;2;0;0;0;0;2;1;0;0;0
13/11/2022;16:40:05;207;Com vítima;10,900;BR-163/MS;Crescente;Colisão lateral no mesmo sentido;1;0;0;1;0;0;0;0;0;0;2;0;0;0;1
13/11/2022;18:52:07;257;Sem vítima;115,233;BR-163/MS;Crescente;Colisão transversal;1;0;0;0;0;0;0;0;0;0;5;0;0;0;0
13/11/2022;20:11:48;288;Sem vítima;170,291;BR-163/MS;Decrescente;Atropelamento de animal;1;0;0;0;0;0;0;0;0;0;1;0;0;0;0
13/11/2022;22:48:54;324;Com vítima;483,103;BR-163/MS;Crescente;Colisão transversal;0;0;0;0;0;2;0;0;0;1;0;0;1;1;0
14/11/2022;06:20:38;52;Sem vítima;601,100;BR-163/MS;Decrescente;Acidentes de outra natureza;1;0;0;0;0;0;0;0;0;0;1;0;0;0;0
14/11/2022;16:36:41;232;Com vítima;554,850;BR-163/MS;Decrescente;Queda de moto;0;0;0;1;0;0;0;0;0;0;0;2;0;0;0
14/11/2022;17:37:54;244;Com vítima;486,500;BR-163/MS;Crescente;Queda de moto;0;0;0;1;0;0;0;0;0;0;0;2;0;0;0
14/11/2022;18:27:10;273;Sem vítima;68,100;BR-163/MS;Crescente;Acidentes de outra natureza;1;0;0;0;0;0;0;0;0;0;1;0;0;0;0
14/11/2022;18:56:20;286;Com vítima;453,000;BR-163/MS;Crescente;Atropelamento de animal;0;0;0;1;0;0;0;0;0;0;0;1;0;0;0
16/11/2022;17:46:44;262;Sem vítima;36,851;BR-163/MS;Decrescente;Capotamento;0;0;0;0;0;0;0;0;0;1;1;0;0;0;0
17/11/2022;15:38:39;261;Com vítima;392,493;BR-163/MS;Decrescente;Colisão traseira;0;0;1;0;1;1;0;0;0;0;0;15;0;0;0
18/11/2022;09:38:16;169;Com vítima;548,365;BR-163/MS;Crescente;Colisão transversal;0;0;1;1;0;0;0;0;0;0;1;1;0;0;0
18/11/2022;16:06:22;287;Com vítima;393,500;BR-163/MS;Crescente;Tombamento;0;0;1;0;0;1;0;0;0;0;0;1;0;0;0
19/11/2022;04:25:15;29;Com vítima;486,311;BR-163/MS;Crescente;Colisão transversal;1;0;0;1;0;0;0;0;0;0;1;2;0;0;0
19/11/2022;09:36:30;133;Sem vítima;216,960;BR-163/MS;Decrescente;Colisão traseira;0;0;0;0;0;0;0;0;0;0;0;0;0;0;0
20/11/2022;04:26:10;25;Sem vítima;641,376;BR-163/MS;Decrescente;Atropelamento de animal;0;0;0;0;1;0;0;0;0;0;0;0;0;0;0
20/11/2022;09:02:43;109;Com vítima;737,294;BR-163/MS;Crescente;Tombamento;0;1;0;0;0;0;0;0;0;0;0;0;0;0;0
20/11/2022;13:16:28;171;Com vítima;681,188;BR-163/MS;Decrescente;Tombamento;0;1;0;0;0;0;0;0;0;0;0;0;0;0;0
20/11/2022;14:23:52;181;Sem vítima;776,539;BR-163/MS;Crescente;Colisão lateral no mesmo sentido;0;0;0;0;0;0;0;0;0;1;1;0;0;0;0
20/11/2022;19:42:43;252;Com vítima;483,975;BR-163/MS;Decrescente;Atropelamento de animal;0;0;0;1;0;0;0;0;0;0;0;0;0;2;0
20/11/2022;23:55:56;303;Sem vítima;318,330;BR-163/MS;Decrescente;Atropelamento de animal;0;0;0;0;0;0;0;0;0;1;1;0;0;0;0
21/11/2022;00:28:39;5;Sem vítima;283,189;BR-163/MS;Decrescente;Colisão lateral no mesmo sentido;0;0;0;0;0;0;0;0;0;0;0;0;0;0;0
21/11/2022;10:53:21;149;Sem vítima;82,100;BR-163/MS;Crescente;Queda de moto;0;0;0;1;0;0;0;0;0;0;1;0;0;0;0
21/11/2022;12:58:31;176;Com vítima;260,780;BR-163/MS;Crescente;Capotamento;1;0;0;0;0;0;0;0;0;0;0;1;0;0;0
21/11/2022;19:36:07;269;Sem vítima;431,836;BR-163/MS;Decrescente;Choque;1;0;0;0;0;0;0;0;0;0;1;0;0;0;0
21/11/2022;19:37:33;270;Sem vítima;330,429;BR-163/MS;Decrescente;Atropelamento de animal;1;0;0;0;0;0;0;0;0;0;2;0;0;0;0
21/11/2022;19:41:33;272;Sem vítima;569,528;BR-163/MS;Decrescente;Atropelamento de animal;0;0;0;0;0;0;0;0;0;1;2;0;0;0;0
21/11/2022;19:41:44;273;Sem vítima;569,528;BR-163/MS;Decrescente;Atropelamento de animal;1;0;0;0;0;0;0;0;0;0;5;0;0;0;0
21/11/2022;23:23:31;308;Sem vítima;569,206;BR-163/MS;Crescente;Atropelamento de animal;0;0;0;0;0;0;0;0;0;1;4;0;0;0;0
23/11/2022;05:09:30;29;Com vítima;682,610;BR-163/MS;Decrescente;Colisão transversal;0;0;0;1;0;2;0;0;0;0;0;1;1;0;0
23/11/2022;09:30:50;131;Sem vítima;42,545;BR-163/MS;Crescente;Colisão lateral no mesmo sentido;1;0;1;0;0;1;0;0;0;0;3;0;0;0;0
23/11/2022;15:23:25;207;Com vítima;477,335;BR-163/MS;Crescente;Queda de moto;0;0;0;1;0;0;0;0;0;0;0;0;1;0;0
24/11/2022;07:08:09;87;Com vítima;486,325;BR-163/MS;Crescente;Colisão lateral no mesmo sentido;1;0;0;1;0;0;0;0;0;0;1;1;0;0;0
24/11/2022;23:31:53;366;Sem vítima;697,553;BR-163/MS;Decrescente;Atropelamento de animal;0;0;0;0;0;0;0;0;0;1;1;0;0;0;0
26/11/2022;07:57:18;85;Com vítima;580,906;BR-163/MS;Crescente;Queda de moto;0;0;0;1;0;0;0;0;0;0;0;2;0;0;0
27/11/2022;07:52:29;91;Com vítima;639,870;BR-163/MS;Crescente;Colisão frontal;0;0;1;0;0;2;0;0;0;0;0;0;1;0;0
27/11/2022;21:04:31;293;Sem vítima;388,118;BR-163/MS;Decrescente;Atropelamento de animal;1;0;0;0;0;0;0;0;0;0;3;0;0;0;0
27/11/2022;22:31:30;310;Sem vítima;265,000;BR-163/MS;Decrescente;Colisão traseira;1;0;0;0;1;0;0;0;0;0;7;0;0;0;0
27/11/2022;23:43:33;319;Sem vítima;68,311;BR-163/MS;Crescente;Atropelamento de animal;1;0;0;0;0;0;0;0;0;0;2;0;0;0;0
28/11/2022;05:38:59;51;Com vítima;196,800;BR-163/MS;Crescente;Queda de moto;0;0;0;1;0;0;0;0;0;0;2;2;0;0;0
28/11/2022;12:05:41;204;Com vítima;530,990;BR-163/MS;Crescente;Colisão traseira;0;0;1;0;0;1;0;0;0;1;2;0;0;2;0
28/11/2022;13:17:31;220;Com vítima;581,224;BR-163/MS;Crescente;Queda de moto;0;0;0;1;0;0;0;0;0;0;0;0;2;0;0
28/11/2022;20:20:07;345;Com vítima;260,610;BR-163/MS;Decrescente;Atropelamento de animal;0;0;0;1;0;0;0;0;0;0;0;2;0;0;0
28/11/2022;20:57:21;354;Com vítima;260,610;BR-163/MS;Crescente;Choque;1;0;0;1;0;0;0;0;0;0;6;2;0;0;0
29/11/2022;02:48:57;22;Sem vítima;726,000;BR-163/MS;Crescente;Atropelamento de animal;0;0;0;0;0;0;0;0;0;1;2;0;0;0;0
29/11/2022;13:43:36;231;Com vítima;481,731;BR-163/MS;Crescente;Colisão frontal;1;0;1;0;0;0;0;0;0;0;1;1;1;0;0
29/11/2022;13:53:35;234;Com vítima;233,385;BR-163/MS;Crescente;Colisão traseira;0;0;0;0;0;0;0;0;0;2;2;1;0;0;0
29/11/2022;18:53:33;297;Com vítima;726,753;BR-163/MS;Decrescente;Colisão transversal;0;0;0;1;1;0;0;0;0;0;6;0;0;1;0
29/11/2022;20:45:33;315;Sem vítima;832,208;BR-163/MS;Decrescente;Atropelamento de animal;0;0;0;0;0;0;0;0;0;1;3;0;0;0;0
30/11/2022;05:53:37;20;Sem vítima;297,130;BR-163/MS;Crescente;Acidentes de outra natureza;0;0;1;0;0;0;0;0;0;0;1;0;0;0;0
30/11/2022;08:15:24;79;Com vítima;361,514;BR-163/MS;Crescente;Queda de moto;0;0;0;1;0;0;0;0;0;0;0;2;0;0;0
30/11/2022;14:21:13;207;Com vítima;748,262;BR-163/MS;Crescente;Acidentes de outra natureza;0;0;0;0;0;0;0;0;0;1;1;0;1;0;0
30/11/2022;16:49:37;252;Com vítima;235,332;BR-163/MS;Decrescente;Queda de moto;0;0;0;1;0;0;0;0;0;0;0;2;0;0;0
30/11/2022;19:54:32;305;Sem vítima;573,500;BR-163/MS;Crescente;Atropelamento de animal;0;0;0;0;0;0;0;0;0;1;2;0;0;0;0
30/11/2022;21:36:49;312;Sem vítima;34,396;BR-163/MS;Decrescente;Acidentes de outra natureza;0;0;0;0;0;2;0;0;0;0;0;0;0;0;0